repo,number,title,author,author_type,state,draft,created_at,updated_at,closed_at,merged_at,merged,merged_by,merged_by_type,additions,deletions,changed_files,commits,conversation_comments,review_comments,html_url,hours_to_merge,days_to_merge,closed_without_merge,teammate_merge
lsf,334,Test Form Creation and Approval Process - IN PROCESS,bryantal,User,closed,False,2022-05-31 17:01:03+00:00,2025-08-19T12:29:01Z,2025-08-19 12:28:57+00:00,,False,,,278,0,2,1,0,0,https://github.com/BCStudentSoftwareDevTeam/lsf/pull/334,,,True,False
lsf,335,Position Description Interface,bryantal,User,open,False,2022-05-31 17:06:09+00:00,2026-07-01T15:25:02Z,,,False,,,1655,94,30,59,0,0,https://github.com/BCStudentSoftwareDevTeam/lsf/pull/335,,,False,False
lsf,336,Labor Admin Overload Visibility #issue306,bryantal,User,closed,False,2022-05-31 17:07:13+00:00,2022-08-03T14:12:09Z,2022-08-03 14:12:04+00:00,2022-08-03 14:12:04+00:00,True,,,57,26,5,5,9,0,https://github.com/BCStudentSoftwareDevTeam/lsf/pull/336,1533.0808333333334,63.87836805555556,False,True
lsf,337,Overload Process Test Suites (#issue305),bryantal,User,open,False,2022-05-31 17:19:17+00:00,2026-07-01T15:25:03Z,,,False,,,135,1,2,12,0,0,https://github.com/BCStudentSoftwareDevTeam/lsf/pull/337,,,False,False
lsf,338,Format fin aid overload issue#321 NOT FINISHED! NEEDS A REVIEW,bryantal,User,closed,False,2022-05-31 17:20:20+00:00,2025-08-19T12:31:52Z,2025-08-19 12:31:52+00:00,,False,,,105,48,3,2,0,0,https://github.com/BCStudentSoftwareDevTeam/lsf/pull/338,,,True,False
lsf,339,Pull Spring and Fall terms out of the Term select - IN PROCESS,bryantal,User,closed,False,2022-05-31 17:21:16+00:00,2025-08-18T20:47:48Z,2025-08-18 20:47:44+00:00,,False,,,196,112,5,9,1,0,https://github.com/BCStudentSoftwareDevTeam/lsf/pull/339,,,True,False
lsf,340,Fixes My Current Students page to go to right place,bryantal,User,closed,False,2022-05-31 17:22:03+00:00,2023-04-26T12:52:29Z,2023-04-26 12:52:29+00:00,,False,,,17,19,3,1,1,0,https://github.com/BCStudentSoftwareDevTeam/lsf/pull/340,,,True,False
lsf,341,Add dates to primary checks,bryantal,User,closed,False,2022-05-31 17:23:01+00:00,2025-08-19T12:28:00Z,2025-08-19 12:27:55+00:00,,False,,,265,678,11,18,1,0,https://github.com/BCStudentSoftwareDevTeam/lsf/pull/341,,,True,False
lsf,360,Added Start Date and End Date on Labor History Modal,sreynit02,User,closed,False,2022-08-24 21:10:24+00:00,2022-08-25T14:32:23Z,2022-08-25 14:32:01+00:00,2022-08-25 14:32:01+00:00,True,,,7,1,1,2,0,0,https://github.com/BCStudentSoftwareDevTeam/lsf/pull/360,17.360277777777778,0.7233449074074074,False,True
lsf,361,Show pending form on student labor history page,thawpt,User,closed,False,2022-08-25 20:10:47+00:00,2022-09-16T12:02:25Z,2022-09-16 12:02:15+00:00,2022-09-16 12:02:15+00:00,True,tylerpar99,User,2,1,2,2,0,0,https://github.com/BCStudentSoftwareDevTeam/lsf/pull/361,519.8577777777778,21.66074074074074,False,True
lsf,367,Add note section for third party Approvers ,sreynit02,User,closed,False,2022-09-05 18:19:55+00:00,2022-11-21T15:24:10Z,2022-11-21 15:24:07+00:00,2022-11-21 15:24:07+00:00,True,,,75,43,10,23,7,2,https://github.com/BCStudentSoftwareDevTeam/lsf/pull/367,1845.07,76.87791666666666,False,True
lsf,383,Allow Supervisors Limited Student and Form Search Capabilities,bledsoef,User,closed,False,2022-09-19 14:15:01+00:00,2022-10-26T17:37:49Z,2022-10-26 17:37:44+00:00,2022-10-26 17:37:44+00:00,True,,,328,50,14,19,0,13,https://github.com/BCStudentSoftwareDevTeam/lsf/pull/383,891.3786111111111,37.140775462962964,False,True
lsf,384,Fixed dates showing when user leaves term management page,martinj2-dot,User,closed,False,2022-09-22 15:01:39+00:00,2022-09-23T20:07:29Z,2022-09-23 20:07:28+00:00,2022-09-23 20:07:28+00:00,True,sreynit02,User,8,6,1,2,0,0,https://github.com/BCStudentSoftwareDevTeam/lsf/pull/384,29.096944444444443,1.212372685185185,False,True
lsf,385,Supervisor UI enhancements 364,bledsoef,User,closed,True,2022-09-30 19:26:01+00:00,2022-10-07T13:44:57Z,2022-10-07 13:44:57+00:00,,False,,,58,13,6,12,1,0,https://github.com/BCStudentSoftwareDevTeam/lsf/pull/385,,,True,False
lsf,386,Turn Form Search into Supervisor Portal,bledsoef,User,closed,False,2022-10-12 12:57:10+00:00,2022-11-21T14:54:32Z,2022-11-21 14:54:24+00:00,2022-11-21 14:54:24+00:00,True,,,596,1497,18,26,4,4,https://github.com/BCStudentSoftwareDevTeam/lsf/pull/386,961.9538888888889,40.08141203703703,False,True
lsf,387,All labor admins and supervisors should be able to evaluate any student in their department.,tylerpar99,User,closed,False,2022-10-17 13:27:25+00:00,2022-12-07T20:50:41Z,2022-12-07 20:50:38+00:00,2022-12-07 20:50:38+00:00,True,,,633,1512,24,40,1,1,https://github.com/BCStudentSoftwareDevTeam/lsf/pull/387,1231.3869444444445,51.30778935185185,False,True
lsf,394,Introduce SupervisorDepartment Table to Allow Supervisors to add Other Supervisors to Their Departments,bledsoef,User,closed,False,2022-12-05 13:29:22+00:00,2023-08-29T16:24:43Z,2023-08-29 16:24:42+00:00,2023-08-29 16:24:42+00:00,True,,,301,51,13,19,0,14,https://github.com/BCStudentSoftwareDevTeam/lsf/pull/394,6410.922222222222,267.12175925925925,False,True
lsf,395,Supervisor search presets,tylerpar99,User,closed,False,2022-12-14 16:30:59+00:00,2023-08-29T16:24:45Z,2023-08-29 16:24:40+00:00,2023-08-29 16:24:40+00:00,True,,,596,232,20,66,1,7,https://github.com/BCStudentSoftwareDevTeam/lsf/pull/395,6191.894722222222,257.9956134259259,False,True
lsf,398,Allow Students and Supervisor to Withdraw Overload Forms,sreynit02,User,closed,False,2023-01-13 21:10:01+00:00,2023-01-31T20:15:14Z,2023-01-31 20:15:10+00:00,2023-01-31 20:15:10+00:00,True,AndersonStettner,User,30,14,3,1,0,0,https://github.com/BCStudentSoftwareDevTeam/lsf/pull/398,431.0858333333333,17.96190972222222,False,True
lsf,399,changed charfield to textfield and removed character limits,gahimbaref,User,closed,False,2023-01-18 15:38:34+00:00,2023-02-09T15:42:56Z,2023-02-09 15:42:52+00:00,2023-02-09 15:42:51+00:00,True,AndersonStettner,User,13,9,6,3,7,0,https://github.com/BCStudentSoftwareDevTeam/lsf/pull/399,528.0713888888889,22.002974537037037,False,True
lsf,400,updated lsf when modifying hours,sreynit02,User,closed,False,2023-01-19 22:00:12+00:00,2023-01-26T21:12:25Z,2023-01-26 21:12:24+00:00,,False,,,10,1,1,1,2,0,https://github.com/BCStudentSoftwareDevTeam/lsf/pull/400,,,True,False
lsf,401,Update students tracy 371,solijonovam,User,closed,False,2023-01-23 20:52:34+00:00,2023-02-10T20:27:52Z,2023-02-10 20:27:42+00:00,2023-02-10 20:27:41+00:00,True,,,115,8,5,5,0,0,https://github.com/BCStudentSoftwareDevTeam/lsf/pull/401,431.5852777777778,17.982719907407407,False,True
lsf,402,Date submitted eval 396,tylerpar99,User,closed,False,2023-01-26 21:23:56+00:00,2023-02-14T21:30:22Z,2023-02-14 21:30:17+00:00,2023-02-14 21:30:17+00:00,True,,,14,1,3,10,0,1,https://github.com/BCStudentSoftwareDevTeam/lsf/pull/402,456.10583333333335,19.004409722222224,False,True
lsf,403,Reset evals 397,solijonovam,User,closed,False,2023-02-01 20:57:01+00:00,2023-02-10T21:46:54Z,2023-02-10 21:46:54+00:00,2023-02-10 21:46:54+00:00,True,sreynit02,User,146,3,5,12,1,3,https://github.com/BCStudentSoftwareDevTeam/lsf/pull/403,216.83138888888888,9.034641203703703,False,True
lsf,404,Production,bledsoef,User,closed,False,2023-02-13 19:48:07+00:00,2023-02-13T19:51:14Z,2023-02-13 19:51:14+00:00,2023-02-13 19:51:14+00:00,True,,,86,39,3,13,0,0,https://github.com/BCStudentSoftwareDevTeam/lsf/pull/404,0.051944444444444446,0.0021643518518518518,False,True
lsf,406,Update departments account and org from Tracy.,tylerpar99,User,closed,False,2023-02-21 21:47:23+00:00,2025-08-18T20:44:49Z,2025-08-18 20:39:20+00:00,,False,,,53,11,6,3,1,3,https://github.com/BCStudentSoftwareDevTeam/lsf/pull/406,,,True,False
lsf,407,Add link to student overload reason for admins: issue 374,solijonovam,User,closed,False,2023-02-27 20:50:15+00:00,2023-03-23T20:08:06Z,2023-03-23 20:08:06+00:00,2023-03-23 20:08:06+00:00,True,sreynit02,User,24,14,3,6,0,0,https://github.com/BCStudentSoftwareDevTeam/lsf/pull/407,575.2975,23.97072916666667,False,True
lsf,409,Error student overload 373,solijonovam,User,closed,False,2023-03-20 20:52:28+00:00,2025-08-18T20:50:08Z,2025-08-18 20:50:06+00:00,2025-08-18 20:50:06+00:00,True,,,5,7,3,5,0,1,https://github.com/BCStudentSoftwareDevTeam/lsf/pull/409,21167.960555555557,881.9983564814816,False,True
lsf,413,Fewer form confirmation 381,tylerpar99,User,open,True,2023-04-26 19:07:12+00:00,2026-07-01T15:25:04Z,,,False,,,100,76,5,14,2,0,https://github.com/BCStudentSoftwareDevTeam/lsf/pull/413,,,False,False
lsf,416,updated pyodbc version,AndersonStettner,User,closed,False,2023-06-14 19:00:47+00:00,2023-07-18T18:28:16Z,2023-07-18 18:28:13+00:00,2023-07-18 18:28:13+00:00,True,AndersonStettner,User,3,3,1,3,0,0,https://github.com/BCStudentSoftwareDevTeam/lsf/pull/416,815.4572222222222,33.97738425925926,False,False
lsf,420,Added email button to email labor student position information,andersoncedu,User,closed,False,2023-08-25 15:13:48+00:00,2023-10-05T12:37:58Z,2023-10-05 12:37:55+00:00,2023-10-05 12:37:54+00:00,True,AndersonStettner,User,34,17,3,5,2,7,https://github.com/BCStudentSoftwareDevTeam/lsf/pull/420,981.4016666666666,40.89173611111111,False,True
lsf,421,Added endpoint for CELTS to hit to get CELTS labor info,AndersonStettner,User,closed,False,2023-08-25 16:44:28+00:00,2023-11-20T15:50:55Z,2023-11-20 15:50:52+00:00,2023-11-20 15:50:52+00:00,True,,,217,3,8,37,4,6,https://github.com/BCStudentSoftwareDevTeam/lsf/pull/421,2087.1066666666666,86.96277777777777,False,True
lsf,422,Dev Release,hoerstl,User,closed,False,2023-08-28 15:30:58+00:00,2023-08-29T13:36:38Z,2023-08-29 13:36:38+00:00,,False,,,1212,1717,54,160,0,0,https://github.com/BCStudentSoftwareDevTeam/lsf/pull/422,,,True,False
lsf,426,423 inactive supervisors,hoerstl,User,closed,False,2023-09-06 15:54:46+00:00,2023-12-08T16:58:48Z,2023-12-08 16:58:45+00:00,2023-12-08 16:58:45+00:00,True,AndersonStettner,User,43,13,7,19,2,7,https://github.com/BCStudentSoftwareDevTeam/lsf/pull/426,2233.066388888889,93.04443287037037,False,True
lsf,427,added button for resubmitting forms to banner,gahimbaref,User,closed,False,2023-09-08 21:17:35+00:00,2025-08-18T20:36:07Z,2025-08-18 20:36:06+00:00,,False,,,54,1,3,11,4,4,https://github.com/BCStudentSoftwareDevTeam/lsf/pull/427,,,True,False
lsf,428,425 inactive departments,hoerstl,User,closed,False,2023-09-12 21:32:58+00:00,2024-01-11T21:25:54Z,2024-01-11 21:25:54+00:00,2024-01-11 21:25:54+00:00,True,hoerstl,User,269,59,12,29,5,2,https://github.com/BCStudentSoftwareDevTeam/lsf/pull/428,2903.882222222222,120.99509259259258,False,False
lsf,429,417 adjustment error,hoerstl,User,closed,False,2023-09-18 15:26:21+00:00,2023-10-17T13:51:12Z,2023-10-17 13:51:09+00:00,2023-10-17 13:51:09+00:00,True,AndersonStettner,User,12,15,1,6,3,0,https://github.com/BCStudentSoftwareDevTeam/lsf/pull/429,694.4133333333333,28.933888888888887,False,True
lsf,430,424 supervisor department,andersoncedu,User,closed,False,2023-09-19 15:21:03+00:00,2024-04-02T13:08:31Z,2024-04-02 13:08:28+00:00,2024-04-02 13:08:28+00:00,True,AndersonStettner,User,232,39,11,26,4,42,https://github.com/BCStudentSoftwareDevTeam/lsf/pull/430,4701.790277777778,195.90792824074074,False,True
lsf,432,Fix tests in lsf issue431,andersoncedu,User,closed,False,2023-10-03 16:07:39+00:00,2023-10-25T17:31:19Z,2023-10-25 17:31:16+00:00,2023-10-25 17:31:16+00:00,True,AndersonStettner,User,12,4,2,1,1,0,https://github.com/BCStudentSoftwareDevTeam/lsf/pull/432,529.3936111111111,22.05806712962963,False,True
lsf,433,added staging env check to endpoints,AndersonStettner,User,closed,False,2023-11-20 16:30:50+00:00,2023-11-20T16:31:42Z,2023-11-20 16:31:37+00:00,2023-11-20 16:31:37+00:00,True,,,2,2,1,1,0,0,https://github.com/BCStudentSoftwareDevTeam/lsf/pull/433,0.013055555555555556,0.0005439814814814816,False,True
lsf,434,344 fix labor history ordering,doucoureb,User,closed,False,2024-02-13 19:30:06+00:00,2024-04-02T18:17:45Z,2024-04-02 18:17:42+00:00,2024-04-02 18:17:42+00:00,True,AndersonStettner,User,128,24,7,24,3,14,https://github.com/BCStudentSoftwareDevTeam/lsf/pull/434,1174.7933333333333,48.94972222222222,False,True
lsf,436,Containerize lsf,AndersonStettner,User,closed,False,2024-04-15 15:05:54+00:00,2024-04-16T13:46:31Z,2024-04-16 13:46:22+00:00,2024-04-16 13:46:22+00:00,True,,,72,369,9,7,0,0,https://github.com/BCStudentSoftwareDevTeam/lsf/pull/436,22.674444444444443,0.9447685185185185,False,True
lsf,437,converted line endings from LF to CRLF,bledsoef,User,closed,False,2024-08-29 20:18:00+00:00,2024-08-29T20:30:47Z,2024-08-29 20:28:45+00:00,2024-08-29 20:28:45+00:00,True,,,3605,3607,10,1,0,0,https://github.com/BCStudentSoftwareDevTeam/lsf/pull/437,0.17916666666666667,0.007465277777777778,False,True
lsf,438,Make Development Ready to Deploy,bledsoef,User,closed,False,2024-08-29 21:14:46+00:00,2024-09-06T04:00:01Z,2024-09-06 04:00:00+00:00,,False,,,0,39,2,1,2,0,https://github.com/BCStudentSoftwareDevTeam/lsf/pull/438,,,True,False
lsf,444,Fix supervisor portal errors,bledsoef,User,closed,False,2024-09-06 04:44:52+00:00,2024-10-04T19:06:41Z,2024-10-04 19:06:41+00:00,2024-10-04 19:06:41+00:00,True,stevensonmichel,User,3,46,3,7,5,2,https://github.com/BCStudentSoftwareDevTeam/lsf/pull/444,686.3636111111111,28.598483796296296,False,True
lsf,445,Refactor supervisor portal UI,bledsoef,User,closed,False,2024-09-06 05:21:50+00:00,2024-10-09T19:16:31Z,2024-10-09 19:16:31+00:00,2024-10-09 19:16:31+00:00,True,hoerstl,User,65,71,5,17,4,2,https://github.com/BCStudentSoftwareDevTeam/lsf/pull/445,805.9113888888888,33.5796412037037,False,True
lsf,447,Add additional form search filters,bledsoef,User,closed,False,2024-09-19 20:03:40+00:00,2024-11-05T19:06:20Z,2024-11-05 19:06:17+00:00,2024-11-05 19:06:17+00:00,True,,,437,333,5,33,2,1,https://github.com/BCStudentSoftwareDevTeam/lsf/pull/447,1127.0436111111112,46.960150462962964,False,True
lsf,459,Create simple and advanced views for supervisor portal,WackyWeaver,User,closed,False,2024-10-17 17:34:47+00:00,2024-11-19T19:35:04Z,2024-11-19 19:35:01+00:00,2024-11-19 19:35:01+00:00,True,,,176,43,3,37,0,3,https://github.com/BCStudentSoftwareDevTeam/lsf/pull/459,794.0038888888889,33.08349537037037,False,True
lsf,462,Add permission for admin students for New Labor Status Form,stevensonmichel,User,closed,False,2024-11-05 17:06:21+00:00,2024-11-18T20:09:15Z,2024-11-18 20:09:11+00:00,2024-11-18 20:09:11+00:00,True,bledsoef,User,6,1,2,4,0,2,https://github.com/BCStudentSoftwareDevTeam/lsf/pull/462,315.0472222222222,13.126967592592592,False,True
lsf,464,Fixed links to labor history and form history,bledsoef,User,closed,False,2024-11-22 20:14:49+00:00,2024-11-22T21:08:24Z,2024-11-22 21:06:59+00:00,2024-11-22 21:06:59+00:00,True,,,8,11,2,2,0,0,https://github.com/BCStudentSoftwareDevTeam/lsf/pull/464,0.8694444444444445,0.03622685185185185,False,True
lsf,466,Fix Tracy Connection in the Devcontainer,hoerstl,User,closed,True,2024-12-03 20:54:01+00:00,2025-08-18T20:34:50Z,2025-08-18 20:34:49+00:00,,False,,,14,9,1,2,3,0,https://github.com/BCStudentSoftwareDevTeam/lsf/pull/466,,,True,False
lsf,467,Email Student Confirmation - Student Approval/Denial,Karina-Agliullova,User,closed,False,2025-02-05 21:18:11+00:00,2025-03-20T15:53:58Z,2025-03-20 15:53:53+00:00,2025-03-20 15:53:53+00:00,True,,,492,200,38,26,1,4,https://github.com/BCStudentSoftwareDevTeam/lsf/pull/467,1026.595,42.774791666666665,False,True
lsf,473,Modified the reset database script to use required args,ojmakinde,User,closed,False,2025-03-28 19:09:37+00:00,2025-03-31T14:30:24Z,2025-03-31 14:30:24+00:00,2025-03-31 14:30:24+00:00,True,,,32,2,4,2,0,0,https://github.com/BCStudentSoftwareDevTeam/lsf/pull/473,67.3463888888889,2.806099537037037,False,True
lsf,474,Fixed text for Student Confirmation Page,Karina-Agliullova,User,closed,False,2025-04-01 18:12:02+00:00,2025-04-01T20:20:04Z,2025-04-01 20:20:04+00:00,2025-04-01 20:20:04+00:00,True,,,6,6,1,2,0,0,https://github.com/BCStudentSoftwareDevTeam/lsf/pull/474,2.133888888888889,0.08891203703703704,False,True
lsf,475,Email confirmation script updates for secondaries,Karina-Agliullova,User,closed,False,2025-04-01 21:22:25+00:00,2025-04-29T15:06:07Z,2025-04-29 15:06:07+00:00,,False,,,77,5,3,3,0,0,https://github.com/BCStudentSoftwareDevTeam/lsf/pull/475,,,True,False
lsf,477,Simple View Update: Student Focused,WackyWeaver,User,closed,False,2025-04-11 15:52:16+00:00,2025-04-30T20:55:13Z,2025-04-30 20:55:13+00:00,2025-04-30 20:55:13+00:00,True,WackyWeaver,User,37,10,1,11,1,0,https://github.com/BCStudentSoftwareDevTeam/lsf/pull/477,461.0491666666667,19.210381944444446,False,False
lsf,479,Fix for LSF Downloads + QOL Improvements,ojmakinde,User,closed,False,2025-04-18 17:18:32+00:00,2025-04-29T20:12:17Z,2025-04-29 20:12:13+00:00,2025-04-29 20:12:13+00:00,True,,,137,99,6,10,0,0,https://github.com/BCStudentSoftwareDevTeam/lsf/pull/479,266.89472222222224,11.120613425925926,False,True
lsf,486,added recent contributors and fixed dependency error,WackyWeaver,User,closed,False,2025-05-02 16:27:06+00:00,2025-08-18T20:46:43Z,2025-08-18 20:46:39+00:00,2025-08-18 20:46:39+00:00,True,,,20,0,2,1,0,0,https://github.com/BCStudentSoftwareDevTeam/lsf/pull/486,2596.3258333333333,108.18024305555555,False,True
lsf,487,Disable Download Button if Supervisor Portal Returns No Results,GalinaP7,User,closed,False,2025-06-25 19:05:45+00:00,2025-06-26T14:54:23Z,2025-06-26 14:54:13+00:00,2025-06-26 14:54:13+00:00,True,,,15,1,1,2,0,0,https://github.com/BCStudentSoftwareDevTeam/lsf/pull/487,19.807777777777776,0.825324074074074,False,True
lsf,488,improved the ui of the pending labor status forms based on the github…,jjijon7000,User,closed,False,2025-06-25 19:41:13+00:00,2025-06-26T19:15:49Z,2025-06-26 19:15:46+00:00,2025-06-26 19:15:46+00:00,True,,,10,2,3,1,0,0,https://github.com/BCStudentSoftwareDevTeam/lsf/pull/488,23.575833333333332,0.9823263888888888,False,True
lsf,490,Imported load_config function from loadConfig.py to contributors.py,mathew2005,User,closed,False,2025-06-26 18:31:32+00:00,2025-06-26T19:45:29Z,2025-06-26 19:45:26+00:00,2025-06-26 19:45:26+00:00,True,,,1,20,2,4,0,2,https://github.com/BCStudentSoftwareDevTeam/lsf/pull/490,1.2316666666666667,0.051319444444444445,False,True
lsf,491,Disabled The Download Button When No Data In Table,GalinaP7,User,closed,False,2025-06-26 18:55:21+00:00,2025-06-26T19:11:58Z,2025-06-26 19:10:55+00:00,2025-06-26 19:10:55+00:00,True,,,15,1,1,1,0,0,https://github.com/BCStudentSoftwareDevTeam/lsf/pull/491,0.2594444444444444,0.010810185185185185,False,True
lsf,492,Logout issue 451,RueHaile,User,closed,False,2025-07-03 14:26:42+00:00,2025-08-18T16:00:07Z,2025-08-18 16:00:07+00:00,,False,,,15,7,3,3,6,0,https://github.com/BCStudentSoftwareDevTeam/lsf/pull/492,,,True,False
lsf,493,resubmit button on approved forms,jjijon7000,User,closed,False,2025-07-03 14:58:08+00:00,2025-08-18T20:25:35Z,2025-08-18 20:25:31+00:00,,False,,,38,3,2,2,2,5,https://github.com/BCStudentSoftwareDevTeam/lsf/pull/493,,,True,False
lsf,494,Organizingtest - Reorganzing LSF Directory Structure,BesherKitaz,User,closed,False,2025-07-03 18:20:16+00:00,2025-10-29T17:54:16Z,2025-10-29 17:54:09+00:00,2025-10-29 17:54:09+00:00,True,,,1735,1666,43,43,1,19,https://github.com/BCStudentSoftwareDevTeam/lsf/pull/494,2831.5647222222224,117.98186342592594,False,True
lsf,495,Labor release form,Meatchema,User,closed,False,2025-07-10 19:45:39+00:00,2025-08-19T12:17:14Z,2025-08-19 12:17:11+00:00,2025-08-19 12:17:11+00:00,True,,,68,14,8,13,1,8,https://github.com/BCStudentSoftwareDevTeam/lsf/pull/495,952.5255555555556,39.68856481481482,False,True
lsf,497,Auto-focus on search bar in student search page,BesherKitaz,User,closed,False,2025-07-14 20:35:45+00:00,2025-07-22T20:10:08Z,2025-07-22 20:09:56+00:00,2025-07-22 20:09:56+00:00,True,,,7,1,2,2,0,0,https://github.com/BCStudentSoftwareDevTeam/lsf/pull/497,191.56972222222223,7.982071759259259,False,True
lsf,498,Pending Form Errors,GalinaP7,User,closed,False,2025-07-14 21:51:35+00:00,2025-07-29T15:31:37Z,2025-07-29 15:31:27+00:00,2025-07-29 15:31:27+00:00,True,,,603,49,6,25,0,13,https://github.com/BCStudentSoftwareDevTeam/lsf/pull/498,353.6644444444444,14.736018518518518,False,True
lsf,500,fixed Student Search results to show preferred name not legal first name,Arohasina,User,closed,False,2025-07-15 14:36:34+00:00,2025-07-22T19:40:29Z,2025-07-22 19:40:29+00:00,,False,,,1,1,1,1,2,0,https://github.com/BCStudentSoftwareDevTeam/lsf/pull/500,,,True,False
lsf,509,Download button issue,RueHaile,User,closed,False,2025-07-21 14:59:02+00:00,2025-08-18T16:37:52Z,2025-08-18 16:37:52+00:00,,False,,,40,11,4,3,1,8,https://github.com/BCStudentSoftwareDevTeam/lsf/pull/509,,,True,False
lsf,510,Approvedreluctantly 508,mathew2005,User,closed,True,2025-07-22 00:19:10+00:00,2025-08-19T12:35:01Z,2025-07-30 13:22:03+00:00,,False,,,18,35,13,2,0,0,https://github.com/BCStudentSoftwareDevTeam/lsf/pull/510,,,True,False
lsf,511,Creation of required-permissions branch,Jsmi8334,User,closed,False,2025-07-29 20:09:04+00:00,2025-08-01T15:03:01Z,2025-08-01 15:02:58+00:00,2025-08-01 15:02:58+00:00,True,,,71,15,2,2,0,0,https://github.com/BCStudentSoftwareDevTeam/lsf/pull/511,66.89833333333333,2.7874305555555554,False,True
lsf,512,Approvedreluctantly 508,jjijon7000,User,closed,False,2025-07-30 13:48:03+00:00,2025-08-19T12:35:00Z,2025-08-19 12:34:50+00:00,,False,,,18,35,13,2,1,0,https://github.com/BCStudentSoftwareDevTeam/lsf/pull/512,,,True,False
lsf,525,Default Term Correction,ojmakinde,User,closed,False,2025-08-22 15:36:36+00:00,2025-09-30T15:30:51Z,2025-09-30 15:30:51+00:00,2025-09-30 15:30:51+00:00,True,Karina-Agliullova,User,36,49,3,2,0,0,https://github.com/BCStudentSoftwareDevTeam/lsf/pull/525,935.9041666666667,38.996006944444446,False,True
lsf,528,Optimize Supervisor Portal Loading Time,ojmakinde,User,closed,False,2025-09-02 19:19:10+00:00,2025-09-08T20:31:28Z,2025-09-08 20:31:27+00:00,,False,,,40,34,4,7,2,0,https://github.com/BCStudentSoftwareDevTeam/lsf/pull/528,,,True,False
lsf,529,Dynamic search and load time optimization,JohnCox2211,User,closed,False,2025-09-08 20:28:14+00:00,2025-11-19T19:36:09Z,2025-11-19 19:29:34+00:00,2025-11-19 19:29:34+00:00,True,,,429,201,5,45,1,1,https://github.com/BCStudentSoftwareDevTeam/lsf/pull/529,1727.0222222222221,71.95925925925926,False,True
lsf,532,Created Pull Request Template,ojmakinde,User,closed,False,2025-09-11 16:35:03+00:00,2025-09-11T16:38:44Z,2025-09-11 16:38:40+00:00,2025-09-11 16:38:39+00:00,True,,,14,0,1,2,0,0,https://github.com/BCStudentSoftwareDevTeam/lsf/pull/532,0.06,0.0025,False,True
lsf,535,Student can approve from labor history form,ali-ramazani,User,closed,False,2025-09-12 14:03:21+00:00,2025-09-12T14:08:51Z,2025-09-12 14:08:51+00:00,,False,,,1684,1613,40,33,1,0,https://github.com/BCStudentSoftwareDevTeam/lsf/pull/535,,,True,False
lsf,538,Add 'Approve' button in labor history form labor modal,ali-ramazani,User,closed,False,2025-09-12 14:21:34+00:00,2025-11-24T18:02:26Z,2025-11-24 18:02:21+00:00,2025-11-24 18:02:21+00:00,True,,,13,1,3,7,7,1,https://github.com/BCStudentSoftwareDevTeam/lsf/pull/538,1755.6797222222222,73.15332175925926,False,True
lsf,539,added flash message,bakobagassas,User,closed,False,2025-09-16 18:08:35+00:00,2025-10-03T14:59:05Z,2025-10-03 14:58:54+00:00,,False,,,1,1,1,1,0,0,https://github.com/BCStudentSoftwareDevTeam/lsf/pull/539,,,True,False
lsf,540,Administrator remove fix,JohnCox2211,User,closed,False,2025-09-16 20:23:25+00:00,2025-11-11T17:43:31Z,2025-11-11 17:43:27+00:00,2025-11-11 17:43:27+00:00,True,,,188,176,4,16,6,6,https://github.com/BCStudentSoftwareDevTeam/lsf/pull/540,1341.3338888888889,55.88891203703704,False,True
lsf,541,Form expiration script,RueHaile,User,closed,False,2025-09-23 22:26:08+00:00,2025-11-20T22:13:50Z,2025-11-20 22:13:30+00:00,,False,,,175,22,9,15,5,15,https://github.com/BCStudentSoftwareDevTeam/lsf/pull/541,,,True,False
lsf,542,Labor history status,JohnCox2211,User,closed,False,2025-09-29 21:11:13+00:00,2025-11-07T19:48:54Z,2025-11-07 19:48:51+00:00,2025-11-07 19:48:51+00:00,True,,,48,14,4,18,5,0,https://github.com/BCStudentSoftwareDevTeam/lsf/pull/542,934.6272222222223,38.94280092592593,False,True
lsf,544,Flash message after form approval,JohnCox2211,User,closed,False,2025-10-13 19:28:29+00:00,2025-11-11T17:49:00Z,2025-11-11 17:49:00+00:00,2025-11-11 17:49:00+00:00,True,,,13,11,3,10,6,0,https://github.com/BCStudentSoftwareDevTeam/lsf/pull/544,694.3419444444445,28.930914351851854,False,True
lsf,546,Labor release form admin,RueHaile,User,closed,False,2025-10-16 21:44:14+00:00,2025-11-25T21:25:14Z,2025-11-25 21:25:11+00:00,2025-11-25 21:25:11+00:00,True,,,220,37,10,42,10,20,https://github.com/BCStudentSoftwareDevTeam/lsf/pull/546,959.6825,39.98677083333333,False,True
lsf,550,527 student reasons,Kafui123,User,open,False,2025-11-13 01:43:39+00:00,2026-07-01T15:25:04Z,,,False,,,300,92,29,35,4,13,https://github.com/BCStudentSoftwareDevTeam/lsf/pull/550,,,False,False
lsf,551,505 student approval for modified and adjusted forms,Meatchema,User,open,True,2025-11-13 21:25:29+00:00,2026-07-01T15:25:05Z,,,False,,,211,16,10,14,0,0,https://github.com/BCStudentSoftwareDevTeam/lsf/pull/551,,,False,False
lsf,556,Overload modal fix,BesherKitaz,User,open,False,2025-12-17 19:50:54+00:00,2026-07-01T15:25:07Z,,,False,,,76,35,2,2,0,0,https://github.com/BCStudentSoftwareDevTeam/lsf/pull/556,,,False,False
lsf,558,Labor History datetime Quick Fix,JohnCox2211,User,closed,False,2026-01-20 20:09:19+00:00,2026-01-21T23:15:06Z,2026-01-21 23:15:06+00:00,2026-01-21 23:15:06+00:00,True,MImran2002,User,1,2,1,1,1,0,https://github.com/BCStudentSoftwareDevTeam/lsf/pull/558,27.09638888888889,1.1290162037037037,False,True
lsf,563,Overload Information in Labor History Enhancement,JohnCox2211,User,closed,False,2026-01-29 20:29:47+00:00,2026-06-05T20:20:56Z,2026-06-05 20:20:56+00:00,2026-06-05 20:20:55+00:00,True,MImran2002,User,97,55,4,19,10,19,https://github.com/BCStudentSoftwareDevTeam/lsf/pull/563,3047.8522222222223,126.9938425925926,False,True
lsf,564,Erratic loads,RueHaile,User,closed,False,2026-02-02 21:40:57+00:00,2026-04-14T20:36:11Z,2026-04-14 20:36:10+00:00,2026-04-14 20:36:10+00:00,True,MImran2002,User,69,34,5,24,12,8,https://github.com/BCStudentSoftwareDevTeam/lsf/pull/564,1702.9202777777778,70.95501157407408,False,True
lsf,565,Requirements.txt Upgrades,ojmakinde,User,open,False,2026-02-27 18:33:17+00:00,2026-07-01T15:25:07Z,,,False,,,117,92,6,3,0,0,https://github.com/BCStudentSoftwareDevTeam/lsf/pull/565,,,False,False
lsf,566,Tracy dependency,MImran2002,User,open,False,2026-03-04 19:13:41+00:00,2026-07-01T15:25:08Z,,,False,,,616,157,21,11,0,3,https://github.com/BCStudentSoftwareDevTeam/lsf/pull/566,,,False,False
lsf,567,Removed evaluation column from term management page,Jonimz,User,closed,False,2026-03-16 18:56:02+00:00,2026-09-16T15:08:24Z,2026-09-16 15:08:20+00:00,2026-09-16 15:08:20+00:00,True,,,11,1053,14,33,2,5,https://github.com/BCStudentSoftwareDevTeam/lsf/pull/567,4412.205,183.841875,False,True
lsf,568,Overload reason responsive,MImran2002,User,closed,False,2026-03-16 23:19:37+00:00,2026-03-18T14:26:49Z,2026-03-18 14:26:39+00:00,,False,,,786,190,21,10,1,0,https://github.com/BCStudentSoftwareDevTeam/lsf/pull/568,,,True,False
lsf,569,sidebar made responsive,MImran2002,User,closed,False,2026-03-18 14:11:50+00:00,2026-03-25T20:55:45Z,2026-03-25 20:55:45+00:00,2026-03-25 20:55:45+00:00,True,Arohasina,User,109,16,6,4,3,2,https://github.com/BCStudentSoftwareDevTeam/lsf/pull/569,174.73194444444445,7.2804976851851855,False,True
lsf,570,Labor History Form Ordering,JohnCox2211,User,closed,False,2026-03-26 20:01:55+00:00,2026-04-01T19:16:48Z,2026-04-01 19:16:48+00:00,2026-04-01 19:16:48+00:00,True,Arohasina,User,4,3,1,3,0,2,https://github.com/BCStudentSoftwareDevTeam/lsf/pull/570,143.24805555555557,5.968668981481482,False,True
lsf,571,526 contrasting confirmation messages,Kafui123,User,closed,False,2026-04-02 18:53:52+00:00,2026-09-15T15:26:08Z,2026-09-15 15:26:07+00:00,2026-09-15 15:26:07+00:00,True,bakobagassas,User,447,391,14,34,4,29,https://github.com/BCStudentSoftwareDevTeam/lsf/pull/571,3980.5375,165.85572916666666,False,True
lsf,581,this change is made because term with recent peewee update is broken …,MImran2002,User,closed,False,2026-06-08 16:15:05+00:00,2026-06-10T14:23:23Z,2026-06-10 14:23:20+00:00,2026-06-10 14:23:19+00:00,True,,,1,1,1,1,0,0,https://github.com/BCStudentSoftwareDevTeam/lsf/pull/581,46.13722222222222,1.9223842592592593,False,True
lsf,582,Issue #574 rename Labor Program,conwelld,User,open,False,2026-06-16 20:14:59+00:00,2026-08-05T15:19:03Z,,,False,,,51,51,11,19,2,2,https://github.com/BCStudentSoftwareDevTeam/lsf/pull/582,,,False,False
lsf,583,Fixed issue #531; Now  remove and discard has consistant msg flash color,nahom70,User,open,False,2026-06-17 19:58:46+00:00,2026-07-09T13:34:52Z,,,False,,,21,15,6,7,2,3,https://github.com/BCStudentSoftwareDevTeam/lsf/pull/583,,,False,False
lsf,584,Add Visual Indicators for Administration Nav Menu Fix,ACBerea,User,closed,False,2026-06-18 17:34:50+00:00,2026-06-22T18:12:31Z,2026-06-22 17:58:49+00:00,2026-06-22 17:58:49+00:00,True,,,15,4,3,8,0,0,https://github.com/BCStudentSoftwareDevTeam/lsf/pull/584,96.39972222222222,4.016655092592592,False,True
lsf,586,Highlight inactive students and supervisors in pending forms,BhushanSah,User,closed,False,2026-06-19 14:24:22+00:00,2026-06-22T20:23:07Z,2026-06-22 20:23:03+00:00,2026-06-22 20:23:03+00:00,True,,,51,9,4,7,0,3,https://github.com/BCStudentSoftwareDevTeam/lsf/pull/586,77.97805555555556,3.249085648148148,False,True
lsf,587,Remove old function calls from pending forms page,NYABUTOA,User,closed,False,2026-06-19 18:45:51+00:00,2026-07-06T21:11:46Z,2026-07-06 21:11:45+00:00,,False,,,4,4,1,4,2,0,https://github.com/BCStudentSoftwareDevTeam/lsf/pull/587,,,True,False
lsf,588,Add a CCE Minor Note feature attached to the Notes section in the User profile,munsakad,User,closed,False,2026-06-19 20:56:44+00:00,2026-06-19T21:01:07Z,2026-06-19 21:01:07+00:00,,False,,,5,5,1,1,0,0,https://github.com/BCStudentSoftwareDevTeam/lsf/pull/588,,,True,False
lsf,589,Added more details in the email tracker. Redacts new information,fritzj2,User,open,False,2026-06-22 20:41:24+00:00,2026-09-15T20:07:19Z,,,False,,,41,12,5,21,3,8,https://github.com/BCStudentSoftwareDevTeam/lsf/pull/589,,,False,False
lsf,590,Add --skip-ssl fix to readme,BetterRocket,User,closed,False,2026-06-22 21:13:13+00:00,2026-06-23T13:42:33Z,2026-06-23 13:42:33+00:00,2026-06-23 13:42:33+00:00,True,,,1,0,1,5,0,1,https://github.com/BCStudentSoftwareDevTeam/lsf/pull/590,16.488888888888887,0.687037037037037,False,True
lsf,592,Contributors list,BhushanSah,User,closed,False,2026-06-23 14:01:55+00:00,2026-07-08T18:02:44Z,2026-07-08 18:02:43+00:00,,False,,,47,31,5,7,5,2,https://github.com/BCStudentSoftwareDevTeam/lsf/pull/592,,,True,False
lsf,593,Default Error for department ,NYABUTOA,User,closed,False,2026-06-23 16:07:41+00:00,2026-07-01T15:07:54Z,2026-07-01 13:56:11+00:00,2026-07-01 13:56:11+00:00,True,johnlolonga19,User,3,1,2,1,1,0,https://github.com/BCStudentSoftwareDevTeam/lsf/pull/593,189.80833333333334,7.908680555555556,False,True
lsf,596,"changed migrate_db.sh data to add PositionHistory, and added dummy da…",conwelld,User,closed,False,2026-06-30 21:35:06+00:00,2026-07-06T21:02:56Z,2026-07-06 21:02:56+00:00,2026-07-06 21:02:56+00:00,True,MImran2002,User,62,11,4,13,0,5,https://github.com/BCStudentSoftwareDevTeam/lsf/pull/596,143.4638888888889,5.977662037037038,False,True
lsf,597,Nahom dee alpha peewee attribute,nahom70,User,closed,False,2026-07-01 14:01:33+00:00,2026-07-01T14:55:01Z,2026-07-01 14:55:01+00:00,2026-07-01 14:55:01+00:00,True,munsakad,User,23,0,1,6,0,0,https://github.com/BCStudentSoftwareDevTeam/lsf/pull/597,0.8911111111111111,0.03712962962962963,False,True
lsf,598,Adding Position History & Dummy Data for Department Members ,ArtemKurasov,User,closed,False,2026-07-01 14:11:04+00:00,2026-07-08T19:18:42Z,2026-07-08 19:18:41+00:00,,False,,,48,11,7,5,1,0,https://github.com/BCStudentSoftwareDevTeam/lsf/pull/598,,,True,False
lsf,599,Update setup,MImran2002,User,closed,False,2026-07-01 14:45:45+00:00,2026-07-06T14:56:53Z,2026-07-06 14:56:48+00:00,2026-07-06 14:56:48+00:00,True,,,10,0,1,3,0,0,https://github.com/BCStudentSoftwareDevTeam/lsf/pull/599,120.18416666666667,5.0076736111111115,False,True
lsf,600,Pee wee attribute cg bs,BhushanSah,User,closed,False,2026-07-01 15:03:48+00:00,2026-07-01T15:04:50Z,2026-07-01 15:04:35+00:00,2026-07-01 15:04:35+00:00,True,BhushanSah,User,126,3,2,4,0,0,https://github.com/BCStudentSoftwareDevTeam/lsf/pull/600,0.013055555555555556,0.0005439814814814816,False,False
lsf,601,Allocation demo data jj,BhushanSah,User,closed,False,2026-07-01 15:08:46+00:00,2026-07-01T15:09:20Z,2026-07-01 15:09:20+00:00,2026-07-01 15:09:20+00:00,True,BhushanSah,User,163,2,3,7,0,0,https://github.com/BCStudentSoftwareDevTeam/lsf/pull/601,0.009444444444444445,0.0003935185185185185,False,False
lsf,624,Dp position card,nahom70,User,closed,False,2026-07-06 15:16:29+00:00,2026-07-06T15:16:42Z,2026-07-06 15:16:42+00:00,2026-07-06 15:16:42+00:00,True,nahom70,User,151,35,5,21,0,0,https://github.com/BCStudentSoftwareDevTeam/lsf/pull/624,0.003611111111111111,0.00015046296296296295,False,False
lsf,625,603,BhushanSah,User,closed,False,2026-07-06 15:28:01+00:00,2026-07-06T15:41:52Z,2026-07-06 15:41:52+00:00,,False,,,239,14,7,19,0,0,https://github.com/BCStudentSoftwareDevTeam/lsf/pull/625,,,True,False
lsf,626,Manage members card #603,BhushanSah,User,closed,False,2026-07-06 15:43:22+00:00,2026-07-08T14:53:53Z,2026-07-08 14:53:53+00:00,,False,,,104,15,5,18,0,0,https://github.com/BCStudentSoftwareDevTeam/lsf/pull/626,,,True,False
lsf,627,Manage positions page #611,nahom70,User,closed,False,2026-07-06 15:47:26+00:00,2026-07-22T15:03:09Z,2026-07-22 15:02:06+00:00,,False,,,102,102,8,131,2,12,https://github.com/BCStudentSoftwareDevTeam/lsf/pull/627,,,True,False
lsf,628,Manage Departments Draft,zhytkovd,User,closed,False,2026-07-06 15:48:29+00:00,2026-07-13T21:24:47Z,2026-07-13 21:24:47+00:00,,False,,,795,129,16,31,0,0,https://github.com/BCStudentSoftwareDevTeam/lsf/pull/628,,,True,False
lsf,629,Creating a Manage Staff page,ArtemKurasov,User,closed,True,2026-07-06 15:50:57+00:00,2026-07-28T18:23:31Z,2026-07-28 18:23:31+00:00,,False,,,3319,303,30,285,0,0,https://github.com/BCStudentSoftwareDevTeam/lsf/pull/629,,,True,False
lsf,630,Card1 alloc,conwelld,User,open,False,2026-07-06 15:54:19+00:00,2026-07-06T15:54:19Z,,,False,,,342,14,10,19,0,0,https://github.com/BCStudentSoftwareDevTeam/lsf/pull/630,,,False,False
lsf,631,Dp position card,fritzj2,User,open,True,2026-07-06 15:57:57+00:00,2026-07-08T15:59:28Z,,,False,,,622,15,13,88,0,0,https://github.com/BCStudentSoftwareDevTeam/lsf/pull/631,,,False,False
lsf,632,Pee wee attribute,nahom70,User,closed,False,2026-07-06 19:59:01+00:00,2026-07-06T19:59:10Z,2026-07-06 19:59:10+00:00,2026-07-06 19:59:10+00:00,True,nahom70,User,253,0,5,14,0,0,https://github.com/BCStudentSoftwareDevTeam/lsf/pull/632,0.0025,0.00010416666666666667,False,False
lsf,633,Fixed the footer and made the button centered in contributors list,BhushanSah,User,closed,False,2026-07-06 20:32:20+00:00,2026-07-09T14:37:06Z,2026-07-08 17:54:30+00:00,2026-07-08 17:54:30+00:00,True,MImran2002,User,48,9,5,2,0,0,https://github.com/BCStudentSoftwareDevTeam/lsf/pull/633,45.36944444444445,1.8903935185185186,False,True
lsf,634,Add Department Actions Menu (#621),DanielRukwasha,User,open,False,2026-07-07 11:04:12+00:00,2026-09-15T20:33:38Z,,,False,,,2062,706,49,17,3,0,https://github.com/BCStudentSoftwareDevTeam/lsf/pull/634,,,False,False
lsf,635,Pee wee attribute,nahom70,User,closed,False,2026-07-07 15:54:18+00:00,2026-07-07T15:55:34Z,2026-07-07 15:55:34+00:00,2026-07-07 15:55:34+00:00,True,nahom70,User,63,8,4,15,0,0,https://github.com/BCStudentSoftwareDevTeam/lsf/pull/635,0.021111111111111112,0.0008796296296296296,False,False
lsf,636,Wire Current Allocation card to real backend data (#602),DanielRukwasha,User,closed,False,2026-07-07 18:41:01+00:00,2026-07-21T15:13:00Z,2026-07-21 15:13:00+00:00,,False,,,167,171,3,4,2,0,https://github.com/BCStudentSoftwareDevTeam/lsf/pull/636,,,True,False
lsf,637,Members only,BhushanSah,User,closed,False,2026-07-08 14:53:15+00:00,2026-07-08T20:02:15Z,2026-07-08 20:02:15+00:00,,False,,,725,14,14,79,0,0,https://github.com/BCStudentSoftwareDevTeam/lsf/pull/637,,,True,False
lsf,638,Display allocation warning during pending LSF approval (#622),DanielRukwasha,User,open,False,2026-07-08 15:42:14+00:00,2026-09-15T20:47:36Z,,,False,,,520,387,18,21,2,0,https://github.com/BCStudentSoftwareDevTeam/lsf/pull/638,,,False,False
lsf,639,Add Positions Card into the Department Portal,fritzj2,User,closed,False,2026-07-08 15:49:15+00:00,2026-07-13T17:52:52Z,2026-07-13 17:52:51+00:00,2026-07-13 17:52:51+00:00,True,MImran2002,User,256,22,11,43,2,15,https://github.com/BCStudentSoftwareDevTeam/lsf/pull/639,122.06,5.085833333333333,False,True
lsf,641,Members only,BhushanSah,User,closed,False,2026-07-08 20:10:55+00:00,2026-07-10T20:03:27Z,2026-07-10 20:02:42+00:00,,False,,,356,24,13,89,2,3,https://github.com/BCStudentSoftwareDevTeam/lsf/pull/641,,,True,False
lsf,642,Adding the Manage Members Page + Fixing the Demo Data Discrepancies ,ArtemKurasov,User,closed,False,2026-07-08 20:57:50+00:00,2026-07-14T15:14:45Z,2026-07-14 15:14:44+00:00,2026-07-14 15:14:44+00:00,True,MImran2002,User,1205,72,17,92,0,0,https://github.com/BCStudentSoftwareDevTeam/lsf/pull/642,138.28166666666667,5.761736111111111,False,True
lsf,643,Demo data fix dpb,conwelld,User,closed,False,2026-07-09 15:15:40+00:00,2026-07-10T14:46:04Z,2026-07-10 14:46:04+00:00,2026-07-10 14:46:04+00:00,True,MImran2002,User,203,24,2,10,1,7,https://github.com/BCStudentSoftwareDevTeam/lsf/pull/643,23.506666666666668,0.9794444444444445,False,True
lsf,645,Members card,BetterRocket,User,closed,False,2026-07-13 14:45:36+00:00,2026-07-13T20:31:36Z,2026-07-13 20:31:36+00:00,2026-07-13 20:31:36+00:00,True,MImran2002,User,129,17,4,13,0,3,https://github.com/BCStudentSoftwareDevTeam/lsf/pull/645,5.766666666666667,0.24027777777777778,False,True
lsf,646,Add over-allocation warning on labor status form (#615),DanielRukwasha,User,open,False,2026-07-13 15:49:24+00:00,2026-09-15T20:20:25Z,,,False,,,671,144,11,23,1,11,https://github.com/BCStudentSoftwareDevTeam/lsf/pull/646,,,False,False
lsf,647,added allocation card to department portal page ,conwelld,User,closed,False,2026-07-13 17:09:47+00:00,2026-07-14T15:52:35Z,2026-07-14 15:52:35+00:00,2026-07-14 15:52:35+00:00,True,MImran2002,User,284,75,6,38,0,16,https://github.com/BCStudentSoftwareDevTeam/lsf/pull/647,22.713333333333335,0.946388888888889,False,True
lsf,648,Manage Departments Page Update,ACBerea,User,open,False,2026-07-13 21:33:44+00:00,2026-09-11T17:52:05Z,,,False,,,1779,323,27,119,0,9,https://github.com/BCStudentSoftwareDevTeam/lsf/pull/648,,,False,False
lsf,649,Adding the Manage Members Page,brightfietsop-ux,User,open,False,2026-07-20 19:05:16+00:00,2026-09-14T14:01:53Z,,,False,,,1162,81,16,105,7,94,https://github.com/BCStudentSoftwareDevTeam/lsf/pull/649,,,False,False
lsf,650,Allocation card revert merge,conwelld,User,closed,False,2026-07-20 19:11:06+00:00,2026-07-21T14:56:22Z,2026-07-21 14:56:22+00:00,,False,,,2262,339,32,209,0,0,https://github.com/BCStudentSoftwareDevTeam/lsf/pull/650,,,True,False
lsf,651,Members card,BhushanSah,User,closed,False,2026-07-20 19:51:50+00:00,2026-07-29T20:18:02Z,2026-07-29 20:18:02+00:00,2026-07-29 20:18:02+00:00,True,MImran2002,User,365,42,9,32,0,22,https://github.com/BCStudentSoftwareDevTeam/lsf/pull/651,216.43666666666667,9.018194444444445,False,True
lsf,652,Add a Position card (fixed) into department Portal,fritzj2,User,closed,False,2026-07-20 20:06:40+00:00,2026-07-28T17:32:35Z,2026-07-28 17:32:35+00:00,2026-07-28 17:32:34+00:00,True,MImran2002,User,356,22,13,24,0,18,https://github.com/BCStudentSoftwareDevTeam/lsf/pull/652,189.43166666666667,7.892986111111111,False,True
lsf,653,new-allocation-card implementation,conwelld,User,closed,False,2026-07-21 14:56:06+00:00,2026-07-21T14:58:00Z,2026-07-21 14:58:00+00:00,,False,,,1421,334,26,211,0,0,https://github.com/BCStudentSoftwareDevTeam/lsf/pull/653,,,True,False
lsf,654,changes in new-allocation-card,conwelld,User,closed,False,2026-07-21 14:58:52+00:00,2026-09-01T21:53:46Z,2026-09-01 21:53:46+00:00,2026-09-01 21:53:46+00:00,True,MImran2002,User,439,60,8,40,2,60,https://github.com/BCStudentSoftwareDevTeam/lsf/pull/654,1014.915,42.288125,False,True
lsf,655,Removed --skip-ssl from reset_database.sh,BetterRocket,User,closed,False,2026-07-21 15:49:15+00:00,2026-07-27T12:19:40Z,2026-07-27 12:19:40+00:00,2026-07-27 12:19:40+00:00,True,,,5,5,1,1,1,0,https://github.com/BCStudentSoftwareDevTeam/lsf/pull/655,140.50694444444446,5.854456018518519,False,True
lsf,656,Manage Positions Page ,NYABUTOA,User,closed,False,2026-07-21 19:34:44+00:00,2026-07-22T15:05:14Z,2026-07-22 15:05:13+00:00,,False,,,80,79,8,15,2,4,https://github.com/BCStudentSoftwareDevTeam/lsf/pull/656,,,True,False
lsf,658,Manage positions page implementation,conwelld,User,closed,False,2026-07-22 18:17:14+00:00,2026-08-03T14:11:28Z,2026-08-03 14:11:27+00:00,2026-08-03 14:11:27+00:00,True,MImran2002,User,179,27,10,21,0,19,https://github.com/BCStudentSoftwareDevTeam/lsf/pull/658,283.9036111111111,11.82931712962963,False,True
lsf,660,Created an Individual Positions Detail Page,ACBerea,User,closed,False,2026-07-30 16:03:55+00:00,2026-08-04T21:18:30Z,2026-08-04 21:18:29+00:00,2026-08-04 21:18:29+00:00,True,MImran2002,User,983,41,16,28,0,7,https://github.com/BCStudentSoftwareDevTeam/lsf/pull/660,125.24277777777777,5.218449074074074,False,True
lsf,661,added my name to the contributor list,brightfietsop-ux,User,closed,False,2026-07-30 19:09:12+00:00,2026-07-30T19:10:27Z,2026-07-30 19:10:15+00:00,2026-07-30 19:10:15+00:00,True,brightfietsop-ux,User,3,1,1,1,0,0,https://github.com/BCStudentSoftwareDevTeam/lsf/pull/661,0.0175,0.0007291666666666667,False,False
lsf,662,Annual Position Review Button,johnlolonga19,User,open,False,2026-08-03 18:15:54+00:00,2026-09-16T22:48:54Z,,,False,,,592,136,15,34,1,41,https://github.com/BCStudentSoftwareDevTeam/lsf/pull/662,,,False,False
lsf,663,Editpositionpagealpha,NYABUTOA,User,closed,False,2026-08-03 21:33:55+00:00,2026-08-04T14:12:02Z,2026-08-04 14:12:02+00:00,,False,,,716,37,16,24,0,0,https://github.com/BCStudentSoftwareDevTeam/lsf/pull/663,,,True,False
lsf,664,Edit position page,NYABUTOA,User,open,False,2026-08-04 16:03:08+00:00,2026-08-07T17:50:43Z,,,False,,,244,7,6,9,4,30,https://github.com/BCStudentSoftwareDevTeam/lsf/pull/664,,,False,False
lsf,665,Standardizing Allocation Logic,BetterRocket,User,closed,False,2026-08-04 18:29:02+00:00,2026-08-04T20:06:58Z,2026-08-04 20:06:58+00:00,2026-08-04 20:06:58+00:00,True,MImran2002,User,315,0,2,5,0,4,https://github.com/BCStudentSoftwareDevTeam/lsf/pull/665,1.6322222222222222,0.06800925925925926,False,True
lsf,666,Adding an Allocation Review & an Allocation Request Pages,ArtemKurasov,User,closed,True,2026-08-05 20:49:56+00:00,2026-08-05T20:50:46Z,2026-08-05 20:50:46+00:00,,False,,,748,78,16,16,0,0,https://github.com/BCStudentSoftwareDevTeam/lsf/pull/666,,,True,False
lsf,667,Create a page for departments to view their allocations,fritzj2,User,closed,False,2026-08-05 20:58:34+00:00,2026-08-25T18:35:49Z,2026-08-25 18:35:49+00:00,2026-08-25 18:35:49+00:00,True,MImran2002,User,1240,19,11,62,1,19,https://github.com/BCStudentSoftwareDevTeam/lsf/pull/667,477.62083333333334,19.900868055555556,False,True
lsf,668, Adding an Allocation Review & an Allocation Request Pages,ArtemKurasov,User,closed,False,2026-08-05 20:59:27+00:00,2026-08-21T20:47:09Z,2026-08-21 20:47:09+00:00,2026-08-21 20:47:09+00:00,True,MImran2002,User,788,282,19,31,0,12,https://github.com/BCStudentSoftwareDevTeam/lsf/pull/668,383.795,15.991458333333334,False,True
lsf,669,Labor position review page,nahom70,User,open,True,2026-08-07 14:16:36+00:00,2026-09-15T00:08:59Z,,,False,,,1505,286,19,83,0,0,https://github.com/BCStudentSoftwareDevTeam/lsf/pull/669,,,False,False
lsf,670,Create Logic to Notify Academic Advisors of Overloads,ACBerea,User,open,False,2026-08-07 20:23:07+00:00,2026-08-07T20:23:07Z,,,False,,,30,8,4,13,0,0,https://github.com/BCStudentSoftwareDevTeam/lsf/pull/670,,,False,False
lsf,671,New backend logic for the Manage Departmetnts table.,zhytkovd,User,open,False,2026-08-08 23:57:42+00:00,2026-09-15T15:55:13Z,,,False,,,790,2199,30,10,0,0,https://github.com/BCStudentSoftwareDevTeam/lsf/pull/671,,,False,False
