repo,id,pr_number,author,author_type,state,submitted_at,html_url
lsf,1066734976,343,AndersonStettner,User,APPROVED,2022-08-09T13:34:04Z,https://github.com/BCStudentSoftwareDevTeam/lsf/pull/343#pullrequestreview-1066734976
lsf,1110572357,361,tylerpar99,User,APPROVED,2022-09-16T11:59:55Z,https://github.com/BCStudentSoftwareDevTeam/lsf/pull/361#pullrequestreview-1110572357
lsf,1107568568,367,tylerpar99,User,CHANGES_REQUESTED,2022-09-14T14:15:28Z,https://github.com/BCStudentSoftwareDevTeam/lsf/pull/367#pullrequestreview-1107568568
lsf,1110700937,367,bledsoef,User,DISMISSED,2022-09-16T13:38:26Z,https://github.com/BCStudentSoftwareDevTeam/lsf/pull/367#pullrequestreview-1110700937
lsf,1111108119,367,tylerpar99,User,APPROVED,2022-09-16T19:03:53Z,https://github.com/BCStudentSoftwareDevTeam/lsf/pull/367#pullrequestreview-1111108119
lsf,1162449473,367,AndersonStettner,User,COMMENTED,2022-10-31T19:45:32Z,https://github.com/BCStudentSoftwareDevTeam/lsf/pull/367#pullrequestreview-1162449473
lsf,1175960938,367,AndersonStettner,User,CHANGES_REQUESTED,2022-11-10T15:09:39Z,https://github.com/BCStudentSoftwareDevTeam/lsf/pull/367#pullrequestreview-1175960938
lsf,1177746962,367,AndersonStettner,User,CHANGES_REQUESTED,2022-11-11T18:49:10Z,https://github.com/BCStudentSoftwareDevTeam/lsf/pull/367#pullrequestreview-1177746962
lsf,1186615379,367,AndersonStettner,User,CHANGES_REQUESTED,2022-11-18T18:42:59Z,https://github.com/BCStudentSoftwareDevTeam/lsf/pull/367#pullrequestreview-1186615379
lsf,1186859516,367,gahimbaref,User,APPROVED,2022-11-18T21:58:49Z,https://github.com/BCStudentSoftwareDevTeam/lsf/pull/367#pullrequestreview-1186859516
lsf,1123847643,383,AndersonStettner,User,CHANGES_REQUESTED,2022-09-28T14:51:26Z,https://github.com/BCStudentSoftwareDevTeam/lsf/pull/383#pullrequestreview-1123847643
lsf,1127212842,383,AndersonStettner,User,CHANGES_REQUESTED,2022-09-30T18:30:44Z,https://github.com/BCStudentSoftwareDevTeam/lsf/pull/383#pullrequestreview-1127212842
lsf,1131514127,383,AndersonStettner,User,APPROVED,2022-10-05T14:18:24Z,https://github.com/BCStudentSoftwareDevTeam/lsf/pull/383#pullrequestreview-1131514127
lsf,1118991718,384,sreynit02,User,APPROVED,2022-09-23T20:05:38Z,https://github.com/BCStudentSoftwareDevTeam/lsf/pull/384#pullrequestreview-1118991718
lsf,1160432484,386,AndersonStettner,User,CHANGES_REQUESTED,2022-10-28T17:56:52Z,https://github.com/BCStudentSoftwareDevTeam/lsf/pull/386#pullrequestreview-1160432484
lsf,1160562339,386,AndersonStettner,User,CHANGES_REQUESTED,2022-10-28T19:55:09Z,https://github.com/BCStudentSoftwareDevTeam/lsf/pull/386#pullrequestreview-1160562339
lsf,1166907089,386,AndersonStettner,User,CHANGES_REQUESTED,2022-11-03T13:34:13Z,https://github.com/BCStudentSoftwareDevTeam/lsf/pull/386#pullrequestreview-1166907089
lsf,1176491096,386,martinj2-dot,User,APPROVED,2022-11-10T21:02:41Z,https://github.com/BCStudentSoftwareDevTeam/lsf/pull/386#pullrequestreview-1176491096
lsf,1176491471,386,Karina-Agliullova,User,APPROVED,2022-11-10T21:03:03Z,https://github.com/BCStudentSoftwareDevTeam/lsf/pull/386#pullrequestreview-1176491471
lsf,1177749861,386,AndersonStettner,User,COMMENTED,2022-11-11T18:54:02Z,https://github.com/BCStudentSoftwareDevTeam/lsf/pull/386#pullrequestreview-1177749861
lsf,1179082919,386,tylerpar99,User,COMMENTED,2022-11-14T13:16:46Z,https://github.com/BCStudentSoftwareDevTeam/lsf/pull/386#pullrequestreview-1179082919
lsf,1179203751,386,AndersonStettner,User,APPROVED,2022-11-14T14:23:22Z,https://github.com/BCStudentSoftwareDevTeam/lsf/pull/386#pullrequestreview-1179203751
lsf,1157116822,387,sreynit02,User,COMMENTED,2022-10-26T18:51:22Z,https://github.com/BCStudentSoftwareDevTeam/lsf/pull/387#pullrequestreview-1157116822
lsf,1157162780,387,sreynit02,User,CHANGES_REQUESTED,2022-10-26T19:24:44Z,https://github.com/BCStudentSoftwareDevTeam/lsf/pull/387#pullrequestreview-1157162780
lsf,1183231720,387,AndersonStettner,User,COMMENTED,2022-11-16T19:51:16Z,https://github.com/BCStudentSoftwareDevTeam/lsf/pull/387#pullrequestreview-1183231720
lsf,1209156833,394,AndersonStettner,User,COMMENTED,2022-12-07T22:01:11Z,https://github.com/BCStudentSoftwareDevTeam/lsf/pull/394#pullrequestreview-1209156833
lsf,1297630741,394,bledsoef,User,COMMENTED,2023-02-14T13:45:07Z,https://github.com/BCStudentSoftwareDevTeam/lsf/pull/394#pullrequestreview-1297630741
lsf,1297639490,394,bledsoef,User,COMMENTED,2023-02-14T14:04:13Z,https://github.com/BCStudentSoftwareDevTeam/lsf/pull/394#pullrequestreview-1297639490
lsf,1302274401,394,tylerpar99,User,COMMENTED,2023-02-16T21:02:38Z,https://github.com/BCStudentSoftwareDevTeam/lsf/pull/394#pullrequestreview-1302274401
lsf,1488960375,394,AndersonStettner,User,CHANGES_REQUESTED,2023-06-20T20:29:45Z,https://github.com/BCStudentSoftwareDevTeam/lsf/pull/394#pullrequestreview-1488960375
lsf,1296359373,395,AndersonStettner,User,CHANGES_REQUESTED,2023-02-13T20:11:18Z,https://github.com/BCStudentSoftwareDevTeam/lsf/pull/395#pullrequestreview-1296359373
lsf,1296413297,395,AndersonStettner,User,CHANGES_REQUESTED,2023-02-13T20:45:36Z,https://github.com/BCStudentSoftwareDevTeam/lsf/pull/395#pullrequestreview-1296413297
lsf,1535320401,395,AndersonStettner,User,DISMISSED,2023-07-18T15:55:52Z,https://github.com/BCStudentSoftwareDevTeam/lsf/pull/395#pullrequestreview-1535320401
lsf,1276078410,398,tylerpar99,User,APPROVED,2023-01-30T21:39:22Z,https://github.com/BCStudentSoftwareDevTeam/lsf/pull/398#pullrequestreview-1276078410
lsf,1277949337,398,AndersonStettner,User,APPROVED,2023-01-31T20:15:02Z,https://github.com/BCStudentSoftwareDevTeam/lsf/pull/398#pullrequestreview-1277949337
lsf,1273149360,399,AndersonStettner,User,CHANGES_REQUESTED,2023-01-27T17:45:30Z,https://github.com/BCStudentSoftwareDevTeam/lsf/pull/399#pullrequestreview-1273149360
lsf,1291452731,399,AndersonStettner,User,APPROVED,2023-02-09T15:42:44Z,https://github.com/BCStudentSoftwareDevTeam/lsf/pull/399#pullrequestreview-1291452731
lsf,1273419273,401,Karina-Agliullova,User,APPROVED,2023-01-27T20:24:37Z,https://github.com/BCStudentSoftwareDevTeam/lsf/pull/401#pullrequestreview-1273419273
lsf,1292008846,401,sreynit02,User,APPROVED,2023-02-09T20:57:47Z,https://github.com/BCStudentSoftwareDevTeam/lsf/pull/401#pullrequestreview-1292008846
lsf,1290061558,402,sreynit02,User,APPROVED,2023-02-08T21:58:11Z,https://github.com/BCStudentSoftwareDevTeam/lsf/pull/402#pullrequestreview-1290061558
lsf,1294085979,402,sreynit02,User,APPROVED,2023-02-10T21:46:27Z,https://github.com/BCStudentSoftwareDevTeam/lsf/pull/402#pullrequestreview-1294085979
lsf,1291464692,403,gahimbaref,User,COMMENTED,2023-02-09T15:49:31Z,https://github.com/BCStudentSoftwareDevTeam/lsf/pull/403#pullrequestreview-1291464692
lsf,1291482538,403,gahimbaref,User,COMMENTED,2023-02-09T15:56:06Z,https://github.com/BCStudentSoftwareDevTeam/lsf/pull/403#pullrequestreview-1291482538
lsf,1291891625,403,tylerpar99,User,COMMENTED,2023-02-09T19:52:08Z,https://github.com/BCStudentSoftwareDevTeam/lsf/pull/403#pullrequestreview-1291891625
lsf,1291933863,403,sreynit02,User,CHANGES_REQUESTED,2023-02-09T20:20:14Z,https://github.com/BCStudentSoftwareDevTeam/lsf/pull/403#pullrequestreview-1291933863
lsf,1292029364,403,sreynit02,User,CHANGES_REQUESTED,2023-02-09T21:15:12Z,https://github.com/BCStudentSoftwareDevTeam/lsf/pull/403#pullrequestreview-1292029364
lsf,1293973321,403,sreynit02,User,APPROVED,2023-02-10T20:42:22Z,https://github.com/BCStudentSoftwareDevTeam/lsf/pull/403#pullrequestreview-1293973321
lsf,1324259442,406,AndersonStettner,User,COMMENTED,2023-03-03T16:39:47Z,https://github.com/BCStudentSoftwareDevTeam/lsf/pull/406#pullrequestreview-1324259442
lsf,1353452183,406,sreynit02,User,CHANGES_REQUESTED,2023-03-22T21:03:31Z,https://github.com/BCStudentSoftwareDevTeam/lsf/pull/406#pullrequestreview-1353452183
lsf,1603267794,406,stevensonmichel,User,COMMENTED,2023-08-30T18:21:08Z,https://github.com/BCStudentSoftwareDevTeam/lsf/pull/406#pullrequestreview-1603267794
lsf,1353614043,407,sreynit02,User,APPROVED,2023-03-22T23:09:38Z,https://github.com/BCStudentSoftwareDevTeam/lsf/pull/407#pullrequestreview-1353614043
lsf,1357338329,409,sreynit02,User,DISMISSED,2023-03-24T19:50:20Z,https://github.com/BCStudentSoftwareDevTeam/lsf/pull/409#pullrequestreview-1357338329
lsf,1605098083,409,hoerstl,User,APPROVED,2023-08-31T15:55:39Z,https://github.com/BCStudentSoftwareDevTeam/lsf/pull/409#pullrequestreview-1605098083
lsf,1394334108,411,AndersonStettner,User,CHANGES_REQUESTED,2023-04-20T16:07:31Z,https://github.com/BCStudentSoftwareDevTeam/lsf/pull/411#pullrequestreview-1394334108
lsf,1601141725,420,hoerstl,User,CHANGES_REQUESTED,2023-08-29T21:18:07Z,https://github.com/BCStudentSoftwareDevTeam/lsf/pull/420#pullrequestreview-1601141725
lsf,1659747681,420,AndersonStettner,User,APPROVED,2023-10-05T12:35:52Z,https://github.com/BCStudentSoftwareDevTeam/lsf/pull/420#pullrequestreview-1659747681
lsf,1732425811,421,hoerstl,User,CHANGES_REQUESTED,2023-11-15T17:07:58Z,https://github.com/BCStudentSoftwareDevTeam/lsf/pull/421#pullrequestreview-1732425811
lsf,1735511498,421,hoerstl,User,CHANGES_REQUESTED,2023-11-16T21:32:41Z,https://github.com/BCStudentSoftwareDevTeam/lsf/pull/421#pullrequestreview-1735511498
lsf,1735584969,421,hoerstl,User,COMMENTED,2023-11-16T21:42:18Z,https://github.com/BCStudentSoftwareDevTeam/lsf/pull/421#pullrequestreview-1735584969
lsf,1737359654,421,hoerstl,User,COMMENTED,2023-11-17T16:04:22Z,https://github.com/BCStudentSoftwareDevTeam/lsf/pull/421#pullrequestreview-1737359654
lsf,1737483170,421,hoerstl,User,APPROVED,2023-11-17T16:59:02Z,https://github.com/BCStudentSoftwareDevTeam/lsf/pull/421#pullrequestreview-1737483170
lsf,1645168261,426,solijonovam,User,CHANGES_REQUESTED,2023-09-26T20:41:30Z,https://github.com/BCStudentSoftwareDevTeam/lsf/pull/426#pullrequestreview-1645168261
lsf,1659762273,426,AndersonStettner,User,COMMENTED,2023-10-05T12:42:41Z,https://github.com/BCStudentSoftwareDevTeam/lsf/pull/426#pullrequestreview-1659762273
lsf,1727474081,426,AndersonStettner,User,CHANGES_REQUESTED,2023-11-13T14:46:23Z,https://github.com/BCStudentSoftwareDevTeam/lsf/pull/426#pullrequestreview-1727474081
lsf,1740431354,426,stevensonmichel,User,COMMENTED,2023-11-20T18:21:25Z,https://github.com/BCStudentSoftwareDevTeam/lsf/pull/426#pullrequestreview-1740431354
lsf,1740431470,426,stevensonmichel,User,COMMENTED,2023-11-20T18:21:30Z,https://github.com/BCStudentSoftwareDevTeam/lsf/pull/426#pullrequestreview-1740431470
lsf,1758301966,426,AndersonStettner,User,CHANGES_REQUESTED,2023-11-30T19:33:28Z,https://github.com/BCStudentSoftwareDevTeam/lsf/pull/426#pullrequestreview-1758301966
lsf,1758334419,426,AndersonStettner,User,CHANGES_REQUESTED,2023-11-30T19:55:27Z,https://github.com/BCStudentSoftwareDevTeam/lsf/pull/426#pullrequestreview-1758334419
lsf,1762935500,426,stevensonmichel,User,COMMENTED,2023-12-04T16:52:36Z,https://github.com/BCStudentSoftwareDevTeam/lsf/pull/426#pullrequestreview-1762935500
lsf,1770577936,426,AndersonStettner,User,CHANGES_REQUESTED,2023-12-07T16:29:11Z,https://github.com/BCStudentSoftwareDevTeam/lsf/pull/426#pullrequestreview-1770577936
lsf,1772817731,426,AndersonStettner,User,APPROVED,2023-12-08T16:58:36Z,https://github.com/BCStudentSoftwareDevTeam/lsf/pull/426#pullrequestreview-1772817731
lsf,1620777197,427,qasema,User,CHANGES_REQUESTED,2023-09-11T20:33:18Z,https://github.com/BCStudentSoftwareDevTeam/lsf/pull/427#pullrequestreview-1620777197
lsf,1649609505,427,solijonovam,User,COMMENTED,2023-09-28T19:53:16Z,https://github.com/BCStudentSoftwareDevTeam/lsf/pull/427#pullrequestreview-1649609505
lsf,1649615018,427,solijonovam,User,CHANGES_REQUESTED,2023-09-28T19:56:53Z,https://github.com/BCStudentSoftwareDevTeam/lsf/pull/427#pullrequestreview-1649615018
lsf,1650837525,427,andersoncedu,User,COMMENTED,2023-09-29T14:10:11Z,https://github.com/BCStudentSoftwareDevTeam/lsf/pull/427#pullrequestreview-1650837525
lsf,1676858886,427,gahimbaref,User,COMMENTED,2023-10-13T16:31:49Z,https://github.com/BCStudentSoftwareDevTeam/lsf/pull/427#pullrequestreview-1676858886
lsf,1680872339,427,doucoureb,User,COMMENTED,2023-10-16T20:05:16Z,https://github.com/BCStudentSoftwareDevTeam/lsf/pull/427#pullrequestreview-1680872339
lsf,1625285630,428,qasema,User,CHANGES_REQUESTED,2023-09-13T19:40:03Z,https://github.com/BCStudentSoftwareDevTeam/lsf/pull/428#pullrequestreview-1625285630
lsf,1629155420,428,hoerstl,User,COMMENTED,2023-09-15T14:56:52Z,https://github.com/BCStudentSoftwareDevTeam/lsf/pull/428#pullrequestreview-1629155420
lsf,1629610660,428,qasema,User,APPROVED,2023-09-15T19:43:56Z,https://github.com/BCStudentSoftwareDevTeam/lsf/pull/428#pullrequestreview-1629610660
lsf,1650830514,428,AndersonStettner,User,CHANGES_REQUESTED,2023-09-29T13:54:20Z,https://github.com/BCStudentSoftwareDevTeam/lsf/pull/428#pullrequestreview-1650830514
lsf,1682327145,428,AndersonStettner,User,DISMISSED,2023-10-17T13:14:50Z,https://github.com/BCStudentSoftwareDevTeam/lsf/pull/428#pullrequestreview-1682327145
lsf,1727433993,428,AndersonStettner,User,CHANGES_REQUESTED,2023-11-13T14:27:15Z,https://github.com/BCStudentSoftwareDevTeam/lsf/pull/428#pullrequestreview-1727433993
lsf,1758349247,428,AndersonStettner,User,CHANGES_REQUESTED,2023-11-30T20:01:35Z,https://github.com/BCStudentSoftwareDevTeam/lsf/pull/428#pullrequestreview-1758349247
lsf,1778047409,428,AndersonStettner,User,APPROVED,2023-12-12T17:13:02Z,https://github.com/BCStudentSoftwareDevTeam/lsf/pull/428#pullrequestreview-1778047409
lsf,1646313442,429,AndersonStettner,User,COMMENTED,2023-09-27T12:12:21Z,https://github.com/BCStudentSoftwareDevTeam/lsf/pull/429#pullrequestreview-1646313442
lsf,1682236912,429,AndersonStettner,User,COMMENTED,2023-10-17T12:48:39Z,https://github.com/BCStudentSoftwareDevTeam/lsf/pull/429#pullrequestreview-1682236912
lsf,1682431194,429,AndersonStettner,User,APPROVED,2023-10-17T13:51:04Z,https://github.com/BCStudentSoftwareDevTeam/lsf/pull/429#pullrequestreview-1682431194
lsf,1660367067,430,AndersonStettner,User,CHANGES_REQUESTED,2023-10-05T17:23:18Z,https://github.com/BCStudentSoftwareDevTeam/lsf/pull/430#pullrequestreview-1660367067
lsf,1657817592,430,hoerstl,User,COMMENTED,2023-10-05T21:43:45Z,https://github.com/BCStudentSoftwareDevTeam/lsf/pull/430#pullrequestreview-1657817592
lsf,1661830505,430,andersoncedu,User,COMMENTED,2023-10-06T13:09:05Z,https://github.com/BCStudentSoftwareDevTeam/lsf/pull/430#pullrequestreview-1661830505
lsf,1661836233,430,andersoncedu,User,COMMENTED,2023-10-06T13:12:11Z,https://github.com/BCStudentSoftwareDevTeam/lsf/pull/430#pullrequestreview-1661836233
lsf,1682338289,430,AndersonStettner,User,DISMISSED,2023-10-17T13:25:43Z,https://github.com/BCStudentSoftwareDevTeam/lsf/pull/430#pullrequestreview-1682338289
lsf,1689992871,430,andersoncedu,User,COMMENTED,2023-10-20T13:01:58Z,https://github.com/BCStudentSoftwareDevTeam/lsf/pull/430#pullrequestreview-1689992871
lsf,1689993794,430,andersoncedu,User,COMMENTED,2023-10-20T13:02:29Z,https://github.com/BCStudentSoftwareDevTeam/lsf/pull/430#pullrequestreview-1689993794
lsf,1702443596,430,qasema,User,COMMENTED,2023-10-27T20:39:24Z,https://github.com/BCStudentSoftwareDevTeam/lsf/pull/430#pullrequestreview-1702443596
lsf,1707105097,430,andersoncedu,User,COMMENTED,2023-10-31T19:31:38Z,https://github.com/BCStudentSoftwareDevTeam/lsf/pull/430#pullrequestreview-1707105097
lsf,1712688536,430,andersoncedu,User,COMMENTED,2023-11-03T13:33:11Z,https://github.com/BCStudentSoftwareDevTeam/lsf/pull/430#pullrequestreview-1712688536
lsf,1712690826,430,andersoncedu,User,COMMENTED,2023-11-03T13:34:27Z,https://github.com/BCStudentSoftwareDevTeam/lsf/pull/430#pullrequestreview-1712690826
lsf,1870992979,430,hoerstl,User,CHANGES_REQUESTED,2024-02-08T22:40:25Z,https://github.com/BCStudentSoftwareDevTeam/lsf/pull/430#pullrequestreview-1870992979
lsf,1932761825,430,hoerstl,User,APPROVED,2024-03-12T21:52:12Z,https://github.com/BCStudentSoftwareDevTeam/lsf/pull/430#pullrequestreview-1932761825
lsf,1973757326,430,AndersonStettner,User,APPROVED,2024-04-02T13:08:22Z,https://github.com/BCStudentSoftwareDevTeam/lsf/pull/430#pullrequestreview-1973757326
lsf,1690839072,432,qasema,User,APPROVED,2023-10-20T20:07:32Z,https://github.com/BCStudentSoftwareDevTeam/lsf/pull/432#pullrequestreview-1690839072
lsf,1697903528,432,AndersonStettner,User,APPROVED,2023-10-25T17:31:09Z,https://github.com/BCStudentSoftwareDevTeam/lsf/pull/432#pullrequestreview-1697903528
lsf,1879024182,434,bledsoef,User,COMMENTED,2024-02-13T22:09:18Z,https://github.com/BCStudentSoftwareDevTeam/lsf/pull/434#pullrequestreview-1879024182
lsf,1893606106,434,andersoncedu,User,COMMENTED,2024-02-21T16:04:20Z,https://github.com/BCStudentSoftwareDevTeam/lsf/pull/434#pullrequestreview-1893606106
lsf,1893601597,434,stevensonmichel,User,COMMENTED,2024-02-21T16:08:42Z,https://github.com/BCStudentSoftwareDevTeam/lsf/pull/434#pullrequestreview-1893601597
lsf,1896721470,434,hoerstl,User,COMMENTED,2024-02-22T19:00:07Z,https://github.com/BCStudentSoftwareDevTeam/lsf/pull/434#pullrequestreview-1896721470
lsf,1896735911,434,hoerstl,User,COMMENTED,2024-02-22T19:05:09Z,https://github.com/BCStudentSoftwareDevTeam/lsf/pull/434#pullrequestreview-1896735911
lsf,1896748168,434,hoerstl,User,COMMENTED,2024-02-22T19:12:59Z,https://github.com/BCStudentSoftwareDevTeam/lsf/pull/434#pullrequestreview-1896748168
lsf,1896752985,434,hoerstl,User,COMMENTED,2024-02-22T19:15:52Z,https://github.com/BCStudentSoftwareDevTeam/lsf/pull/434#pullrequestreview-1896752985
lsf,1896753666,434,hoerstl,User,COMMENTED,2024-02-22T19:16:07Z,https://github.com/BCStudentSoftwareDevTeam/lsf/pull/434#pullrequestreview-1896753666
lsf,1896762144,434,hoerstl,User,COMMENTED,2024-02-22T19:18:48Z,https://github.com/BCStudentSoftwareDevTeam/lsf/pull/434#pullrequestreview-1896762144
lsf,1898233245,434,stevensonmichel,User,COMMENTED,2024-02-23T14:22:57Z,https://github.com/BCStudentSoftwareDevTeam/lsf/pull/434#pullrequestreview-1898233245
lsf,1906466593,434,AndersonStettner,User,APPROVED,2024-02-28T14:46:57Z,https://github.com/BCStudentSoftwareDevTeam/lsf/pull/434#pullrequestreview-1906466593
lsf,2293302563,444,bledsoef,User,COMMENTED,2024-09-10T18:04:27Z,https://github.com/BCStudentSoftwareDevTeam/lsf/pull/444#pullrequestreview-2293302563
lsf,2298294321,444,WackyWeaver,User,COMMENTED,2024-09-11T18:55:39Z,https://github.com/BCStudentSoftwareDevTeam/lsf/pull/444#pullrequestreview-2298294321
lsf,2348913752,444,stevensonmichel,User,APPROVED,2024-10-04T19:06:22Z,https://github.com/BCStudentSoftwareDevTeam/lsf/pull/444#pullrequestreview-2348913752
lsf,2329432595,445,stevensonmichel,User,COMMENTED,2024-09-25T20:06:17Z,https://github.com/BCStudentSoftwareDevTeam/lsf/pull/445#pullrequestreview-2329432595
lsf,2329498045,445,WackyWeaver,User,COMMENTED,2024-09-25T20:42:26Z,https://github.com/BCStudentSoftwareDevTeam/lsf/pull/445#pullrequestreview-2329498045
lsf,2358099540,445,hoerstl,User,APPROVED,2024-10-09T19:14:23Z,https://github.com/BCStudentSoftwareDevTeam/lsf/pull/445#pullrequestreview-2358099540
lsf,2410821524,447,Karina-Agliullova,User,COMMENTED,2024-11-01T20:16:16Z,https://github.com/BCStudentSoftwareDevTeam/lsf/pull/447#pullrequestreview-2410821524
lsf,2418728257,459,Karina-Agliullova,User,APPROVED,2024-11-06T15:52:58Z,https://github.com/BCStudentSoftwareDevTeam/lsf/pull/459#pullrequestreview-2418728257
lsf,2424634008,459,Mbeweg,User,COMMENTED,2024-11-08T19:55:01Z,https://github.com/BCStudentSoftwareDevTeam/lsf/pull/459#pullrequestreview-2424634008
lsf,2426034569,462,bledsoef,User,CHANGES_REQUESTED,2024-11-11T03:11:02Z,https://github.com/BCStudentSoftwareDevTeam/lsf/pull/462#pullrequestreview-2426034569
lsf,2428154777,462,hoerstl,User,COMMENTED,2024-11-11T20:45:06Z,https://github.com/BCStudentSoftwareDevTeam/lsf/pull/462#pullrequestreview-2428154777
lsf,2443618079,462,bledsoef,User,APPROVED,2024-11-18T20:09:06Z,https://github.com/BCStudentSoftwareDevTeam/lsf/pull/462#pullrequestreview-2443618079
lsf,2612448857,469,Karina-Agliullova,User,APPROVED,2025-02-12T16:04:09Z,https://github.com/BCStudentSoftwareDevTeam/lsf/pull/469#pullrequestreview-2612448857
lsf,2807781195,477,stevensonmichel,User,APPROVED,2025-04-30T16:53:08Z,https://github.com/BCStudentSoftwareDevTeam/lsf/pull/477#pullrequestreview-2807781195
lsf,2963302206,490,mathew2005,User,COMMENTED,2025-06-26T19:22:47Z,https://github.com/BCStudentSoftwareDevTeam/lsf/pull/490#pullrequestreview-2963302206
lsf,3071923259,494,BesherKitaz,User,COMMENTED,2025-07-30T14:37:03Z,https://github.com/BCStudentSoftwareDevTeam/lsf/pull/494#pullrequestreview-3071923259
lsf,3071928161,494,BesherKitaz,User,COMMENTED,2025-07-30T14:38:11Z,https://github.com/BCStudentSoftwareDevTeam/lsf/pull/494#pullrequestreview-3071928161
lsf,3071935533,494,BesherKitaz,User,COMMENTED,2025-07-30T14:39:44Z,https://github.com/BCStudentSoftwareDevTeam/lsf/pull/494#pullrequestreview-3071935533
lsf,3072160753,494,BesherKitaz,User,COMMENTED,2025-07-30T15:23:46Z,https://github.com/BCStudentSoftwareDevTeam/lsf/pull/494#pullrequestreview-3072160753
lsf,3072167976,494,BesherKitaz,User,COMMENTED,2025-07-30T15:25:14Z,https://github.com/BCStudentSoftwareDevTeam/lsf/pull/494#pullrequestreview-3072167976
lsf,3072191695,494,BesherKitaz,User,COMMENTED,2025-07-30T15:31:51Z,https://github.com/BCStudentSoftwareDevTeam/lsf/pull/494#pullrequestreview-3072191695
lsf,3072522962,494,BesherKitaz,User,COMMENTED,2025-07-30T16:47:01Z,https://github.com/BCStudentSoftwareDevTeam/lsf/pull/494#pullrequestreview-3072522962
lsf,3079618502,494,BesherKitaz,User,COMMENTED,2025-08-01T15:15:14Z,https://github.com/BCStudentSoftwareDevTeam/lsf/pull/494#pullrequestreview-3079618502
lsf,3079623210,494,BesherKitaz,User,COMMENTED,2025-08-01T15:16:25Z,https://github.com/BCStudentSoftwareDevTeam/lsf/pull/494#pullrequestreview-3079623210
lsf,3017833025,495,BesherKitaz,User,COMMENTED,2025-07-14T21:02:11Z,https://github.com/BCStudentSoftwareDevTeam/lsf/pull/495#pullrequestreview-3017833025
lsf,3017839329,495,BesherKitaz,User,COMMENTED,2025-07-14T21:03:22Z,https://github.com/BCStudentSoftwareDevTeam/lsf/pull/495#pullrequestreview-3017839329
lsf,3017842455,495,BesherKitaz,User,COMMENTED,2025-07-14T21:04:21Z,https://github.com/BCStudentSoftwareDevTeam/lsf/pull/495#pullrequestreview-3017842455
lsf,3063353979,495,BesherKitaz,User,COMMENTED,2025-07-28T15:25:06Z,https://github.com/BCStudentSoftwareDevTeam/lsf/pull/495#pullrequestreview-3063353979
lsf,3021413751,498,Arohasina,User,COMMENTED,2025-07-15T17:24:06Z,https://github.com/BCStudentSoftwareDevTeam/lsf/pull/498#pullrequestreview-3021413751
lsf,3026303138,498,BesherKitaz,User,COMMENTED,2025-07-16T18:18:20Z,https://github.com/BCStudentSoftwareDevTeam/lsf/pull/498#pullrequestreview-3026303138
lsf,3026768322,498,Arohasina,User,COMMENTED,2025-07-16T20:26:00Z,https://github.com/BCStudentSoftwareDevTeam/lsf/pull/498#pullrequestreview-3026768322
lsf,3072748295,509,BesherKitaz,User,COMMENTED,2025-07-30T17:48:19Z,https://github.com/BCStudentSoftwareDevTeam/lsf/pull/509#pullrequestreview-3072748295
lsf,3072793537,509,BesherKitaz,User,COMMENTED,2025-07-30T18:04:56Z,https://github.com/BCStudentSoftwareDevTeam/lsf/pull/509#pullrequestreview-3072793537
lsf,3072809591,509,BesherKitaz,User,COMMENTED,2025-07-30T18:08:34Z,https://github.com/BCStudentSoftwareDevTeam/lsf/pull/509#pullrequestreview-3072809591
lsf,3079660603,509,BesherKitaz,User,COMMENTED,2025-08-01T15:27:34Z,https://github.com/BCStudentSoftwareDevTeam/lsf/pull/509#pullrequestreview-3079660603
lsf,3342260022,540,JohnCox2211,User,COMMENTED,2025-10-15T21:01:53Z,https://github.com/BCStudentSoftwareDevTeam/lsf/pull/540#pullrequestreview-3342260022
lsf,3372874924,540,JohnCox2211,User,COMMENTED,2025-10-23T21:35:23Z,https://github.com/BCStudentSoftwareDevTeam/lsf/pull/540#pullrequestreview-3372874924
lsf,3332800561,541,ojmakinde,User,CHANGES_REQUESTED,2025-10-13T19:43:15Z,https://github.com/BCStudentSoftwareDevTeam/lsf/pull/541#pullrequestreview-3332800561
lsf,3336580877,541,ojmakinde,User,CHANGES_REQUESTED,2025-10-14T18:49:14Z,https://github.com/BCStudentSoftwareDevTeam/lsf/pull/541#pullrequestreview-3336580877
lsf,3357918548,541,RueHaile,User,COMMENTED,2025-10-20T21:01:03Z,https://github.com/BCStudentSoftwareDevTeam/lsf/pull/541#pullrequestreview-3357918548
lsf,3358106011,541,RueHaile,User,COMMENTED,2025-10-20T22:18:35Z,https://github.com/BCStudentSoftwareDevTeam/lsf/pull/541#pullrequestreview-3358106011
lsf,3418510991,541,ojmakinde,User,CHANGES_REQUESTED,2025-11-06T14:41:59Z,https://github.com/BCStudentSoftwareDevTeam/lsf/pull/541#pullrequestreview-3418510991
lsf,3435641739,542,eunsungw,User,COMMENTED,2025-11-07T18:28:22Z,https://github.com/BCStudentSoftwareDevTeam/lsf/pull/542#pullrequestreview-3435641739
lsf,3435650849,542,bakobagassas,User,APPROVED,2025-11-07T18:30:00Z,https://github.com/BCStudentSoftwareDevTeam/lsf/pull/542#pullrequestreview-3435650849
lsf,3385990786,544,MImran2002,User,PENDING,,https://github.com/BCStudentSoftwareDevTeam/lsf/pull/544#pullrequestreview-3385990786
lsf,3413347081,546,MImran2002,User,COMMENTED,2025-11-03T23:35:10Z,https://github.com/BCStudentSoftwareDevTeam/lsf/pull/546#pullrequestreview-3413347081
lsf,3413347447,546,MImran2002,User,COMMENTED,2025-11-03T23:35:25Z,https://github.com/BCStudentSoftwareDevTeam/lsf/pull/546#pullrequestreview-3413347447
lsf,3413350564,546,MImran2002,User,COMMENTED,2025-11-03T23:37:24Z,https://github.com/BCStudentSoftwareDevTeam/lsf/pull/546#pullrequestreview-3413350564
lsf,3413352666,546,MImran2002,User,COMMENTED,2025-11-03T23:38:03Z,https://github.com/BCStudentSoftwareDevTeam/lsf/pull/546#pullrequestreview-3413352666
lsf,3413381943,546,MImran2002,User,COMMENTED,2025-11-03T23:50:25Z,https://github.com/BCStudentSoftwareDevTeam/lsf/pull/546#pullrequestreview-3413381943
lsf,3413394209,546,MImran2002,User,COMMENTED,2025-11-03T23:58:23Z,https://github.com/BCStudentSoftwareDevTeam/lsf/pull/546#pullrequestreview-3413394209
lsf,3418594557,546,MImran2002,User,COMMENTED,2025-11-04T20:52:04Z,https://github.com/BCStudentSoftwareDevTeam/lsf/pull/546#pullrequestreview-3418594557
lsf,3418861884,546,MImran2002,User,COMMENTED,2025-11-04T22:43:08Z,https://github.com/BCStudentSoftwareDevTeam/lsf/pull/546#pullrequestreview-3418861884
lsf,3425135193,546,MImran2002,User,COMMENTED,2025-11-06T00:31:45Z,https://github.com/BCStudentSoftwareDevTeam/lsf/pull/546#pullrequestreview-3425135193
lsf,3425198632,546,MImran2002,User,COMMENTED,2025-11-06T01:06:23Z,https://github.com/BCStudentSoftwareDevTeam/lsf/pull/546#pullrequestreview-3425198632
lsf,3425199104,546,MImran2002,User,COMMENTED,2025-11-06T01:06:44Z,https://github.com/BCStudentSoftwareDevTeam/lsf/pull/546#pullrequestreview-3425199104
lsf,3459724213,550,ojmakinde,User,CHANGES_REQUESTED,2025-11-13T13:14:13Z,https://github.com/BCStudentSoftwareDevTeam/lsf/pull/550#pullrequestreview-3459724213
lsf,3459748612,550,ojmakinde,User,CHANGES_REQUESTED,2025-11-13T13:16:10Z,https://github.com/BCStudentSoftwareDevTeam/lsf/pull/550#pullrequestreview-3459748612
lsf,3459833320,550,ojmakinde,User,COMMENTED,2025-11-13T13:35:27Z,https://github.com/BCStudentSoftwareDevTeam/lsf/pull/550#pullrequestreview-3459833320
lsf,3461679885,550,Kafui123,User,COMMENTED,2025-11-13T21:03:34Z,https://github.com/BCStudentSoftwareDevTeam/lsf/pull/550#pullrequestreview-3461679885
lsf,3461683294,550,Kafui123,User,COMMENTED,2025-11-13T21:04:42Z,https://github.com/BCStudentSoftwareDevTeam/lsf/pull/550#pullrequestreview-3461683294
lsf,3466384521,550,ojmakinde,User,COMMENTED,2025-11-14T19:03:21Z,https://github.com/BCStudentSoftwareDevTeam/lsf/pull/550#pullrequestreview-3466384521
lsf,3466388166,550,ojmakinde,User,CHANGES_REQUESTED,2025-11-14T19:04:12Z,https://github.com/BCStudentSoftwareDevTeam/lsf/pull/550#pullrequestreview-3466388166
lsf,3466838978,550,Kafui123,User,COMMENTED,2025-11-14T21:17:34Z,https://github.com/BCStudentSoftwareDevTeam/lsf/pull/550#pullrequestreview-3466838978
lsf,3474149141,550,ojmakinde,User,CHANGES_REQUESTED,2025-11-17T19:00:17Z,https://github.com/BCStudentSoftwareDevTeam/lsf/pull/550#pullrequestreview-3474149141
lsf,3501842065,550,ojmakinde,User,COMMENTED,2025-11-24T19:12:14Z,https://github.com/BCStudentSoftwareDevTeam/lsf/pull/550#pullrequestreview-3501842065
lsf,3502062703,550,ojmakinde,User,COMMENTED,2025-11-24T20:06:30Z,https://github.com/BCStudentSoftwareDevTeam/lsf/pull/550#pullrequestreview-3502062703
lsf,3502283392,550,Kafui123,User,COMMENTED,2025-11-24T21:21:19Z,https://github.com/BCStudentSoftwareDevTeam/lsf/pull/550#pullrequestreview-3502283392
lsf,3689737277,558,MImran2002,User,APPROVED,2026-01-21T22:54:36Z,https://github.com/BCStudentSoftwareDevTeam/lsf/pull/558#pullrequestreview-3689737277
lsf,3850686476,563,Kafui123,User,COMMENTED,2026-02-24T21:40:13Z,https://github.com/BCStudentSoftwareDevTeam/lsf/pull/563#pullrequestreview-3850686476
lsf,3850733165,563,Kafui123,User,COMMENTED,2026-02-24T21:52:25Z,https://github.com/BCStudentSoftwareDevTeam/lsf/pull/563#pullrequestreview-3850733165
lsf,3932190686,563,Kafui123,User,COMMENTED,2026-03-11T19:58:11Z,https://github.com/BCStudentSoftwareDevTeam/lsf/pull/563#pullrequestreview-3932190686
lsf,3932420166,563,JohnCox2211,User,COMMENTED,2026-03-11T20:40:13Z,https://github.com/BCStudentSoftwareDevTeam/lsf/pull/563#pullrequestreview-3932420166
lsf,3955465350,563,JohnCox2211,User,COMMENTED,2026-03-16T17:21:18Z,https://github.com/BCStudentSoftwareDevTeam/lsf/pull/563#pullrequestreview-3955465350
lsf,4010163627,563,MImran2002,User,CHANGES_REQUESTED,2026-03-25T22:01:46Z,https://github.com/BCStudentSoftwareDevTeam/lsf/pull/563#pullrequestreview-4010163627
lsf,4022383512,563,MImran2002,User,CHANGES_REQUESTED,2026-03-27T22:52:24Z,https://github.com/BCStudentSoftwareDevTeam/lsf/pull/563#pullrequestreview-4022383512
lsf,4039291912,563,JohnCox2211,User,COMMENTED,2026-03-31T18:29:04Z,https://github.com/BCStudentSoftwareDevTeam/lsf/pull/563#pullrequestreview-4039291912
lsf,4039300861,563,JohnCox2211,User,COMMENTED,2026-03-31T18:31:03Z,https://github.com/BCStudentSoftwareDevTeam/lsf/pull/563#pullrequestreview-4039300861
lsf,4039307142,563,JohnCox2211,User,COMMENTED,2026-03-31T18:32:24Z,https://github.com/BCStudentSoftwareDevTeam/lsf/pull/563#pullrequestreview-4039307142
lsf,4039542787,563,JohnCox2211,User,COMMENTED,2026-03-31T19:15:19Z,https://github.com/BCStudentSoftwareDevTeam/lsf/pull/563#pullrequestreview-4039542787
lsf,4039609147,563,JohnCox2211,User,COMMENTED,2026-03-31T19:28:32Z,https://github.com/BCStudentSoftwareDevTeam/lsf/pull/563#pullrequestreview-4039609147
lsf,3747503952,563,RueHaile,User,APPROVED,2026-04-09T19:57:57Z,https://github.com/BCStudentSoftwareDevTeam/lsf/pull/563#pullrequestreview-3747503952
lsf,4109254805,563,MImran2002,User,COMMENTED,2026-04-14T21:13:53Z,https://github.com/BCStudentSoftwareDevTeam/lsf/pull/563#pullrequestreview-4109254805
lsf,4109306848,563,MImran2002,User,CHANGES_REQUESTED,2026-04-14T21:25:35Z,https://github.com/BCStudentSoftwareDevTeam/lsf/pull/563#pullrequestreview-4109306848
lsf,4439283936,563,MImran2002,User,APPROVED,2026-06-05T20:05:16Z,https://github.com/BCStudentSoftwareDevTeam/lsf/pull/563#pullrequestreview-4439283936
lsf,3815323460,564,MImran2002,User,CHANGES_REQUESTED,2026-02-17T17:33:56Z,https://github.com/BCStudentSoftwareDevTeam/lsf/pull/564#pullrequestreview-3815323460
lsf,3832131654,564,Meatchema,User,COMMENTED,2026-02-20T13:51:41Z,https://github.com/BCStudentSoftwareDevTeam/lsf/pull/564#pullrequestreview-3832131654
lsf,3868498676,564,ojmakinde,User,COMMENTED,2026-02-27T19:01:42Z,https://github.com/BCStudentSoftwareDevTeam/lsf/pull/564#pullrequestreview-3868498676
lsf,3878674307,564,RueHaile,User,COMMENTED,2026-03-02T21:04:27Z,https://github.com/BCStudentSoftwareDevTeam/lsf/pull/564#pullrequestreview-3878674307
lsf,3878692047,564,RueHaile,User,COMMENTED,2026-03-02T21:08:33Z,https://github.com/BCStudentSoftwareDevTeam/lsf/pull/564#pullrequestreview-3878692047
lsf,3878693290,564,RueHaile,User,COMMENTED,2026-03-02T21:08:53Z,https://github.com/BCStudentSoftwareDevTeam/lsf/pull/564#pullrequestreview-3878693290
lsf,3879030185,564,ojmakinde,User,COMMENTED,2026-03-02T22:26:01Z,https://github.com/BCStudentSoftwareDevTeam/lsf/pull/564#pullrequestreview-3879030185
lsf,3939122237,564,JohnCox2211,User,CHANGES_REQUESTED,2026-03-12T19:17:17Z,https://github.com/BCStudentSoftwareDevTeam/lsf/pull/564#pullrequestreview-3939122237
lsf,3976727904,564,JohnCox2211,User,CHANGES_REQUESTED,2026-03-19T17:23:34Z,https://github.com/BCStudentSoftwareDevTeam/lsf/pull/564#pullrequestreview-3976727904
lsf,4085074164,564,JohnCox2211,User,APPROVED,2026-04-09T20:00:24Z,https://github.com/BCStudentSoftwareDevTeam/lsf/pull/564#pullrequestreview-4085074164
lsf,4108751593,564,MImran2002,User,COMMENTED,2026-04-14T20:08:32Z,https://github.com/BCStudentSoftwareDevTeam/lsf/pull/564#pullrequestreview-4108751593
lsf,4108987719,564,MImran2002,User,APPROVED,2026-04-14T20:35:34Z,https://github.com/BCStudentSoftwareDevTeam/lsf/pull/564#pullrequestreview-4108987719
lsf,4488723271,567,MImran2002,User,PENDING,,https://github.com/BCStudentSoftwareDevTeam/lsf/pull/567#pullrequestreview-4488723271
lsf,3962656542,567,JohnCox2211,User,CHANGES_REQUESTED,2026-03-17T17:51:08Z,https://github.com/BCStudentSoftwareDevTeam/lsf/pull/567#pullrequestreview-3962656542
lsf,4085227619,567,JohnCox2211,User,CHANGES_REQUESTED,2026-04-09T20:30:37Z,https://github.com/BCStudentSoftwareDevTeam/lsf/pull/567#pullrequestreview-4085227619
lsf,4220744011,567,MImran2002,User,CHANGES_REQUESTED,2026-05-04T14:09:15Z,https://github.com/BCStudentSoftwareDevTeam/lsf/pull/567#pullrequestreview-4220744011
lsf,5180991244,567,bakobagassas,User,COMMENTED,2026-09-11T16:21:12Z,https://github.com/BCStudentSoftwareDevTeam/lsf/pull/567#pullrequestreview-5180991244
lsf,5181010631,567,bakobagassas,User,COMMENTED,2026-09-11T16:23:14Z,https://github.com/BCStudentSoftwareDevTeam/lsf/pull/567#pullrequestreview-5181010631
lsf,5181114473,567,bakobagassas,User,COMMENTED,2026-09-11T16:31:45Z,https://github.com/BCStudentSoftwareDevTeam/lsf/pull/567#pullrequestreview-5181114473
lsf,5181774108,567,bakobagassas,User,COMMENTED,2026-09-11T17:39:46Z,https://github.com/BCStudentSoftwareDevTeam/lsf/pull/567#pullrequestreview-5181774108
lsf,5182627014,567,bakobagassas,User,COMMENTED,2026-09-11T19:21:50Z,https://github.com/BCStudentSoftwareDevTeam/lsf/pull/567#pullrequestreview-5182627014
lsf,3970670697,569,JohnCox2211,User,CHANGES_REQUESTED,2026-03-18T20:35:41Z,https://github.com/BCStudentSoftwareDevTeam/lsf/pull/569#pullrequestreview-3970670697
lsf,3971006093,569,Arohasina,User,CHANGES_REQUESTED,2026-03-18T21:37:43Z,https://github.com/BCStudentSoftwareDevTeam/lsf/pull/569#pullrequestreview-3971006093
lsf,4009559018,569,JohnCox2211,User,APPROVED,2026-03-25T20:10:00Z,https://github.com/BCStudentSoftwareDevTeam/lsf/pull/569#pullrequestreview-4009559018
lsf,4009599895,569,Arohasina,User,APPROVED,2026-03-25T20:18:16Z,https://github.com/BCStudentSoftwareDevTeam/lsf/pull/569#pullrequestreview-4009599895
lsf,4026264292,570,Arohasina,User,CHANGES_REQUESTED,2026-03-31T20:07:41Z,https://github.com/BCStudentSoftwareDevTeam/lsf/pull/570#pullrequestreview-4026264292
lsf,4039829884,570,JohnCox2211,User,COMMENTED,2026-03-31T20:09:44Z,https://github.com/BCStudentSoftwareDevTeam/lsf/pull/570#pullrequestreview-4039829884
lsf,4045319568,570,Meatchema,User,APPROVED,2026-04-01T16:07:32Z,https://github.com/BCStudentSoftwareDevTeam/lsf/pull/570#pullrequestreview-4045319568
lsf,4046500572,570,Arohasina,User,APPROVED,2026-04-01T19:16:35Z,https://github.com/BCStudentSoftwareDevTeam/lsf/pull/570#pullrequestreview-4046500572
lsf,4100659277,571,bakobagassas,User,CHANGES_REQUESTED,2026-04-13T17:23:22Z,https://github.com/BCStudentSoftwareDevTeam/lsf/pull/571#pullrequestreview-4100659277
lsf,4108745266,571,bakobagassas,User,COMMENTED,2026-04-14T19:59:31Z,https://github.com/BCStudentSoftwareDevTeam/lsf/pull/571#pullrequestreview-4108745266
lsf,4108927894,571,Arohasina,User,COMMENTED,2026-04-14T20:27:21Z,https://github.com/BCStudentSoftwareDevTeam/lsf/pull/571#pullrequestreview-4108927894
lsf,4109007330,571,Arohasina,User,CHANGES_REQUESTED,2026-04-14T20:38:03Z,https://github.com/BCStudentSoftwareDevTeam/lsf/pull/571#pullrequestreview-4109007330
lsf,4108966920,571,bakobagassas,User,CHANGES_REQUESTED,2026-04-14T20:45:42Z,https://github.com/BCStudentSoftwareDevTeam/lsf/pull/571#pullrequestreview-4108966920
lsf,4109115368,571,Arohasina,User,CHANGES_REQUESTED,2026-04-14T20:50:49Z,https://github.com/BCStudentSoftwareDevTeam/lsf/pull/571#pullrequestreview-4109115368
lsf,4109131191,571,Arohasina,User,COMMENTED,2026-04-14T20:52:43Z,https://github.com/BCStudentSoftwareDevTeam/lsf/pull/571#pullrequestreview-4109131191
lsf,4109175305,571,Arohasina,User,COMMENTED,2026-04-14T20:58:09Z,https://github.com/BCStudentSoftwareDevTeam/lsf/pull/571#pullrequestreview-4109175305
lsf,4117069436,571,Kafui123,User,COMMENTED,2026-04-15T21:50:48Z,https://github.com/BCStudentSoftwareDevTeam/lsf/pull/571#pullrequestreview-4117069436
lsf,4117116068,571,Kafui123,User,COMMENTED,2026-04-15T21:59:41Z,https://github.com/BCStudentSoftwareDevTeam/lsf/pull/571#pullrequestreview-4117116068
lsf,4124175931,571,Kafui123,User,COMMENTED,2026-04-16T20:21:26Z,https://github.com/BCStudentSoftwareDevTeam/lsf/pull/571#pullrequestreview-4124175931
lsf,4150496844,571,Arohasina,User,APPROVED,2026-04-21T20:08:54Z,https://github.com/BCStudentSoftwareDevTeam/lsf/pull/571#pullrequestreview-4150496844
lsf,4220980363,571,MImran2002,User,CHANGES_REQUESTED,2026-05-04T14:48:15Z,https://github.com/BCStudentSoftwareDevTeam/lsf/pull/571#pullrequestreview-4220980363
lsf,4221682791,571,Kafui123,User,COMMENTED,2026-05-04T16:26:16Z,https://github.com/BCStudentSoftwareDevTeam/lsf/pull/571#pullrequestreview-4221682791
lsf,4230976439,571,Kafui123,User,COMMENTED,2026-05-05T19:20:02Z,https://github.com/BCStudentSoftwareDevTeam/lsf/pull/571#pullrequestreview-4230976439
lsf,4450790582,571,MImran2002,User,COMMENTED,2026-06-08T15:09:10Z,https://github.com/BCStudentSoftwareDevTeam/lsf/pull/571#pullrequestreview-4450790582
lsf,4451039647,571,MImran2002,User,COMMENTED,2026-06-08T15:38:48Z,https://github.com/BCStudentSoftwareDevTeam/lsf/pull/571#pullrequestreview-4451039647
lsf,4462468500,571,MImran2002,User,COMMENTED,2026-06-09T21:13:47Z,https://github.com/BCStudentSoftwareDevTeam/lsf/pull/571#pullrequestreview-4462468500
lsf,4479380617,571,MImran2002,User,COMMENTED,2026-06-11T18:15:02Z,https://github.com/BCStudentSoftwareDevTeam/lsf/pull/571#pullrequestreview-4479380617
lsf,5102537335,571,fritzj2,User,CHANGES_REQUESTED,2026-09-03T13:38:39Z,https://github.com/BCStudentSoftwareDevTeam/lsf/pull/571#pullrequestreview-5102537335
lsf,5105496785,571,Kafui123,User,COMMENTED,2026-09-03T18:36:33Z,https://github.com/BCStudentSoftwareDevTeam/lsf/pull/571#pullrequestreview-5105496785
lsf,5114383619,571,fritzj2,User,CHANGES_REQUESTED,2026-09-04T15:10:49Z,https://github.com/BCStudentSoftwareDevTeam/lsf/pull/571#pullrequestreview-5114383619
lsf,5145678159,571,MImran2002,User,CHANGES_REQUESTED,2026-09-08T18:52:24Z,https://github.com/BCStudentSoftwareDevTeam/lsf/pull/571#pullrequestreview-5145678159
lsf,5158170760,571,Kafui123,User,COMMENTED,2026-09-09T18:14:08Z,https://github.com/BCStudentSoftwareDevTeam/lsf/pull/571#pullrequestreview-5158170760
lsf,5198752374,571,bakobagassas,User,COMMENTED,2026-09-14T14:13:13Z,https://github.com/BCStudentSoftwareDevTeam/lsf/pull/571#pullrequestreview-5198752374
lsf,5198969749,571,bakobagassas,User,APPROVED,2026-09-14T14:33:29Z,https://github.com/BCStudentSoftwareDevTeam/lsf/pull/571#pullrequestreview-5198969749
lsf,5201839427,571,MImran2002,User,APPROVED,2026-09-14T19:17:22Z,https://github.com/BCStudentSoftwareDevTeam/lsf/pull/571#pullrequestreview-5201839427
lsf,5210015966,571,fritzj2,User,APPROVED,2026-09-15T12:36:50Z,https://github.com/BCStudentSoftwareDevTeam/lsf/pull/571#pullrequestreview-5210015966
lsf,4518062645,582,fritzj2,User,CHANGES_REQUESTED,2026-06-17T17:23:03Z,https://github.com/BCStudentSoftwareDevTeam/lsf/pull/582#pullrequestreview-4518062645
lsf,4518842809,582,fritzj2,User,APPROVED,2026-06-17T19:13:25Z,https://github.com/BCStudentSoftwareDevTeam/lsf/pull/582#pullrequestreview-4518842809
lsf,4554840643,582,MImran2002,User,CHANGES_REQUESTED,2026-06-23T15:44:04Z,https://github.com/BCStudentSoftwareDevTeam/lsf/pull/582#pullrequestreview-4554840643
lsf,4554904539,582,MImran2002,User,APPROVED,2026-06-23T15:52:06Z,https://github.com/BCStudentSoftwareDevTeam/lsf/pull/582#pullrequestreview-4554904539
lsf,4865959771,582,conwelld,User,COMMENTED,2026-08-05T15:19:02Z,https://github.com/BCStudentSoftwareDevTeam/lsf/pull/582#pullrequestreview-4865959771
lsf,4519236667,583,ArtemKurasov,User,APPROVED,2026-06-17T20:07:01Z,https://github.com/BCStudentSoftwareDevTeam/lsf/pull/583#pullrequestreview-4519236667
lsf,4519240619,583,BhushanSah,User,APPROVED,2026-06-17T20:07:35Z,https://github.com/BCStudentSoftwareDevTeam/lsf/pull/583#pullrequestreview-4519240619
lsf,4556971109,583,MImran2002,User,CHANGES_REQUESTED,2026-06-23T21:07:41Z,https://github.com/BCStudentSoftwareDevTeam/lsf/pull/583#pullrequestreview-4556971109
lsf,4663424138,583,MImran2002,User,APPROVED,2026-07-09T13:34:52Z,https://github.com/BCStudentSoftwareDevTeam/lsf/pull/583#pullrequestreview-4663424138
lsf,4527445569,584,conwelld,User,APPROVED,2026-06-18T18:07:58Z,https://github.com/BCStudentSoftwareDevTeam/lsf/pull/584#pullrequestreview-4527445569
lsf,4563064914,587,MImran2002,User,CHANGES_REQUESTED,2026-06-24T14:24:16Z,https://github.com/BCStudentSoftwareDevTeam/lsf/pull/587#pullrequestreview-4563064914
lsf,4563223054,589,MImran2002,User,CHANGES_REQUESTED,2026-06-25T14:32:53Z,https://github.com/BCStudentSoftwareDevTeam/lsf/pull/589#pullrequestreview-4563223054
lsf,4610573472,589,fritzj2,User,COMMENTED,2026-07-01T15:36:50Z,https://github.com/BCStudentSoftwareDevTeam/lsf/pull/589#pullrequestreview-4610573472
lsf,5143579542,589,MImran2002,User,CHANGES_REQUESTED,2026-09-08T15:16:47Z,https://github.com/BCStudentSoftwareDevTeam/lsf/pull/589#pullrequestreview-5143579542
lsf,5199948502,589,MImran2002,User,CHANGES_REQUESTED,2026-09-14T16:02:13Z,https://github.com/BCStudentSoftwareDevTeam/lsf/pull/589#pullrequestreview-5199948502
lsf,4548154450,590,fritzj2,User,CHANGES_REQUESTED,2026-06-22T21:16:09Z,https://github.com/BCStudentSoftwareDevTeam/lsf/pull/590#pullrequestreview-4548154450
lsf,4548172450,590,fritzj2,User,APPROVED,2026-06-22T21:19:40Z,https://github.com/BCStudentSoftwareDevTeam/lsf/pull/590#pullrequestreview-4548172450
lsf,4574409051,592,MImran2002,User,CHANGES_REQUESTED,2026-06-25T19:42:45Z,https://github.com/BCStudentSoftwareDevTeam/lsf/pull/592#pullrequestreview-4574409051
lsf,4574625034,592,MImran2002,User,CHANGES_REQUESTED,2026-06-25T20:14:31Z,https://github.com/BCStudentSoftwareDevTeam/lsf/pull/592#pullrequestreview-4574625034
lsf,4575567449,592,BhushanSah,User,COMMENTED,2026-06-25T22:55:02Z,https://github.com/BCStudentSoftwareDevTeam/lsf/pull/592#pullrequestreview-4575567449
lsf,4610191132,592,MImran2002,User,CHANGES_REQUESTED,2026-07-01T14:52:42Z,https://github.com/BCStudentSoftwareDevTeam/lsf/pull/592#pullrequestreview-4610191132
lsf,4610226208,592,MImran2002,User,CHANGES_REQUESTED,2026-07-01T14:57:09Z,https://github.com/BCStudentSoftwareDevTeam/lsf/pull/592#pullrequestreview-4610226208
lsf,4638941649,592,MImran2002,User,CHANGES_REQUESTED,2026-07-06T19:03:36Z,https://github.com/BCStudentSoftwareDevTeam/lsf/pull/592#pullrequestreview-4638941649
lsf,4555438982,593,fritzj2,User,CHANGES_REQUESTED,2026-06-23T17:00:28Z,https://github.com/BCStudentSoftwareDevTeam/lsf/pull/593#pullrequestreview-4555438982
lsf,4555686104,593,fritzj2,User,APPROVED,2026-06-23T17:35:57Z,https://github.com/BCStudentSoftwareDevTeam/lsf/pull/593#pullrequestreview-4555686104
lsf,4610407615,596,MImran2002,User,CHANGES_REQUESTED,2026-07-01T15:35:32Z,https://github.com/BCStudentSoftwareDevTeam/lsf/pull/596#pullrequestreview-4610407615
lsf,4638973594,596,MImran2002,User,CHANGES_REQUESTED,2026-07-06T19:09:55Z,https://github.com/BCStudentSoftwareDevTeam/lsf/pull/596#pullrequestreview-4638973594
lsf,4638982919,596,MImran2002,User,CHANGES_REQUESTED,2026-07-06T19:10:12Z,https://github.com/BCStudentSoftwareDevTeam/lsf/pull/596#pullrequestreview-4638982919
lsf,4639712745,596,MImran2002,User,APPROVED,2026-07-06T21:00:31Z,https://github.com/BCStudentSoftwareDevTeam/lsf/pull/596#pullrequestreview-4639712745
lsf,4747907543,627,BetterRocket,User,COMMENTED,2026-07-21T18:37:34Z,https://github.com/BCStudentSoftwareDevTeam/lsf/pull/627#pullrequestreview-4747907543
lsf,4747927033,627,BetterRocket,User,COMMENTED,2026-07-21T18:39:39Z,https://github.com/BCStudentSoftwareDevTeam/lsf/pull/627#pullrequestreview-4747927033
lsf,4747949435,627,BetterRocket,User,COMMENTED,2026-07-21T18:41:57Z,https://github.com/BCStudentSoftwareDevTeam/lsf/pull/627#pullrequestreview-4747949435
lsf,4748024812,627,brightfietsop-ux,User,COMMENTED,2026-07-21T18:49:41Z,https://github.com/BCStudentSoftwareDevTeam/lsf/pull/627#pullrequestreview-4748024812
lsf,4748030470,627,brightfietsop-ux,User,COMMENTED,2026-07-21T18:50:17Z,https://github.com/BCStudentSoftwareDevTeam/lsf/pull/627#pullrequestreview-4748030470
lsf,4748033099,627,brightfietsop-ux,User,CHANGES_REQUESTED,2026-07-21T18:50:33Z,https://github.com/BCStudentSoftwareDevTeam/lsf/pull/627#pullrequestreview-4748033099
lsf,4747995983,627,BhushanSah,User,CHANGES_REQUESTED,2026-07-21T18:50:35Z,https://github.com/BCStudentSoftwareDevTeam/lsf/pull/627#pullrequestreview-4747995983
lsf,4748085094,627,BetterRocket,User,COMMENTED,2026-07-21T18:56:16Z,https://github.com/BCStudentSoftwareDevTeam/lsf/pull/627#pullrequestreview-4748085094
lsf,4748172363,627,BetterRocket,User,COMMENTED,2026-07-21T19:06:09Z,https://github.com/BCStudentSoftwareDevTeam/lsf/pull/627#pullrequestreview-4748172363
lsf,4656693217,633,MImran2002,User,APPROVED,2026-07-08T17:53:43Z,https://github.com/BCStudentSoftwareDevTeam/lsf/pull/633#pullrequestreview-4656693217
lsf,4654820756,634,MImran2002,User,CHANGES_REQUESTED,2026-07-08T13:57:24Z,https://github.com/BCStudentSoftwareDevTeam/lsf/pull/634#pullrequestreview-4654820756
lsf,4654811101,636,MImran2002,User,CHANGES_REQUESTED,2026-07-08T13:56:17Z,https://github.com/BCStudentSoftwareDevTeam/lsf/pull/636#pullrequestreview-4654811101
lsf,4657459885,637,fritzj2,User,CHANGES_REQUESTED,2026-07-08T19:50:05Z,https://github.com/BCStudentSoftwareDevTeam/lsf/pull/637#pullrequestreview-4657459885
lsf,4665688836,638,MImran2002,User,PENDING,,https://github.com/BCStudentSoftwareDevTeam/lsf/pull/638#pullrequestreview-4665688836
lsf,4665367891,638,MImran2002,User,CHANGES_REQUESTED,2026-07-09T17:38:08Z,https://github.com/BCStudentSoftwareDevTeam/lsf/pull/638#pullrequestreview-4665367891
lsf,4657359460,639,MImran2002,User,CHANGES_REQUESTED,2026-07-08T19:50:38Z,https://github.com/BCStudentSoftwareDevTeam/lsf/pull/639#pullrequestreview-4657359460
lsf,4664653776,639,BetterRocket,User,COMMENTED,2026-07-09T15:56:13Z,https://github.com/BCStudentSoftwareDevTeam/lsf/pull/639#pullrequestreview-4664653776
lsf,4687108195,639,MImran2002,User,CHANGES_REQUESTED,2026-07-13T17:20:51Z,https://github.com/BCStudentSoftwareDevTeam/lsf/pull/639#pullrequestreview-4687108195
lsf,4687236700,639,MImran2002,User,CHANGES_REQUESTED,2026-07-13T17:37:35Z,https://github.com/BCStudentSoftwareDevTeam/lsf/pull/639#pullrequestreview-4687236700
lsf,4687342243,639,MImran2002,User,APPROVED,2026-07-13T17:50:26Z,https://github.com/BCStudentSoftwareDevTeam/lsf/pull/639#pullrequestreview-4687342243
lsf,4673711504,641,fritzj2,User,CHANGES_REQUESTED,2026-07-10T17:50:52Z,https://github.com/BCStudentSoftwareDevTeam/lsf/pull/641#pullrequestreview-4673711504
lsf,4695586334,642,MImran2002,User,APPROVED,2026-07-14T14:53:53Z,https://github.com/BCStudentSoftwareDevTeam/lsf/pull/642#pullrequestreview-4695586334
lsf,4665482755,643,MImran2002,User,CHANGES_REQUESTED,2026-07-09T18:00:34Z,https://github.com/BCStudentSoftwareDevTeam/lsf/pull/643#pullrequestreview-4665482755
lsf,4672041481,643,MImran2002,User,CHANGES_REQUESTED,2026-07-10T13:54:08Z,https://github.com/BCStudentSoftwareDevTeam/lsf/pull/643#pullrequestreview-4672041481
lsf,4672468278,643,MImran2002,User,APPROVED,2026-07-10T14:45:57Z,https://github.com/BCStudentSoftwareDevTeam/lsf/pull/643#pullrequestreview-4672468278
lsf,4685983826,645,MImran2002,User,CHANGES_REQUESTED,2026-07-13T20:07:30Z,https://github.com/BCStudentSoftwareDevTeam/lsf/pull/645#pullrequestreview-4685983826
lsf,4688501486,645,MImran2002,User,APPROVED,2026-07-13T20:30:40Z,https://github.com/BCStudentSoftwareDevTeam/lsf/pull/645#pullrequestreview-4688501486
lsf,4819689971,646,MImran2002,User,CHANGES_REQUESTED,2026-07-30T14:35:25Z,https://github.com/BCStudentSoftwareDevTeam/lsf/pull/646#pullrequestreview-4819689971
lsf,4848225229,646,MImran2002,User,CHANGES_REQUESTED,2026-08-03T20:27:55Z,https://github.com/BCStudentSoftwareDevTeam/lsf/pull/646#pullrequestreview-4848225229
lsf,4688469798,647,MImran2002,User,CHANGES_REQUESTED,2026-07-14T02:50:47Z,https://github.com/BCStudentSoftwareDevTeam/lsf/pull/647#pullrequestreview-4688469798
lsf,4695188149,647,conwelld,User,COMMENTED,2026-07-14T14:13:40Z,https://github.com/BCStudentSoftwareDevTeam/lsf/pull/647#pullrequestreview-4695188149
lsf,4695209769,647,conwelld,User,COMMENTED,2026-07-14T14:15:46Z,https://github.com/BCStudentSoftwareDevTeam/lsf/pull/647#pullrequestreview-4695209769
lsf,4696123875,647,MImran2002,User,APPROVED,2026-07-14T15:52:29Z,https://github.com/BCStudentSoftwareDevTeam/lsf/pull/647#pullrequestreview-4696123875
lsf,4788721579,648,MImran2002,User,PENDING,,https://github.com/BCStudentSoftwareDevTeam/lsf/pull/648#pullrequestreview-4788721579
lsf,4819801360,648,BhushanSah,User,CHANGES_REQUESTED,2026-07-30T14:33:18Z,https://github.com/BCStudentSoftwareDevTeam/lsf/pull/648#pullrequestreview-4819801360
lsf,4820677404,648,ArtemKurasov,User,COMMENTED,2026-07-30T15:50:23Z,https://github.com/BCStudentSoftwareDevTeam/lsf/pull/648#pullrequestreview-4820677404
lsf,4820678039,648,ArtemKurasov,User,COMMENTED,2026-07-30T15:50:27Z,https://github.com/BCStudentSoftwareDevTeam/lsf/pull/648#pullrequestreview-4820678039
lsf,4820698252,648,ArtemKurasov,User,COMMENTED,2026-07-30T15:52:20Z,https://github.com/BCStudentSoftwareDevTeam/lsf/pull/648#pullrequestreview-4820698252
lsf,4820715871,648,ArtemKurasov,User,COMMENTED,2026-07-30T15:54:04Z,https://github.com/BCStudentSoftwareDevTeam/lsf/pull/648#pullrequestreview-4820715871
lsf,4856009433,649,MImran2002,User,PENDING,,https://github.com/BCStudentSoftwareDevTeam/lsf/pull/649#pullrequestreview-4856009433
lsf,4758061036,649,MImran2002,User,CHANGES_REQUESTED,2026-07-22T20:10:34Z,https://github.com/BCStudentSoftwareDevTeam/lsf/pull/649#pullrequestreview-4758061036
lsf,4800618758,649,MImran2002,User,CHANGES_REQUESTED,2026-07-28T20:27:50Z,https://github.com/BCStudentSoftwareDevTeam/lsf/pull/649#pullrequestreview-4800618758
lsf,4812070369,649,conwelld,User,CHANGES_REQUESTED,2026-07-29T19:17:27Z,https://github.com/BCStudentSoftwareDevTeam/lsf/pull/649#pullrequestreview-4812070369
lsf,4812179401,649,MImran2002,User,CHANGES_REQUESTED,2026-07-29T20:45:26Z,https://github.com/BCStudentSoftwareDevTeam/lsf/pull/649#pullrequestreview-4812179401
lsf,4820177965,649,MImran2002,User,CHANGES_REQUESTED,2026-07-30T15:35:05Z,https://github.com/BCStudentSoftwareDevTeam/lsf/pull/649#pullrequestreview-4820177965
lsf,4791401617,649,BhushanSah,User,COMMENTED,2026-07-30T15:41:38Z,https://github.com/BCStudentSoftwareDevTeam/lsf/pull/649#pullrequestreview-4791401617
lsf,4821404734,649,BhushanSah,User,COMMENTED,2026-07-30T17:12:08Z,https://github.com/BCStudentSoftwareDevTeam/lsf/pull/649#pullrequestreview-4821404734
lsf,4821419531,649,BhushanSah,User,COMMENTED,2026-07-30T17:13:56Z,https://github.com/BCStudentSoftwareDevTeam/lsf/pull/649#pullrequestreview-4821419531
lsf,4821990924,649,brightfietsop-ux,User,COMMENTED,2026-07-30T18:23:17Z,https://github.com/BCStudentSoftwareDevTeam/lsf/pull/649#pullrequestreview-4821990924
lsf,4845338618,649,MImran2002,User,CHANGES_REQUESTED,2026-08-03T15:33:51Z,https://github.com/BCStudentSoftwareDevTeam/lsf/pull/649#pullrequestreview-4845338618
lsf,4845898947,649,MImran2002,User,COMMENTED,2026-08-03T15:37:31Z,https://github.com/BCStudentSoftwareDevTeam/lsf/pull/649#pullrequestreview-4845898947
lsf,4845905672,649,MImran2002,User,CHANGES_REQUESTED,2026-08-03T15:38:14Z,https://github.com/BCStudentSoftwareDevTeam/lsf/pull/649#pullrequestreview-4845905672
lsf,4847549304,649,MImran2002,User,CHANGES_REQUESTED,2026-08-03T19:34:50Z,https://github.com/BCStudentSoftwareDevTeam/lsf/pull/649#pullrequestreview-4847549304
lsf,4847983222,649,BhushanSah,User,COMMENTED,2026-08-03T20:23:27Z,https://github.com/BCStudentSoftwareDevTeam/lsf/pull/649#pullrequestreview-4847983222
lsf,4848296399,649,BhushanSah,User,COMMENTED,2026-08-03T20:32:17Z,https://github.com/BCStudentSoftwareDevTeam/lsf/pull/649#pullrequestreview-4848296399
lsf,4748893112,651,MImran2002,User,CHANGES_REQUESTED,2026-07-21T20:50:33Z,https://github.com/BCStudentSoftwareDevTeam/lsf/pull/651#pullrequestreview-4748893112
lsf,4757348346,651,brightfietsop-ux,User,COMMENTED,2026-07-22T18:09:41Z,https://github.com/BCStudentSoftwareDevTeam/lsf/pull/651#pullrequestreview-4757348346
lsf,4757380293,651,brightfietsop-ux,User,COMMENTED,2026-07-22T18:12:50Z,https://github.com/BCStudentSoftwareDevTeam/lsf/pull/651#pullrequestreview-4757380293
lsf,4757476630,651,brightfietsop-ux,User,COMMENTED,2026-07-22T18:24:31Z,https://github.com/BCStudentSoftwareDevTeam/lsf/pull/651#pullrequestreview-4757476630
lsf,4757502377,651,brightfietsop-ux,User,COMMENTED,2026-07-22T18:27:43Z,https://github.com/BCStudentSoftwareDevTeam/lsf/pull/651#pullrequestreview-4757502377
lsf,4757505976,651,brightfietsop-ux,User,CHANGES_REQUESTED,2026-07-22T18:28:10Z,https://github.com/BCStudentSoftwareDevTeam/lsf/pull/651#pullrequestreview-4757505976
lsf,4758016288,651,nahom70,User,COMMENTED,2026-07-22T19:27:04Z,https://github.com/BCStudentSoftwareDevTeam/lsf/pull/651#pullrequestreview-4758016288
lsf,4791307763,651,brightfietsop-ux,User,APPROVED,2026-07-27T20:38:52Z,https://github.com/BCStudentSoftwareDevTeam/lsf/pull/651#pullrequestreview-4791307763
lsf,4799128486,651,MImran2002,User,CHANGES_REQUESTED,2026-07-28T16:00:03Z,https://github.com/BCStudentSoftwareDevTeam/lsf/pull/651#pullrequestreview-4799128486
lsf,4812580809,651,MImran2002,User,APPROVED,2026-07-29T20:17:39Z,https://github.com/BCStudentSoftwareDevTeam/lsf/pull/651#pullrequestreview-4812580809
lsf,4747480558,652,MImran2002,User,CHANGES_REQUESTED,2026-07-21T18:48:01Z,https://github.com/BCStudentSoftwareDevTeam/lsf/pull/652#pullrequestreview-4747480558
lsf,4788784559,652,MImran2002,User,CHANGES_REQUESTED,2026-07-27T15:54:00Z,https://github.com/BCStudentSoftwareDevTeam/lsf/pull/652#pullrequestreview-4788784559
lsf,4790656223,652,MImran2002,User,CHANGES_REQUESTED,2026-07-27T21:01:37Z,https://github.com/BCStudentSoftwareDevTeam/lsf/pull/652#pullrequestreview-4790656223
lsf,4798054447,652,MImran2002,User,CHANGES_REQUESTED,2026-07-28T14:34:48Z,https://github.com/BCStudentSoftwareDevTeam/lsf/pull/652#pullrequestreview-4798054447
lsf,4800172196,652,MImran2002,User,APPROVED,2026-07-28T17:32:18Z,https://github.com/BCStudentSoftwareDevTeam/lsf/pull/652#pullrequestreview-4800172196
lsf,4746123237,654,fritzj2,User,CHANGES_REQUESTED,2026-07-21T15:15:32Z,https://github.com/BCStudentSoftwareDevTeam/lsf/pull/654#pullrequestreview-4746123237
lsf,4746255298,654,fritzj2,User,COMMENTED,2026-07-21T15:28:56Z,https://github.com/BCStudentSoftwareDevTeam/lsf/pull/654#pullrequestreview-4746255298
lsf,4746256708,654,fritzj2,User,COMMENTED,2026-07-21T15:29:06Z,https://github.com/BCStudentSoftwareDevTeam/lsf/pull/654#pullrequestreview-4746256708
lsf,4746302525,654,conwelld,User,COMMENTED,2026-07-21T15:34:07Z,https://github.com/BCStudentSoftwareDevTeam/lsf/pull/654#pullrequestreview-4746302525
lsf,4746467438,654,fritzj2,User,CHANGES_REQUESTED,2026-07-21T15:53:44Z,https://github.com/BCStudentSoftwareDevTeam/lsf/pull/654#pullrequestreview-4746467438
lsf,4746484175,654,fritzj2,User,CHANGES_REQUESTED,2026-07-21T15:56:00Z,https://github.com/BCStudentSoftwareDevTeam/lsf/pull/654#pullrequestreview-4746484175
lsf,4747583595,654,BetterRocket,User,COMMENTED,2026-07-21T18:03:29Z,https://github.com/BCStudentSoftwareDevTeam/lsf/pull/654#pullrequestreview-4747583595
lsf,4747695249,654,BetterRocket,User,COMMENTED,2026-07-21T18:26:09Z,https://github.com/BCStudentSoftwareDevTeam/lsf/pull/654#pullrequestreview-4747695249
lsf,4748735771,654,DanielRukwasha,User,COMMENTED,2026-07-21T20:21:41Z,https://github.com/BCStudentSoftwareDevTeam/lsf/pull/654#pullrequestreview-4748735771
lsf,4757482715,654,MImran2002,User,CHANGES_REQUESTED,2026-07-22T19:05:25Z,https://github.com/BCStudentSoftwareDevTeam/lsf/pull/654#pullrequestreview-4757482715
lsf,4809538606,654,MImran2002,User,CHANGES_REQUESTED,2026-07-29T15:12:31Z,https://github.com/BCStudentSoftwareDevTeam/lsf/pull/654#pullrequestreview-4809538606
lsf,4848001291,654,MImran2002,User,CHANGES_REQUESTED,2026-08-03T20:15:40Z,https://github.com/BCStudentSoftwareDevTeam/lsf/pull/654#pullrequestreview-4848001291
lsf,4858349591,654,MImran2002,User,CHANGES_REQUESTED,2026-08-04T19:49:03Z,https://github.com/BCStudentSoftwareDevTeam/lsf/pull/654#pullrequestreview-4858349591
lsf,4858426798,654,MImran2002,User,CHANGES_REQUESTED,2026-08-04T19:56:53Z,https://github.com/BCStudentSoftwareDevTeam/lsf/pull/654#pullrequestreview-4858426798
lsf,4868449252,654,MImran2002,User,CHANGES_REQUESTED,2026-08-05T20:32:30Z,https://github.com/BCStudentSoftwareDevTeam/lsf/pull/654#pullrequestreview-4868449252
lsf,5071230812,654,MImran2002,User,CHANGES_REQUESTED,2026-08-31T21:06:48Z,https://github.com/BCStudentSoftwareDevTeam/lsf/pull/654#pullrequestreview-5071230812
lsf,5083456612,654,MImran2002,User,APPROVED,2026-09-01T21:53:37Z,https://github.com/BCStudentSoftwareDevTeam/lsf/pull/654#pullrequestreview-5083456612
lsf,4746501679,655,ArtemKurasov,User,COMMENTED,2026-07-21T15:57:46Z,https://github.com/BCStudentSoftwareDevTeam/lsf/pull/655#pullrequestreview-4746501679
lsf,4748413619,656,BetterRocket,User,COMMENTED,2026-07-21T19:52:30Z,https://github.com/BCStudentSoftwareDevTeam/lsf/pull/656#pullrequestreview-4748413619
lsf,4748517172,656,BetterRocket,User,CHANGES_REQUESTED,2026-07-21T19:53:00Z,https://github.com/BCStudentSoftwareDevTeam/lsf/pull/656#pullrequestreview-4748517172
lsf,4748592088,656,NYABUTOA,User,COMMENTED,2026-07-21T20:03:14Z,https://github.com/BCStudentSoftwareDevTeam/lsf/pull/656#pullrequestreview-4748592088
lsf,4799370049,658,conwelld,User,COMMENTED,2026-07-28T16:01:37Z,https://github.com/BCStudentSoftwareDevTeam/lsf/pull/658#pullrequestreview-4799370049
lsf,4801644004,658,MImran2002,User,CHANGES_REQUESTED,2026-07-28T20:49:52Z,https://github.com/BCStudentSoftwareDevTeam/lsf/pull/658#pullrequestreview-4801644004
lsf,4801769349,658,conwelld,User,COMMENTED,2026-07-28T20:58:30Z,https://github.com/BCStudentSoftwareDevTeam/lsf/pull/658#pullrequestreview-4801769349
lsf,4809783539,658,conwelld,User,COMMENTED,2026-07-29T15:03:18Z,https://github.com/BCStudentSoftwareDevTeam/lsf/pull/658#pullrequestreview-4809783539
lsf,4823794920,658,MImran2002,User,CHANGES_REQUESTED,2026-07-30T22:53:57Z,https://github.com/BCStudentSoftwareDevTeam/lsf/pull/658#pullrequestreview-4823794920
lsf,4844680367,658,MImran2002,User,CHANGES_REQUESTED,2026-08-03T13:46:48Z,https://github.com/BCStudentSoftwareDevTeam/lsf/pull/658#pullrequestreview-4844680367
lsf,4844981363,658,MImran2002,User,APPROVED,2026-08-03T14:10:43Z,https://github.com/BCStudentSoftwareDevTeam/lsf/pull/658#pullrequestreview-4844981363
lsf,4821386387,660,MImran2002,User,CHANGES_REQUESTED,2026-07-30T17:35:02Z,https://github.com/BCStudentSoftwareDevTeam/lsf/pull/660#pullrequestreview-4821386387
lsf,4857791587,660,MImran2002,User,CHANGES_REQUESTED,2026-08-04T18:42:32Z,https://github.com/BCStudentSoftwareDevTeam/lsf/pull/660#pullrequestreview-4857791587
lsf,4859049488,660,MImran2002,User,APPROVED,2026-08-04T21:16:39Z,https://github.com/BCStudentSoftwareDevTeam/lsf/pull/660#pullrequestreview-4859049488
lsf,4822375329,661,BhushanSah,User,APPROVED,2026-07-30T19:09:56Z,https://github.com/BCStudentSoftwareDevTeam/lsf/pull/661#pullrequestreview-4822375329
lsf,4857747516,662,BhushanSah,User,CHANGES_REQUESTED,2026-08-04T18:43:32Z,https://github.com/BCStudentSoftwareDevTeam/lsf/pull/662#pullrequestreview-4857747516
lsf,4858240925,662,NYABUTOA,User,COMMENTED,2026-08-04T19:32:31Z,https://github.com/BCStudentSoftwareDevTeam/lsf/pull/662#pullrequestreview-4858240925
lsf,4858319315,662,NYABUTOA,User,COMMENTED,2026-08-04T19:42:58Z,https://github.com/BCStudentSoftwareDevTeam/lsf/pull/662#pullrequestreview-4858319315
lsf,4858354478,662,ArtemKurasov,User,CHANGES_REQUESTED,2026-08-04T20:04:35Z,https://github.com/BCStudentSoftwareDevTeam/lsf/pull/662#pullrequestreview-4858354478
lsf,4859132158,662,johnlolonga19,User,COMMENTED,2026-08-04T21:29:19Z,https://github.com/BCStudentSoftwareDevTeam/lsf/pull/662#pullrequestreview-4859132158
lsf,4877996977,662,MImran2002,User,CHANGES_REQUESTED,2026-08-06T20:52:39Z,https://github.com/BCStudentSoftwareDevTeam/lsf/pull/662#pullrequestreview-4877996977
lsf,5092157480,662,GalinaP7,User,COMMENTED,2026-09-02T16:14:37Z,https://github.com/BCStudentSoftwareDevTeam/lsf/pull/662#pullrequestreview-5092157480
lsf,5092678765,662,GalinaP7,User,COMMENTED,2026-09-02T17:02:50Z,https://github.com/BCStudentSoftwareDevTeam/lsf/pull/662#pullrequestreview-5092678765
lsf,5093210146,662,GalinaP7,User,COMMENTED,2026-09-02T17:52:05Z,https://github.com/BCStudentSoftwareDevTeam/lsf/pull/662#pullrequestreview-5093210146
lsf,5093380530,662,GalinaP7,User,COMMENTED,2026-09-02T18:09:18Z,https://github.com/BCStudentSoftwareDevTeam/lsf/pull/662#pullrequestreview-5093380530
lsf,5093489259,662,GalinaP7,User,COMMENTED,2026-09-02T18:20:37Z,https://github.com/BCStudentSoftwareDevTeam/lsf/pull/662#pullrequestreview-5093489259
lsf,5093522136,662,GalinaP7,User,COMMENTED,2026-09-02T18:24:10Z,https://github.com/BCStudentSoftwareDevTeam/lsf/pull/662#pullrequestreview-5093522136
lsf,5182374352,662,MImran2002,User,CHANGES_REQUESTED,2026-09-14T18:54:38Z,https://github.com/BCStudentSoftwareDevTeam/lsf/pull/662#pullrequestreview-5182374352
lsf,4857282787,664,BhushanSah,User,CHANGES_REQUESTED,2026-08-04T17:40:54Z,https://github.com/BCStudentSoftwareDevTeam/lsf/pull/664#pullrequestreview-4857282787
lsf,4857767616,664,NYABUTOA,User,COMMENTED,2026-08-04T18:36:06Z,https://github.com/BCStudentSoftwareDevTeam/lsf/pull/664#pullrequestreview-4857767616
lsf,4857771373,664,NYABUTOA,User,COMMENTED,2026-08-04T18:36:39Z,https://github.com/BCStudentSoftwareDevTeam/lsf/pull/664#pullrequestreview-4857771373
lsf,4858997791,664,brightfietsop-ux,User,CHANGES_REQUESTED,2026-08-04T21:12:42Z,https://github.com/BCStudentSoftwareDevTeam/lsf/pull/664#pullrequestreview-4858997791
lsf,4867843604,664,MImran2002,User,CHANGES_REQUESTED,2026-08-05T19:05:40Z,https://github.com/BCStudentSoftwareDevTeam/lsf/pull/664#pullrequestreview-4867843604
lsf,4877742921,664,brightfietsop-ux,User,COMMENTED,2026-08-06T19:34:45Z,https://github.com/BCStudentSoftwareDevTeam/lsf/pull/664#pullrequestreview-4877742921
lsf,4877778761,664,BhushanSah,User,CHANGES_REQUESTED,2026-08-06T19:41:41Z,https://github.com/BCStudentSoftwareDevTeam/lsf/pull/664#pullrequestreview-4877778761
lsf,4877838642,664,BhushanSah,User,CHANGES_REQUESTED,2026-08-06T19:58:54Z,https://github.com/BCStudentSoftwareDevTeam/lsf/pull/664#pullrequestreview-4877838642
lsf,4883330004,664,MImran2002,User,CHANGES_REQUESTED,2026-08-07T17:50:43Z,https://github.com/BCStudentSoftwareDevTeam/lsf/pull/664#pullrequestreview-4883330004
lsf,4857838842,665,MImran2002,User,CHANGES_REQUESTED,2026-08-04T19:07:38Z,https://github.com/BCStudentSoftwareDevTeam/lsf/pull/665#pullrequestreview-4857838842
lsf,4858498788,665,MImran2002,User,COMMENTED,2026-08-04T20:06:53Z,https://github.com/BCStudentSoftwareDevTeam/lsf/pull/665#pullrequestreview-4858498788
lsf,4877437935,667,BhushanSah,User,CHANGES_REQUESTED,2026-08-06T19:30:59Z,https://github.com/BCStudentSoftwareDevTeam/lsf/pull/667#pullrequestreview-4877437935
lsf,4883838335,667,fritzj2,User,COMMENTED,2026-08-07T14:42:19Z,https://github.com/BCStudentSoftwareDevTeam/lsf/pull/667#pullrequestreview-4883838335
lsf,4884394601,667,fritzj2,User,COMMENTED,2026-08-07T15:50:49Z,https://github.com/BCStudentSoftwareDevTeam/lsf/pull/667#pullrequestreview-4884394601
lsf,4884457465,667,fritzj2,User,COMMENTED,2026-08-07T15:59:10Z,https://github.com/BCStudentSoftwareDevTeam/lsf/pull/667#pullrequestreview-4884457465
lsf,4987485688,667,MImran2002,User,COMMENTED,2026-08-20T21:22:31Z,https://github.com/BCStudentSoftwareDevTeam/lsf/pull/667#pullrequestreview-4987485688
lsf,4988053696,667,MImran2002,User,CHANGES_REQUESTED,2026-08-20T23:03:08Z,https://github.com/BCStudentSoftwareDevTeam/lsf/pull/667#pullrequestreview-4988053696
lsf,4993678606,667,fritzj2,User,COMMENTED,2026-08-21T13:28:35Z,https://github.com/BCStudentSoftwareDevTeam/lsf/pull/667#pullrequestreview-4993678606
lsf,4993974878,667,fritzj2,User,COMMENTED,2026-08-21T13:55:31Z,https://github.com/BCStudentSoftwareDevTeam/lsf/pull/667#pullrequestreview-4993974878
lsf,5008928570,667,fritzj2,User,COMMENTED,2026-08-24T14:27:34Z,https://github.com/BCStudentSoftwareDevTeam/lsf/pull/667#pullrequestreview-5008928570
lsf,5022572815,667,MImran2002,User,APPROVED,2026-08-25T18:33:38Z,https://github.com/BCStudentSoftwareDevTeam/lsf/pull/667#pullrequestreview-5022572815
lsf,4877698819,668,MImran2002,User,CHANGES_REQUESTED,2026-08-06T21:16:31Z,https://github.com/BCStudentSoftwareDevTeam/lsf/pull/668#pullrequestreview-4877698819
lsf,4885571994,668,MImran2002,User,COMMENTED,2026-08-07T18:48:28Z,https://github.com/BCStudentSoftwareDevTeam/lsf/pull/668#pullrequestreview-4885571994
lsf,4975924600,668,MImran2002,User,CHANGES_REQUESTED,2026-08-19T20:42:43Z,https://github.com/BCStudentSoftwareDevTeam/lsf/pull/668#pullrequestreview-4975924600
lsf,4976584340,668,MImran2002,User,CHANGES_REQUESTED,2026-08-19T20:45:46Z,https://github.com/BCStudentSoftwareDevTeam/lsf/pull/668#pullrequestreview-4976584340
lsf,4997321052,668,MImran2002,User,APPROVED,2026-08-21T20:46:47Z,https://github.com/BCStudentSoftwareDevTeam/lsf/pull/668#pullrequestreview-4997321052
