repo,date,user,activity,month,weekday,hour
urcpp,2025-02-27 16:01:53+00:00,hoerstl,Commit,2025-02,Thursday,16
urcpp,2025-02-27 15:22:05+00:00,hoerstl,Commit,2025-02,Thursday,15
urcpp,2025-02-27 15:02:31+00:00,hoerstl,Commit,2025-02,Thursday,15
urcpp,2025-02-25 16:42:05+00:00,hoerstl,Commit,2025-02,Tuesday,16
urcpp,2025-02-06 16:22:39+00:00,hoerstl,Commit,2025-02,Thursday,16
urcpp,2025-02-06 15:36:48+00:00,hoerstl,Commit,2025-02,Thursday,15
urcpp,2025-01-30 16:48:28+00:00,hoerstl,Commit,2025-01,Thursday,16
urcpp,2025-01-16 17:18:53+00:00,sheggen,Commit,2025-01,Thursday,17
urcpp,2025-01-14 19:11:32+00:00,sheggen,Commit,2025-01,Tuesday,19
urcpp,2020-12-21 15:00:20+00:00,root,Commit,2020-12,Monday,15
urcpp,2020-12-15 16:20:48+00:00,root,Commit,2020-12,Tuesday,16
urcpp,2020-05-21 18:43:20+00:00,root,Commit,2020-05,Thursday,18
urcpp,2020-02-14 21:22:09+00:00,sheggen,Commit,2020-02,Friday,21
urcpp,2020-01-08 14:26:21+00:00,Ubuntu,Commit,2020-01,Wednesday,14
urcpp,2020-01-08 14:02:43+00:00,Bria Williams,Commit,2020-01,Wednesday,14
urcpp,2020-01-07 15:04:53+00:00,Ubuntu,Commit,2020-01,Tuesday,15
urcpp,2020-01-06 18:23:08+00:00,Ubuntu,Commit,2020-01,Monday,18
urcpp,2020-01-06 16:27:29+00:00,Ubuntu,Commit,2020-01,Monday,16
urcpp,2020-01-06 16:21:00+00:00,Ubuntu,Commit,2020-01,Monday,16
urcpp,2020-01-06 16:18:33+00:00,Ubuntu,Commit,2020-01,Monday,16
urcpp,2020-01-06 16:16:58+00:00,Ubuntu,Commit,2020-01,Monday,16
urcpp,2020-01-06 16:13:04+00:00,Ubuntu,Commit,2020-01,Monday,16
urcpp,2020-01-06 15:00:59+00:00,Ubuntu,Commit,2020-01,Monday,15
urcpp,2020-01-06 14:03:25+00:00,Ubuntu,Commit,2020-01,Monday,14
urcpp,2020-01-06 14:01:32+00:00,Ubuntu,Commit,2020-01,Monday,14
urcpp,2020-01-03 21:25:11+00:00,Ubuntu,Commit,2020-01,Friday,21
urcpp,2020-01-03 20:48:27+00:00,Ubuntu,Commit,2020-01,Friday,20
urcpp,2019-12-20 16:29:44+00:00,BriaW,Commit,2019-12,Friday,16
urcpp,2019-12-17 21:18:12+00:00,BriaW,Commit,2019-12,Tuesday,21
urcpp,2019-12-17 16:08:22+00:00,BriaW,Commit,2019-12,Tuesday,16
urcpp,2019-12-17 15:29:38+00:00,sheggen,Commit,2019-12,Tuesday,15
urcpp,2019-12-17 15:14:06+00:00,sheggen,Commit,2019-12,Tuesday,15
urcpp,2019-12-17 14:26:15+00:00,sheggen,Commit,2019-12,Tuesday,14
urcpp,2019-12-17 14:23:14+00:00,sheggen,Commit,2019-12,Tuesday,14
urcpp,2019-12-17 14:20:34+00:00,sheggen,Commit,2019-12,Tuesday,14
urcpp,2019-12-11 22:24:19+00:00,BriaW,Commit,2019-12,Wednesday,22
urcpp,2019-12-11 20:53:30+00:00,BriaW,Commit,2019-12,Wednesday,20
urcpp,2019-12-11 18:27:18+00:00,Bria Williams,Commit,2019-12,Wednesday,18
urcpp,2019-12-02 16:34:10+00:00,sheggen,Commit,2019-12,Monday,16
urcpp,2019-12-02 16:32:12+00:00,sheggen,Commit,2019-12,Monday,16
urcpp,2019-12-02 16:30:38+00:00,sheggen,Commit,2019-12,Monday,16
urcpp,2019-11-14 20:08:20+00:00,BriaW,Commit,2019-11,Thursday,20
urcpp,2019-08-26 19:11:19+00:00,Kat Adams & Bria Williams,Commit,2019-08,Monday,19
urcpp,2019-08-26 17:24:20+00:00,Kat Adams & Bria Williams,Commit,2019-08,Monday,17
urcpp,2019-08-02 17:29:52+00:00,Kat Adams & Bria Williams,Commit,2019-08,Friday,17
urcpp,2019-08-02 17:10:40+00:00,Kat Adams & Bria Williams,Commit,2019-08,Friday,17
urcpp,2019-08-02 17:10:05+00:00,Kat Adams & Bria Williams,Commit,2019-08,Friday,17
urcpp,2019-08-02 15:57:11+00:00,sheggen,Commit,2019-08,Friday,15
urcpp,2019-08-02 14:19:41+00:00,Kat Adams & Bria Williams,Commit,2019-08,Friday,14
urcpp,2019-08-02 14:13:55+00:00,Kat Adams & Bria Williams,Commit,2019-08,Friday,14
urcpp,2019-08-01 20:47:09+00:00,Kat Adams & Bria Williams,Commit,2019-08,Thursday,20
urcpp,2019-08-01 20:27:21+00:00,Kat Adams & Bria Williams,Commit,2019-08,Thursday,20
urcpp,2019-08-01 19:50:39+00:00,Kat Adams & Bria Williams,Commit,2019-08,Thursday,19
urcpp,2019-08-01 19:40:15+00:00,Kat Adams & Bria Williams,Commit,2019-08,Thursday,19
urcpp,2019-08-01 19:37:46+00:00,Kat Adams & Bria Williams,Commit,2019-08,Thursday,19
urcpp,2019-08-01 19:21:44+00:00,Kat Adams & Bria Williams,Commit,2019-08,Thursday,19
urcpp,2019-08-01 19:04:45+00:00,Kat Adams & Bria Williams,Commit,2019-08,Thursday,19
urcpp,2019-08-01 18:24:12+00:00,Kat Adams & Bria Williams,Commit,2019-08,Thursday,18
urcpp,2019-07-16 20:17:34+00:00,johnsonwe,Commit,2019-07,Tuesday,20
urcpp,2019-07-01 20:25:57+00:00,sheggen,Commit,2019-07,Monday,20
urcpp,2019-07-01 20:19:03+00:00,sheggen,Commit,2019-07,Monday,20
urcpp,2019-06-26 18:36:05+00:00,Jamaliela,Commit,2019-06,Wednesday,18
urcpp,2019-06-25 20:45:33+00:00,johnsonwe,Commit,2019-06,Tuesday,20
urcpp,2019-06-25 19:32:22+00:00,johnsonwe,Commit,2019-06,Tuesday,19
urcpp,2019-06-25 18:54:19+00:00,johnsonwe,Commit,2019-06,Tuesday,18
urcpp,2019-06-25 16:19:12+00:00,sheggen,Commit,2019-06,Tuesday,16
urcpp,2019-06-25 03:06:55+00:00,sheggen,Commit,2019-06,Tuesday,3
urcpp,2019-06-24 21:11:47+00:00,sheggen,Commit,2019-06,Monday,21
urcpp,2019-06-20 20:51:37+00:00,Jamaliela,Commit,2019-06,Thursday,20
urcpp,2019-06-20 20:49:57+00:00,sheggen,Commit,2019-06,Thursday,20
urcpp,2019-06-20 19:36:54+00:00,Bria Williams,Commit,2019-06,Thursday,19
urcpp,2019-06-20 19:36:30+00:00,sheggen,Commit,2019-06,Thursday,19
urcpp,2019-06-20 18:56:31+00:00,Jamaliela,Commit,2019-06,Thursday,18
urcpp,2019-06-20 18:56:06+00:00,sheggen,Commit,2019-06,Thursday,18
urcpp,2019-06-20 18:54:54+00:00,sheggen,Commit,2019-06,Thursday,18
urcpp,2019-06-20 12:22:38+00:00,Jamaliela,Commit,2019-06,Thursday,12
urcpp,2019-06-20 12:21:45+00:00,sheggen,Commit,2019-06,Thursday,12
urcpp,2019-06-19 16:51:25+00:00,HaileyB0311,Commit,2019-06,Wednesday,16
urcpp,2019-06-18 21:31:22+00:00,HaileyB0311,Commit,2019-06,Tuesday,21
urcpp,2019-06-18 18:08:49+00:00,HaileyB0311,Commit,2019-06,Tuesday,18
urcpp,2019-06-18 17:32:19+00:00,HaileyB0311,Commit,2019-06,Tuesday,17
urcpp,2019-06-18 17:30:53+00:00,wgs1862019,Commit,2019-06,Tuesday,17
urcpp,2019-06-18 17:17:24+00:00,wgs1862019,Commit,2019-06,Tuesday,17
urcpp,2019-06-18 15:12:53+00:00,wgs1862019,Commit,2019-06,Tuesday,15
urcpp,2019-06-18 14:22:53+00:00,HaileyB0311,Commit,2019-06,Tuesday,14
urcpp,2019-06-18 14:06:57+00:00,HaileyB0311,Commit,2019-06,Tuesday,14
urcpp,2019-06-18 13:47:59+00:00,HaileyB0311,Commit,2019-06,Tuesday,13
urcpp,2019-06-18 12:48:09+00:00,wgs1862019,Commit,2019-06,Tuesday,12
urcpp,2019-06-18 12:46:37+00:00,wgs1862019,Commit,2019-06,Tuesday,12
urcpp,2019-06-17 21:15:24+00:00,sheggen,Commit,2019-06,Monday,21
urcpp,2019-06-17 17:18:14+00:00,sheggen,Commit,2019-06,Monday,17
urcpp,2019-06-17 17:13:54+00:00,Jamaliela,Commit,2019-06,Monday,17
urcpp,2019-06-17 17:11:43+00:00,sheggen,Commit,2019-06,Monday,17
urcpp,2019-06-14 20:33:57+00:00,HaileyB0311,Commit,2019-06,Friday,20
urcpp,2019-06-14 19:02:19+00:00,HaileyB0311,Commit,2019-06,Friday,19
urcpp,2019-06-14 18:48:30+00:00,HaileyB0311,Commit,2019-06,Friday,18
urcpp,2019-06-14 18:36:50+00:00,HaileyB0311,Commit,2019-06,Friday,18
urcpp,2019-06-14 14:55:01+00:00,HaileyB0311,Commit,2019-06,Friday,14
urcpp,2019-06-14 13:26:31+00:00,wgs1862019,Commit,2019-06,Friday,13
urcpp,2019-06-14 13:22:31+00:00,wgs1862019,Commit,2019-06,Friday,13
urcpp,2019-06-14 13:21:34+00:00,wgs1862019,Commit,2019-06,Friday,13
urcpp,2019-06-14 13:17:39+00:00,wgs1862019,Commit,2019-06,Friday,13
urcpp,2019-06-14 11:58:43+00:00,HaileyB0311,Commit,2019-06,Friday,11
urcpp,2019-06-13 18:13:54+00:00,wgs1862019,Commit,2019-06,Thursday,18
urcpp,2019-06-13 17:21:46+00:00,wgs1862019,Commit,2019-06,Thursday,17
urcpp,2019-06-13 15:57:08+00:00,HaileyB0311,Commit,2019-06,Thursday,15
urcpp,2019-06-12 20:24:08+00:00,wgs1862019,Commit,2019-06,Wednesday,20
urcpp,2019-06-12 18:11:04+00:00,wgs1862019,Commit,2019-06,Wednesday,18
urcpp,2019-06-12 17:30:47+00:00,wgs1862019,Commit,2019-06,Wednesday,17
urcpp,2019-06-12 17:20:15+00:00,wgs1862019,Commit,2019-06,Wednesday,17
urcpp,2019-06-12 17:19:02+00:00,wgs1862019,Commit,2019-06,Wednesday,17
urcpp,2019-06-12 15:53:16+00:00,wgs1862019,Commit,2019-06,Wednesday,15
urcpp,2019-06-12 15:51:35+00:00,wgs1862019,Commit,2019-06,Wednesday,15
urcpp,2019-06-12 12:41:17+00:00,HaileyB0311,Commit,2019-06,Wednesday,12
urcpp,2019-06-11 21:47:11+00:00,wgs1862019,Commit,2019-06,Tuesday,21
urcpp,2019-06-11 21:10:59+00:00,HaileyB0311,Commit,2019-06,Tuesday,21
urcpp,2019-06-11 17:23:20+00:00,wgs1862019,Commit,2019-06,Tuesday,17
urcpp,2019-06-11 15:34:28+00:00,wgs1862019,Commit,2019-06,Tuesday,15
urcpp,2019-06-11 14:02:10+00:00,wgs1862019,Commit,2019-06,Tuesday,14
urcpp,2019-06-11 14:01:33+00:00,sheggen,Commit,2019-06,Tuesday,14
urcpp,2019-06-11 13:55:28+00:00,wgs1862019,Commit,2019-06,Tuesday,13
urcpp,2019-06-11 13:09:15+00:00,memo330179,Commit,2019-06,Tuesday,13
urcpp,2019-06-11 13:08:40+00:00,sheggen,Commit,2019-06,Tuesday,13
urcpp,2019-06-11 13:07:21+00:00,sheggen,Commit,2019-06,Tuesday,13
urcpp,2019-06-11 13:03:25+00:00,sheggen,Commit,2019-06,Tuesday,13
urcpp,2019-06-11 12:57:56+00:00,sheggen,Commit,2019-06,Tuesday,12
urcpp,2019-06-11 12:57:27+00:00,sheggen,Commit,2019-06,Tuesday,12
urcpp,2019-06-11 12:31:12+00:00,HaileyB0311,Commit,2019-06,Tuesday,12
urcpp,2019-06-10 21:39:30+00:00,wgs1862019,Commit,2019-06,Monday,21
urcpp,2019-06-10 21:23:10+00:00,HaileyB0311,Commit,2019-06,Monday,21
urcpp,2019-06-10 19:26:44+00:00,sheggen,Commit,2019-06,Monday,19
urcpp,2019-06-10 19:05:15+00:00,sheggen,Commit,2019-06,Monday,19
urcpp,2019-06-10 17:26:08+00:00,wgs1862019,Commit,2019-06,Monday,17
urcpp,2019-06-10 17:09:42+00:00,wgs1862019,Commit,2019-06,Monday,17
urcpp,2019-06-10 15:20:17+00:00,wgs1862019,Commit,2019-06,Monday,15
urcpp,2019-06-10 12:49:49+00:00,wgs1862019,Commit,2019-06,Monday,12
urcpp,2019-06-10 03:13:50+00:00,memo330179,Commit,2019-06,Monday,3
urcpp,2019-06-10 01:07:16+00:00,memo330179,Commit,2019-06,Monday,1
urcpp,2019-06-07 19:28:11+00:00,HaileyB0311,Commit,2019-06,Friday,19
urcpp,2019-06-07 16:11:47+00:00,wgs1862019,Commit,2019-06,Friday,16
urcpp,2019-06-07 14:20:51+00:00,wgs1862019,Commit,2019-06,Friday,14
urcpp,2019-06-07 13:44:39+00:00,wgs1862019,Commit,2019-06,Friday,13
urcpp,2019-06-06 21:33:46+00:00,wgs1862019,Commit,2019-06,Thursday,21
urcpp,2019-06-06 21:27:43+00:00,wgs1862019,Commit,2019-06,Thursday,21
urcpp,2019-06-06 19:56:57+00:00,sheggen,Commit,2019-06,Thursday,19
urcpp,2019-06-06 19:35:32+00:00,HaileyB0311,Commit,2019-06,Thursday,19
urcpp,2019-06-06 18:42:27+00:00,wgs1862019,Commit,2019-06,Thursday,18
urcpp,2019-06-06 18:28:44+00:00,wgs1862019,Commit,2019-06,Thursday,18
urcpp,2019-06-06 17:50:22+00:00,HaileyB0311,Commit,2019-06,Thursday,17
urcpp,2019-06-06 16:42:26+00:00,HaileyB0311,Commit,2019-06,Thursday,16
urcpp,2019-06-06 15:40:25+00:00,wgs1862019,Commit,2019-06,Thursday,15
urcpp,2019-06-06 15:37:40+00:00,HaileyB0311,Commit,2019-06,Thursday,15
urcpp,2019-06-06 14:26:18+00:00,sheggen,Commit,2019-06,Thursday,14
urcpp,2019-06-06 13:06:58+00:00,wgs1862019,Commit,2019-06,Thursday,13
urcpp,2019-06-06 13:04:51+00:00,HaileyB0311,Commit,2019-06,Thursday,13
urcpp,2019-06-06 13:04:18+00:00,wgs1862019,Commit,2019-06,Thursday,13
urcpp,2019-06-05 21:05:20+00:00,wgs1862019,Commit,2019-06,Wednesday,21
urcpp,2019-06-05 21:05:07+00:00,HaileyB0311,Commit,2019-06,Wednesday,21
urcpp,2019-06-05 20:57:01+00:00,wgs1862019,Commit,2019-06,Wednesday,20
urcpp,2019-06-05 19:37:15+00:00,HaileyB0311,Commit,2019-06,Wednesday,19
urcpp,2019-06-05 19:25:05+00:00,wgs1862019,Commit,2019-06,Wednesday,19
urcpp,2019-06-05 19:11:52+00:00,HaileyB0311,Commit,2019-06,Wednesday,19
urcpp,2019-06-05 14:30:32+00:00,wgs1862019,Commit,2019-06,Wednesday,14
urcpp,2019-06-05 14:28:36+00:00,wgs1862019,Commit,2019-06,Wednesday,14
urcpp,2019-06-04 20:32:19+00:00,wgs1862019,Commit,2019-06,Tuesday,20
urcpp,2019-06-04 20:30:39+00:00,wgs1862019,Commit,2019-06,Tuesday,20
urcpp,2019-06-04 18:01:48+00:00,wgs1862019,Commit,2019-06,Tuesday,18
urcpp,2019-06-04 15:46:02+00:00,Jamaliela,Commit,2019-06,Tuesday,15
urcpp,2019-06-04 15:38:09+00:00,wgs1862019,Commit,2019-06,Tuesday,15
urcpp,2019-06-04 15:04:11+00:00,wgs1862019,Commit,2019-06,Tuesday,15
urcpp,2019-06-03 21:09:26+00:00,wgs1862019,Commit,2019-06,Monday,21
urcpp,2019-06-03 19:42:54+00:00,Jamaliela,Commit,2019-06,Monday,19
urcpp,2019-06-03 17:17:54+00:00,wgs1862019,Commit,2019-06,Monday,17
urcpp,2019-06-03 15:42:19+00:00,Jamaliela,Commit,2019-06,Monday,15
urcpp,2019-06-03 14:33:52+00:00,wgs1862019,Commit,2019-06,Monday,14
urcpp,2019-06-03 14:28:48+00:00,wgs1862019,Commit,2019-06,Monday,14
urcpp,2019-06-03 14:23:35+00:00,Jamaliela,Commit,2019-06,Monday,14
urcpp,2019-06-03 14:05:50+00:00,wgs1862019,Commit,2019-06,Monday,14
urcpp,2019-06-03 14:01:14+00:00,wgs1862019,Commit,2019-06,Monday,14
urcpp,2019-06-03 13:53:13+00:00,wgs1862019,Commit,2019-06,Monday,13
urcpp,2019-06-03 13:47:25+00:00,wgs1862019,Commit,2019-06,Monday,13
urcpp,2019-06-03 13:42:09+00:00,wgs1862019,Commit,2019-06,Monday,13
urcpp,2019-06-03 13:38:28+00:00,wgs1862019,Commit,2019-06,Monday,13
urcpp,2019-06-03 13:32:02+00:00,wgs1862019,Commit,2019-06,Monday,13
urcpp,2019-06-03 13:23:11+00:00,Jamaliela,Commit,2019-06,Monday,13
urcpp,2019-06-03 13:21:23+00:00,Jamaliela,Commit,2019-06,Monday,13
urcpp,2019-06-03 13:19:22+00:00,HaileyB0311,Commit,2019-06,Monday,13
urcpp,2019-06-03 13:13:56+00:00,HaileyB0311,Commit,2019-06,Monday,13
urcpp,2019-05-31 18:12:10+00:00,HaileyB0311,Commit,2019-05,Friday,18
urcpp,2019-05-31 17:27:39+00:00,wgs1862019,Commit,2019-05,Friday,17
urcpp,2019-05-31 14:52:25+00:00,HaileyB0311,Commit,2019-05,Friday,14
urcpp,2019-05-31 12:57:34+00:00,Jamaliela,Commit,2019-05,Friday,12
urcpp,2019-05-30 20:54:38+00:00,wgs1862019,Commit,2019-05,Thursday,20
urcpp,2019-05-30 19:31:07+00:00,wgs1862019,Commit,2019-05,Thursday,19
urcpp,2019-05-30 13:30:30+00:00,wgs1862019,Commit,2019-05,Thursday,13
urcpp,2019-05-29 20:09:17+00:00,wgs1862019,Commit,2019-05,Wednesday,20
urcpp,2019-05-29 18:21:14+00:00,wgs1862019,Commit,2019-05,Wednesday,18
urcpp,2019-05-28 20:54:26+00:00,wgs1862019,Commit,2019-05,Tuesday,20
urcpp,2019-05-28 19:11:45+00:00,wgs1862019,Commit,2019-05,Tuesday,19
urcpp,2019-05-28 17:28:54+00:00,wgs1862019,Commit,2019-05,Tuesday,17
urcpp,2019-05-28 15:44:03+00:00,wgs1862019,Commit,2019-05,Tuesday,15
urcpp,2019-05-28 15:39:43+00:00,wgs1862019,Commit,2019-05,Tuesday,15
urcpp,2019-05-28 14:11:19+00:00,wgs1862019,Commit,2019-05,Tuesday,14
urcpp,2019-05-25 03:36:51+00:00,Jamaliela,Commit,2019-05,Saturday,3
urcpp,2019-05-25 03:36:14+00:00,sheggen,Commit,2019-05,Saturday,3
urcpp,2019-05-25 03:23:41+00:00,sheggen,Commit,2019-05,Saturday,3
urcpp,2019-05-25 03:20:34+00:00,Jamaliela,Commit,2019-05,Saturday,3
urcpp,2019-05-25 03:19:08+00:00,sheggen,Commit,2019-05,Saturday,3
urcpp,2019-05-25 03:18:22+00:00,sheggen,Commit,2019-05,Saturday,3
urcpp,2019-05-25 03:15:47+00:00,sheggen,Commit,2019-05,Saturday,3
urcpp,2019-05-25 03:10:47+00:00,wgs1862019,Commit,2019-05,Saturday,3
urcpp,2019-05-25 03:10:20+00:00,sheggen,Commit,2019-05,Saturday,3
urcpp,2019-05-25 03:09:15+00:00,sheggen,Commit,2019-05,Saturday,3
urcpp,2019-05-25 03:07:39+00:00,sheggen,Commit,2019-05,Saturday,3
urcpp,2019-05-25 02:44:04+00:00,sheggen,Commit,2019-05,Saturday,2
urcpp,2019-05-25 02:42:55+00:00,HaileyB0311,Commit,2019-05,Saturday,2
urcpp,2019-05-25 02:42:26+00:00,sheggen,Commit,2019-05,Saturday,2
urcpp,2019-05-25 02:39:58+00:00,sheggen,Commit,2019-05,Saturday,2
urcpp,2019-05-25 02:39:39+00:00,sheggen,Commit,2019-05,Saturday,2
urcpp,2019-05-25 02:32:18+00:00,HaileyB0311,Commit,2019-05,Saturday,2
urcpp,2019-05-25 02:28:19+00:00,sheggen,Commit,2019-05,Saturday,2
urcpp,2019-05-24 20:22:37+00:00,wgs1862019,Commit,2019-05,Friday,20
urcpp,2019-05-24 19:12:36+00:00,sheggen,Commit,2019-05,Friday,19
urcpp,2019-05-24 16:56:06+00:00,sheggen,Commit,2019-05,Friday,16
urcpp,2019-05-24 16:55:06+00:00,sheggen,Commit,2019-05,Friday,16
urcpp,2019-05-23 21:35:04+00:00,wgs1862019,Commit,2019-05,Thursday,21
urcpp,2019-05-23 20:24:40+00:00,wgs1862019,Commit,2019-05,Thursday,20
urcpp,2019-05-23 17:34:36+00:00,wgs1862019,Commit,2019-05,Thursday,17
urcpp,2019-05-23 17:26:40+00:00,wgs1862019,Commit,2019-05,Thursday,17
urcpp,2019-05-23 17:21:19+00:00,johnsonwe,Commit,2019-05,Thursday,17
urcpp,2019-05-23 13:29:39+00:00,wgs1862019,Commit,2019-05,Thursday,13
urcpp,2019-05-22 20:48:50+00:00,wgs1862019,Commit,2019-05,Wednesday,20
urcpp,2019-05-22 20:33:32+00:00,Jamaliela,Commit,2019-05,Wednesday,20
urcpp,2019-05-22 20:31:14+00:00,wgs1862019,Commit,2019-05,Wednesday,20
urcpp,2019-05-22 17:47:04+00:00,Jamaliela,Commit,2019-05,Wednesday,17
urcpp,2019-05-22 17:01:56+00:00,HaileyB0311,Commit,2019-05,Wednesday,17
urcpp,2019-05-22 16:42:49+00:00,HaileyB0311,Commit,2019-05,Wednesday,16
urcpp,2019-05-21 20:48:11+00:00,wgs1862019,Commit,2019-05,Tuesday,20
urcpp,2019-05-21 20:25:13+00:00,wgs1862019,Commit,2019-05,Tuesday,20
urcpp,2019-05-21 20:11:05+00:00,wgs1862019,Commit,2019-05,Tuesday,20
urcpp,2019-05-21 20:07:48+00:00,HaileyB0311,Commit,2019-05,Tuesday,20
urcpp,2019-05-21 19:55:33+00:00,wgs1862019,Commit,2019-05,Tuesday,19
urcpp,2019-05-21 17:43:02+00:00,wgs1862019,Commit,2019-05,Tuesday,17
urcpp,2019-05-21 14:59:21+00:00,HaileyB0311,Commit,2019-05,Tuesday,14
urcpp,2019-05-21 14:47:21+00:00,wgs1862019,Commit,2019-05,Tuesday,14
urcpp,2019-05-21 14:27:38+00:00,wgs1862019,Commit,2019-05,Tuesday,14
urcpp,2019-05-21 13:57:47+00:00,wgs1862019,Commit,2019-05,Tuesday,13
urcpp,2019-05-20 17:25:37+00:00,HaileyB0311,Commit,2019-05,Monday,17
urcpp,2019-05-20 17:25:14+00:00,wgs1862019,Commit,2019-05,Monday,17
urcpp,2019-05-20 17:24:27+00:00,wgs1862019,Commit,2019-05,Monday,17
urcpp,2019-05-20 17:23:29+00:00,wgs1862019,Commit,2019-05,Monday,17
urcpp,2019-05-20 17:19:47+00:00,wgs1862019,Commit,2019-05,Monday,17
urcpp,2019-05-20 15:56:41+00:00,wgs1862019,Commit,2019-05,Monday,15
urcpp,2019-05-20 15:45:46+00:00,wgs1862019,Commit,2019-05,Monday,15
urcpp,2019-05-20 15:16:27+00:00,wgs1862019,Commit,2019-05,Monday,15
urcpp,2019-05-20 15:01:27+00:00,wgs1862019,Commit,2019-05,Monday,15
urcpp,2019-05-20 14:06:10+00:00,wgs1862019,Commit,2019-05,Monday,14
urcpp,2019-05-20 13:40:12+00:00,wgs1862019,Commit,2019-05,Monday,13
urcpp,2019-05-17 21:19:33+00:00,wgs1862019,Commit,2019-05,Friday,21
urcpp,2019-05-17 19:48:56+00:00,wgs1862019,Commit,2019-05,Friday,19
urcpp,2019-05-17 19:44:58+00:00,wgs1862019,Commit,2019-05,Friday,19
urcpp,2019-05-17 19:20:04+00:00,wgs1862019,Commit,2019-05,Friday,19
urcpp,2019-05-17 14:59:13+00:00,wgs1862019,Commit,2019-05,Friday,14
urcpp,2019-05-17 14:28:43+00:00,Jamaliela,Commit,2019-05,Friday,14
urcpp,2019-05-17 14:00:41+00:00,wgs1862019,Commit,2019-05,Friday,14
urcpp,2019-05-17 14:00:35+00:00,wgs1862019,Commit,2019-05,Friday,14
urcpp,2019-05-17 14:00:16+00:00,wgs1862019,Commit,2019-05,Friday,14
urcpp,2019-05-17 13:50:17+00:00,wgs1862019,Commit,2019-05,Friday,13
urcpp,2019-05-17 13:50:07+00:00,wgs1862019,Commit,2019-05,Friday,13
urcpp,2019-05-17 13:37:51+00:00,wgs1862019,Commit,2019-05,Friday,13
urcpp,2019-05-17 13:23:35+00:00,wgs1862019,Commit,2019-05,Friday,13
urcpp,2019-05-17 13:21:30+00:00,wgs1862019,Commit,2019-05,Friday,13
urcpp,2019-05-17 13:19:56+00:00,wgs1862019,Commit,2019-05,Friday,13
urcpp,2019-05-16 21:22:26+00:00,wgs1862019,Commit,2019-05,Thursday,21
urcpp,2019-05-16 20:45:27+00:00,wgs1862019,Commit,2019-05,Thursday,20
urcpp,2019-05-16 17:29:54+00:00,wgs1862019,Commit,2019-05,Thursday,17
urcpp,2019-05-16 15:40:23+00:00,wgs1862019,Commit,2019-05,Thursday,15
urcpp,2019-05-15 21:00:19+00:00,wgs1862019,Commit,2019-05,Wednesday,21
urcpp,2019-05-15 19:07:17+00:00,wgs1862019,Commit,2019-05,Wednesday,19
urcpp,2019-05-15 19:05:35+00:00,wgs1862019,Commit,2019-05,Wednesday,19
urcpp,2019-05-15 15:05:21+00:00,wgs1862019,Commit,2019-05,Wednesday,15
urcpp,2019-05-15 14:17:27+00:00,wgs1862019,Commit,2019-05,Wednesday,14
urcpp,2019-05-15 19:37:45+00:00,wgs1862019,Commit,2019-05,Wednesday,19
urcpp,2019-05-15 18:31:28+00:00,wgs1862019,Commit,2019-05,Wednesday,18
urcpp,2019-05-15 18:06:58+00:00,wgs1862019,Commit,2019-05,Wednesday,18
urcpp,2019-05-15 17:58:18+00:00,wgs1862019,Commit,2019-05,Wednesday,17
urcpp,2019-05-15 17:48:30+00:00,wgs1862019,Commit,2019-05,Wednesday,17
urcpp,2019-05-15 17:46:58+00:00,Jamaliela,Commit,2019-05,Wednesday,17
urcpp,2019-05-15 17:46:15+00:00,wgs1862019,Commit,2019-05,Wednesday,17
urcpp,2019-05-15 17:43:28+00:00,wgs1862019,Commit,2019-05,Wednesday,17
urcpp,2019-05-15 17:40:34+00:00,wgs1862019,Commit,2019-05,Wednesday,17
urcpp,2019-05-15 17:39:03+00:00,wgs1862019,Commit,2019-05,Wednesday,17
urcpp,2019-05-15 17:25:30+00:00,wgs1862019,Commit,2019-05,Wednesday,17
urcpp,2019-05-15 17:22:25+00:00,wgs1862019,Commit,2019-05,Wednesday,17
urcpp,2019-05-15 17:17:41+00:00,Jamaliela,Commit,2019-05,Wednesday,17
urcpp,2019-05-15 15:51:57+00:00,wgs1862019,Commit,2019-05,Wednesday,15
urcpp,2019-05-15 15:05:21+00:00,wgs1862019,Commit,2019-05,Wednesday,15
urcpp,2019-05-15 14:17:27+00:00,wgs1862019,Commit,2019-05,Wednesday,14
urcpp,2019-05-15 14:13:18+00:00,wgs1862019,Commit,2019-05,Wednesday,14
urcpp,2019-05-15 14:05:54+00:00,wgs1862019,Commit,2019-05,Wednesday,14
urcpp,2019-05-15 13:47:51+00:00,wgs1862019,Commit,2019-05,Wednesday,13
urcpp,2019-05-15 13:42:40+00:00,Jamaliela,Commit,2019-05,Wednesday,13
urcpp,2019-05-14 20:56:42+00:00,wgs1862019,Commit,2019-05,Tuesday,20
urcpp,2019-05-14 18:17:44+00:00,wgs1862019,Commit,2019-05,Tuesday,18
urcpp,2019-05-14 17:20:18+00:00,wgs1862019,Commit,2019-05,Tuesday,17
urcpp,2019-05-14 16:57:44+00:00,wgs1862019,Commit,2019-05,Tuesday,16
urcpp,2019-05-14 16:48:55+00:00,wgs1862019,Commit,2019-05,Tuesday,16
urcpp,2019-05-13 20:21:26+00:00,wgs1862019,Commit,2019-05,Monday,20
urcpp,2019-05-13 20:15:58+00:00,wgs1862019,Commit,2019-05,Monday,20
urcpp,2019-05-13 20:12:31+00:00,wgs1862019,Commit,2019-05,Monday,20
urcpp,2019-05-13 20:10:42+00:00,wgs1862019,Commit,2019-05,Monday,20
urcpp,2019-05-13 20:04:52+00:00,wgs1862019,Commit,2019-05,Monday,20
urcpp,2019-05-13 19:59:00+00:00,wgs1862019,Commit,2019-05,Monday,19
urcpp,2019-05-13 19:33:25+00:00,wgs1862019,Commit,2019-05,Monday,19
urcpp,2019-05-13 19:22:35+00:00,wgs1862019,Commit,2019-05,Monday,19
urcpp,2019-05-13 19:05:54+00:00,wgs1862019,Commit,2019-05,Monday,19
urcpp,2019-05-13 18:43:31+00:00,wgs1862019,Commit,2019-05,Monday,18
urcpp,2019-05-13 18:16:29+00:00,wgs1862019,Commit,2019-05,Monday,18
urcpp,2019-05-13 18:10:32+00:00,Jamaliela,Commit,2019-05,Monday,18
urcpp,2019-05-13 18:09:48+00:00,Jamaliela,Commit,2019-05,Monday,18
urcpp,2019-05-13 17:58:05+00:00,wgs1862019,Commit,2019-05,Monday,17
urcpp,2019-05-13 17:31:14+00:00,wgs1862019,Commit,2019-05,Monday,17
urcpp,2019-05-13 15:48:23+00:00,wgs1862019,Commit,2019-05,Monday,15
urcpp,2019-05-13 15:34:08+00:00,wgs1862019,Commit,2019-05,Monday,15
urcpp,2019-05-13 15:30:45+00:00,wgs1862019,Commit,2019-05,Monday,15
urcpp,2019-05-13 15:29:00+00:00,wgs1862019,Commit,2019-05,Monday,15
urcpp,2019-05-13 15:27:22+00:00,wgs1862019,Commit,2019-05,Monday,15
urcpp,2019-05-13 15:26:10+00:00,wgs1862019,Commit,2019-05,Monday,15
urcpp,2019-05-13 15:19:32+00:00,wgs1862019,Commit,2019-05,Monday,15
urcpp,2019-05-13 15:15:21+00:00,wgs1862019,Commit,2019-05,Monday,15
urcpp,2019-05-13 15:06:05+00:00,wgs1862019,Commit,2019-05,Monday,15
urcpp,2019-05-13 15:02:01+00:00,wgs1862019,Commit,2019-05,Monday,15
urcpp,2019-05-13 14:57:45+00:00,wgs1862019,Commit,2019-05,Monday,14
urcpp,2019-05-13 14:33:35+00:00,wgs1862019,Commit,2019-05,Monday,14
urcpp,2019-05-13 14:12:57+00:00,wgs1862019,Commit,2019-05,Monday,14
urcpp,2019-05-13 13:46:32+00:00,wgs1862019,Commit,2019-05,Monday,13
urcpp,2019-05-10 20:09:05+00:00,wgs1862019,Commit,2019-05,Friday,20
urcpp,2019-05-10 19:49:38+00:00,wgs1862019,Commit,2019-05,Friday,19
urcpp,2019-05-10 19:46:40+00:00,wgs1862019,Commit,2019-05,Friday,19
urcpp,2019-05-10 19:27:19+00:00,wgs1862019,Commit,2019-05,Friday,19
urcpp,2019-05-10 19:04:01+00:00,wgs1862019,Commit,2019-05,Friday,19
urcpp,2019-05-10 18:56:47+00:00,wgs1862019,Commit,2019-05,Friday,18
urcpp,2019-05-10 17:39:50+00:00,Jamaliela,Commit,2019-05,Friday,17
urcpp,2019-05-10 17:38:33+00:00,Jamaliela,Commit,2019-05,Friday,17
urcpp,2019-05-10 17:32:10+00:00,wgs1862019,Commit,2019-05,Friday,17
urcpp,2019-05-10 16:53:30+00:00,wgs1862019,Commit,2019-05,Friday,16
urcpp,2019-05-10 15:12:17+00:00,wgs1862019,Commit,2019-05,Friday,15
urcpp,2019-05-10 14:37:43+00:00,wgs1862019,Commit,2019-05,Friday,14
urcpp,2019-05-10 14:36:04+00:00,wgs1862019,Commit,2019-05,Friday,14
urcpp,2019-05-10 14:27:09+00:00,wgs1862019,Commit,2019-05,Friday,14
urcpp,2019-05-10 14:09:29+00:00,wgs1862019,Commit,2019-05,Friday,14
urcpp,2019-05-10 13:19:53+00:00,wgs1862019,Commit,2019-05,Friday,13
urcpp,2019-05-10 13:06:03+00:00,wgs1862019,Commit,2019-05,Friday,13
urcpp,2019-05-09 20:39:12+00:00,johnsonwe,Commit,2019-05,Thursday,20
urcpp,2019-05-09 20:20:36+00:00,wgs1862019,Commit,2019-05,Thursday,20
urcpp,2019-05-09 20:14:02+00:00,johnsonwe,Commit,2019-05,Thursday,20
urcpp,2019-05-09 20:10:25+00:00,wgs1862019,Commit,2019-05,Thursday,20
urcpp,2019-05-09 20:08:23+00:00,wgs1862019,Commit,2019-05,Thursday,20
urcpp,2019-05-09 19:49:31+00:00,wgs1862019,Commit,2019-05,Thursday,19
urcpp,2019-05-09 19:41:05+00:00,wgs1862019,Commit,2019-05,Thursday,19
urcpp,2019-05-09 19:36:47+00:00,wgs1862019,Commit,2019-05,Thursday,19
urcpp,2019-05-09 19:32:01+00:00,wgs1862019,Commit,2019-05,Thursday,19
urcpp,2019-05-09 19:06:22+00:00,johnsonwe,Commit,2019-05,Thursday,19
urcpp,2019-05-09 19:03:28+00:00,wgs1862019,Commit,2019-05,Thursday,19
urcpp,2019-05-09 18:59:35+00:00,wgs1862019,Commit,2019-05,Thursday,18
urcpp,2019-05-09 18:52:45+00:00,wgs1862019,Commit,2019-05,Thursday,18
urcpp,2019-05-09 18:51:16+00:00,wgs1862019,Commit,2019-05,Thursday,18
urcpp,2019-05-09 18:39:04+00:00,wgs1862019,Commit,2019-05,Thursday,18
urcpp,2019-05-09 18:32:28+00:00,wgs1862019,Commit,2019-05,Thursday,18
urcpp,2019-05-09 18:27:08+00:00,wgs1862019,Commit,2019-05,Thursday,18
urcpp,2019-05-09 17:57:56+00:00,wgs1862019,Commit,2019-05,Thursday,17
urcpp,2019-05-09 17:29:06+00:00,wgs1862019,Commit,2019-05,Thursday,17
urcpp,2019-05-09 15:36:32+00:00,wgs1862019,Commit,2019-05,Thursday,15
urcpp,2019-05-09 15:35:23+00:00,wgs1862019,Commit,2019-05,Thursday,15
urcpp,2019-05-09 15:30:48+00:00,johnsonwe,Commit,2019-05,Thursday,15
urcpp,2019-05-09 15:28:20+00:00,wgs1862019,Commit,2019-05,Thursday,15
urcpp,2019-05-09 14:16:53+00:00,johnsonwe,Commit,2019-05,Thursday,14
urcpp,2019-05-09 14:15:18+00:00,wgs1862019,Commit,2019-05,Thursday,14
urcpp,2019-04-08 20:28:34+00:00,wgs1862019,Commit,2019-04,Monday,20
urcpp,2019-04-08 19:56:10+00:00,wgs1862019,Commit,2019-04,Monday,19
urcpp,2019-03-26 20:12:04+00:00,johnsonwe,Commit,2019-03,Tuesday,20
urcpp,2019-03-26 20:09:58+00:00,wgs1862019,Commit,2019-03,Tuesday,20
urcpp,2018-12-13 13:46:52+00:00,sheggen,Commit,2018-12,Thursday,13
urcpp,2018-02-15 13:44:53+00:00,memo330179,Commit,2018-02,Thursday,13
urcpp,2018-02-15 13:44:07+00:00,memo330179,Commit,2018-02,Thursday,13
urcpp,2018-02-13 20:30:33+00:00,memo330179,Commit,2018-02,Tuesday,20
urcpp,2018-02-13 20:21:14+00:00,memo330179,Commit,2018-02,Tuesday,20
urcpp,2018-02-13 20:18:22+00:00,memo330179,Commit,2018-02,Tuesday,20
urcpp,2018-02-13 15:58:00+00:00,memo330179,Commit,2018-02,Tuesday,15
urcpp,2018-02-13 15:43:29+00:00,memo330179,Commit,2018-02,Tuesday,15
urcpp,2018-02-13 15:09:23+00:00,memo330179,Commit,2018-02,Tuesday,15
urcpp,2018-02-12 17:09:50+00:00,memo330179,Commit,2018-02,Monday,17
urcpp,2018-02-02 18:13:10+00:00,memo330179,Commit,2018-02,Friday,18
urcpp,2018-02-02 18:02:21+00:00,memo330179,Commit,2018-02,Friday,18
urcpp,2018-02-02 18:00:17+00:00,memo330179,Commit,2018-02,Friday,18
urcpp,2018-02-02 16:58:25+00:00,Jesson Soto Ventura,Commit,2018-02,Friday,16
urcpp,2018-01-31 21:58:05+00:00,Jesson Soto Ventura,Commit,2018-01,Wednesday,21
urcpp,2018-01-31 21:53:24+00:00,Jesson Soto Ventura,Commit,2018-01,Wednesday,21
urcpp,2018-01-31 20:26:37+00:00,Jesson Soto Ventura,Commit,2018-01,Wednesday,20
urcpp,2018-01-15 14:04:28+00:00,memo330179,Commit,2018-01,Monday,14
urcpp,2018-01-10 13:50:59+00:00,memo330179,Commit,2018-01,Wednesday,13
urcpp,2017-12-15 22:14:51+00:00,memo330179,Commit,2017-12,Friday,22
urcpp,2017-12-15 04:48:27+00:00,memo330179,Commit,2017-12,Friday,4
urcpp,2017-09-05 19:43:20+00:00,Sher Sanginov,Commit,2017-09,Tuesday,19
urcpp,2018-01-29 22:41:20+00:00,memo330179,Commit,2018-01,Monday,22
urcpp,2018-01-29 22:35:49+00:00,memo330179,Commit,2018-01,Monday,22
urcpp,2018-01-29 22:33:21+00:00,memo330179,Commit,2018-01,Monday,22
urcpp,2018-01-29 22:27:30+00:00,memo330179,Commit,2018-01,Monday,22
urcpp,2017-11-07 15:53:48+00:00,memo330179,Commit,2017-11,Tuesday,15
urcpp,2017-11-07 15:51:38+00:00,memo330179,Commit,2017-11,Tuesday,15
urcpp,2017-11-06 13:59:33+00:00,memo330179,Commit,2017-11,Monday,13
urcpp,2017-11-03 15:04:36+00:00,sheggen,Commit,2017-11,Friday,15
urcpp,2017-11-03 14:58:16+00:00,sheggen,Commit,2017-11,Friday,14
urcpp,2017-11-03 14:55:33+00:00,sheggen,Commit,2017-11,Friday,14
urcpp,2017-11-03 14:50:53+00:00,sheggen,Commit,2017-11,Friday,14
urcpp,2017-11-03 14:43:49+00:00,sheggen,Commit,2017-11,Friday,14
urcpp,2017-11-03 14:33:01+00:00,sheggen,Commit,2017-11,Friday,14
urcpp,2017-10-30 22:36:33+00:00,memo330179,Commit,2017-10,Monday,22
urcpp,2017-10-24 14:10:49+00:00,Jesson Soto Ventura,Commit,2017-10,Tuesday,14
urcpp,2017-09-27 21:03:01+00:00,Jesson Soto,Commit,2017-09,Wednesday,21
urcpp,2017-09-27 20:06:27+00:00,Jesson Soto,Commit,2017-09,Wednesday,20
urcpp,2017-09-25 12:42:56+00:00,memo330179,Commit,2017-09,Monday,12
urcpp,2017-09-11 19:24:13+00:00,johnsonwe,Commit,2017-09,Monday,19
urcpp,2017-09-11 19:23:35+00:00,Chauwaj,Commit,2017-09,Monday,19
urcpp,2017-09-11 19:22:18+00:00,Jesson Soto Ventura,Commit,2017-09,Monday,19
urcpp,2017-09-11 17:40:19+00:00,johnsonwe,Commit,2017-09,Monday,17
urcpp,2017-09-11 16:34:34+00:00,johnsonwe,Commit,2017-09,Monday,16
urcpp,2017-09-11 16:32:37+00:00,johnsonwe,Commit,2017-09,Monday,16
urcpp,2017-09-08 21:09:32+00:00,Aleksandra Cvetanovska,Commit,2017-09,Friday,21
urcpp,2017-09-07 18:18:07+00:00,Aleksandra Cvetanovska,Commit,2017-09,Thursday,18
urcpp,2017-09-07 15:05:31+00:00,Aleksandra Cvetanovska,Commit,2017-09,Thursday,15
urcpp,2017-09-07 13:47:53+00:00,Aleksandra Cvetanovska,Commit,2017-09,Thursday,13
urcpp,2017-09-07 13:46:33+00:00,Jesson Soto,Commit,2017-09,Thursday,13
urcpp,2017-09-07 13:27:28+00:00,Jesson Soto,Commit,2017-09,Thursday,13
urcpp,2017-09-07 13:12:16+00:00,Jesson Soto,Commit,2017-09,Thursday,13
urcpp,2017-09-06 12:19:04+00:00,Chauwaj,Commit,2017-09,Wednesday,12
urcpp,2017-09-06 12:05:37+00:00,Aleksandra Cvetanovska,Commit,2017-09,Wednesday,12
urcpp,2017-09-05 20:14:32+00:00,Chauwaj,Commit,2017-09,Tuesday,20
urcpp,2017-09-05 19:45:50+00:00,Jesson Soto,Commit,2017-09,Tuesday,19
urcpp,2017-09-05 12:38:58+00:00,Aleksandra Cvetanovska,Commit,2017-09,Tuesday,12
urcpp,2017-09-05 12:34:54+00:00,Aleksandra Cvetanovska,Commit,2017-09,Tuesday,12
urcpp,2017-09-04 21:21:45+00:00,Aleksandra Cvetanovska,Commit,2017-09,Monday,21
urcpp,2017-09-04 20:48:31+00:00,Aleksandra Cvetanovska,Commit,2017-09,Monday,20
urcpp,2017-09-02 12:56:52+00:00,memo330179,Commit,2017-09,Saturday,12
urcpp,2017-09-01 22:13:09+00:00,Aleksandra Cvetanovska,Commit,2017-09,Friday,22
urcpp,2017-09-01 21:19:20+00:00,Aleksandra Cvetanovska,Commit,2017-09,Friday,21
urcpp,2017-08-31 12:45:54+00:00,Jesson Soto Ventura,Commit,2017-08,Thursday,12
urcpp,2017-08-30 21:46:08+00:00,Aleksandra Cvetanovska,Commit,2017-08,Wednesday,21
urcpp,2017-08-30 13:04:18+00:00,memo330179,Commit,2017-08,Wednesday,13
urcpp,2017-08-30 12:34:44+00:00,Jesson Soto Ventura,Commit,2017-08,Wednesday,12
urcpp,2017-08-29 21:46:04+00:00,Jesson Soto,Commit,2017-08,Tuesday,21
urcpp,2017-08-29 17:40:54+00:00,Jesson Soto,Commit,2017-08,Tuesday,17
urcpp,2017-08-29 13:38:14+00:00,memo330179,Commit,2017-08,Tuesday,13
urcpp,2017-08-25 12:53:14+00:00,memo330179,Commit,2017-08,Friday,12
urcpp,2017-06-12 14:09:52+00:00,Cody Myers,Commit,2017-06,Monday,14
urcpp,2017-06-12 14:04:53+00:00,Cody Myers,Commit,2017-06,Monday,14
urcpp,2017-05-05 22:50:52+00:00,memo330179,Commit,2017-05,Friday,22
urcpp,2017-04-25 12:08:53+00:00,memo330179,Commit,2017-04,Tuesday,12
urcpp,2017-02-14 15:54:16+00:00,memo330179,Commit,2017-02,Tuesday,15
urcpp,2017-02-09 14:47:33+00:00,memo330179,Commit,2017-02,Thursday,14
urcpp,2017-02-09 14:46:48+00:00,memo330179,Commit,2017-02,Thursday,14
urcpp,2017-02-09 14:45:36+00:00,memo330179,Commit,2017-02,Thursday,14
urcpp,2017-02-09 14:42:33+00:00,Guillermo Ramos Macias,Commit,2017-02,Thursday,14
urcpp,2017-01-31 15:47:43+00:00,memo330179,Commit,2017-01,Tuesday,15
urcpp,2017-01-31 14:50:31+00:00,memo330179,Commit,2017-01,Tuesday,14
urcpp,2017-01-31 14:29:17+00:00,memo330179,Commit,2017-01,Tuesday,14
urcpp,2017-01-31 14:25:12+00:00,memo330179,Commit,2017-01,Tuesday,14
urcpp,2017-01-31 14:23:12+00:00,memo330179,Commit,2017-01,Tuesday,14
urcpp,2017-01-31 14:20:32+00:00,memo330179,Commit,2017-01,Tuesday,14
urcpp,2017-01-25 20:19:18+00:00,memo330179,Commit,2017-01,Wednesday,20
urcpp,2017-01-25 20:14:13+00:00,memo330179,Commit,2017-01,Wednesday,20
urcpp,2017-01-25 20:08:50+00:00,memo330179,Commit,2017-01,Wednesday,20
urcpp,2017-01-25 20:07:12+00:00,memo330179,Commit,2017-01,Wednesday,20
urcpp,2017-01-25 20:06:02+00:00,memo330179,Commit,2017-01,Wednesday,20
urcpp,2017-01-24 14:36:49+00:00,memo330179,Commit,2017-01,Tuesday,14
urcpp,2017-01-24 14:14:54+00:00,memo330179,Commit,2017-01,Tuesday,14
urcpp,2017-01-24 13:44:33+00:00,memo330179,Commit,2017-01,Tuesday,13
urcpp,2017-01-20 21:26:23+00:00,memo330179,Commit,2017-01,Friday,21
urcpp,2017-01-19 15:56:12+00:00,memo330179,Commit,2017-01,Thursday,15
urcpp,2017-01-19 15:52:37+00:00,memo330179,Commit,2017-01,Thursday,15
urcpp,2017-01-19 15:25:56+00:00,memo330179,Commit,2017-01,Thursday,15
urcpp,2017-01-19 13:53:24+00:00,memo330179,Commit,2017-01,Thursday,13
urcpp,2017-01-19 13:40:14+00:00,memo330179,Commit,2017-01,Thursday,13
urcpp,2017-01-19 13:25:05+00:00,memo330179,Commit,2017-01,Thursday,13
urcpp,2017-01-19 13:24:44+00:00,memo330179,Commit,2017-01,Thursday,13
urcpp,2017-01-19 13:22:42+00:00,memo330179,Commit,2017-01,Thursday,13
urcpp,2017-01-19 13:17:05+00:00,memo330179,Commit,2017-01,Thursday,13
urcpp,2017-01-17 16:44:19+00:00,memo330179,Commit,2017-01,Tuesday,16
urcpp,2017-01-17 15:27:35+00:00,memo330179,Commit,2017-01,Tuesday,15
urcpp,2017-01-17 15:24:36+00:00,memo330179,Commit,2017-01,Tuesday,15
urcpp,2017-01-17 15:19:55+00:00,memo330179,Commit,2017-01,Tuesday,15
urcpp,2017-01-17 15:04:24+00:00,memo330179,Commit,2017-01,Tuesday,15
urcpp,2017-01-17 15:03:09+00:00,memo330179,Commit,2017-01,Tuesday,15
urcpp,2017-01-17 14:52:25+00:00,memo330179,Commit,2017-01,Tuesday,14
urcpp,2017-01-17 14:48:31+00:00,memo330179,Commit,2017-01,Tuesday,14
urcpp,2017-01-17 14:22:23+00:00,memo330179,Commit,2017-01,Tuesday,14
urcpp,2017-01-17 14:21:18+00:00,memo330179,Commit,2017-01,Tuesday,14
urcpp,2017-01-17 14:20:36+00:00,memo330179,Commit,2017-01,Tuesday,14
urcpp,2017-01-16 23:48:02+00:00,memo330179,Commit,2017-01,Monday,23
urcpp,2017-01-16 23:40:57+00:00,memo330179,Commit,2017-01,Monday,23
urcpp,2017-01-12 21:38:30+00:00,memo330179,Commit,2017-01,Thursday,21
urcpp,2017-01-12 21:27:00+00:00,memo330179,Commit,2017-01,Thursday,21
urcpp,2017-01-12 16:10:25+00:00,memo330179,Commit,2017-01,Thursday,16
urcpp,2017-01-12 16:05:38+00:00,memo330179,Commit,2017-01,Thursday,16
urcpp,2017-01-12 15:15:50+00:00,memo330179,Commit,2017-01,Thursday,15
urcpp,2017-01-10 16:29:30+00:00,memo330179,Commit,2017-01,Tuesday,16
urcpp,2017-01-10 16:18:58+00:00,memo330179,Commit,2017-01,Tuesday,16
urcpp,2017-01-10 15:50:59+00:00,memo330179,Commit,2017-01,Tuesday,15
urcpp,2017-01-10 14:46:44+00:00,memo330179,Commit,2017-01,Tuesday,14
urcpp,2017-01-10 13:52:25+00:00,memo330179,Commit,2017-01,Tuesday,13
urcpp,2016-12-14 05:26:01+00:00,memo330179,Commit,2016-12,Wednesday,5
urcpp,2016-12-14 05:25:09+00:00,memo330179,Commit,2016-12,Wednesday,5
urcpp,2016-12-14 04:02:23+00:00,memo330179,Commit,2016-12,Wednesday,4
urcpp,2016-12-14 04:00:52+00:00,memo330179,Commit,2016-12,Wednesday,4
urcpp,2016-12-14 03:58:18+00:00,memo330179,Commit,2016-12,Wednesday,3
urcpp,2016-12-14 03:55:50+00:00,memo330179,Commit,2016-12,Wednesday,3
urcpp,2016-12-13 02:03:51+00:00,memo330179,Commit,2016-12,Tuesday,2
urcpp,2016-12-12 17:16:57+00:00,memo330179,Commit,2016-12,Monday,17
urcpp,2016-12-10 19:09:36+00:00,memo330179,Commit,2016-12,Saturday,19
urcpp,2016-12-10 19:08:37+00:00,memo330179,Commit,2016-12,Saturday,19
urcpp,2016-12-10 19:08:37+00:00,memo330179,Commit,2016-12,Saturday,19
urcpp,2016-12-10 18:35:41+00:00,memo330179,Commit,2016-12,Saturday,18
urcpp,2016-12-10 16:36:26+00:00,memo330179,Commit,2016-12,Saturday,16
urcpp,2016-12-07 17:28:04+00:00,memo330179,Commit,2016-12,Wednesday,17
urcpp,2016-12-07 17:24:37+00:00,memo330179,Commit,2016-12,Wednesday,17
urcpp,2016-12-05 19:25:17+00:00,memo330179,Commit,2016-12,Monday,19
urcpp,2016-12-04 03:22:51+00:00,agarwali,Commit,2016-12,Sunday,3
urcpp,2016-12-02 21:45:24+00:00,agarwali,Commit,2016-12,Friday,21
urcpp,2016-12-02 18:35:36+00:00,memo330179,Commit,2016-12,Friday,18
urcpp,2016-11-30 19:03:41+00:00,memo330179,Commit,2016-11,Wednesday,19
urcpp,2016-11-30 18:53:40+00:00,memo330179,Commit,2016-11,Wednesday,18
urcpp,2016-11-29 20:27:45+00:00,agarwali,Commit,2016-11,Tuesday,20
urcpp,2016-11-21 19:20:36+00:00,memo330179,Commit,2016-11,Monday,19
urcpp,2016-11-21 19:07:33+00:00,memo330179,Commit,2016-11,Monday,19
urcpp,2016-11-21 19:03:45+00:00,memo330179,Commit,2016-11,Monday,19
urcpp,2016-11-21 18:57:53+00:00,memo330179,Commit,2016-11,Monday,18
urcpp,2016-11-21 18:54:48+00:00,memo330179,Commit,2016-11,Monday,18
urcpp,2016-11-21 18:50:39+00:00,memo330179,Commit,2016-11,Monday,18
urcpp,2016-11-21 18:49:48+00:00,memo330179,Commit,2016-11,Monday,18
urcpp,2016-11-21 18:48:45+00:00,memo330179,Commit,2016-11,Monday,18
urcpp,2016-11-18 18:29:39+00:00,memo330179,Commit,2016-11,Friday,18
urcpp,2016-11-16 19:24:13+00:00,memo330179,Commit,2016-11,Wednesday,19
urcpp,2016-10-26 21:17:02+00:00,agarwali,Commit,2016-10,Wednesday,21
urcpp,2016-11-07 18:32:19+00:00,memo330179,Commit,2016-11,Monday,18
urcpp,2016-11-04 17:48:48+00:00,memo330179,Commit,2016-11,Friday,17
urcpp,2016-11-02 17:41:29+00:00,memo330179,Commit,2016-11,Wednesday,17
urcpp,2016-11-02 16:23:22+00:00,memo330179,Commit,2016-11,Wednesday,16
urcpp,2016-10-31 18:20:51+00:00,memo330179,Commit,2016-10,Monday,18
urcpp,2016-10-25 20:53:40+00:00,memo330179,Commit,2016-10,Tuesday,20
urcpp,2016-10-25 20:35:27+00:00,memo330179,Commit,2016-10,Tuesday,20
urcpp,2016-10-25 20:08:19+00:00,memo330179,Commit,2016-10,Tuesday,20
urcpp,2016-10-25 18:40:29+00:00,memo330179,Commit,2016-10,Tuesday,18
urcpp,2016-10-25 18:40:03+00:00,memo330179,Commit,2016-10,Tuesday,18
urcpp,2016-10-25 18:39:01+00:00,memo330179,Commit,2016-10,Tuesday,18
urcpp,2016-10-25 00:31:59+00:00,memo330179,Commit,2016-10,Tuesday,0
urcpp,2016-10-25 00:31:17+00:00,memo330179,Commit,2016-10,Tuesday,0
urcpp,2016-10-24 18:22:10+00:00,memo330179,Commit,2016-10,Monday,18
urcpp,2016-10-18 17:49:11+00:00,memo330179,Commit,2016-10,Tuesday,17
urcpp,2016-10-18 17:47:47+00:00,memo330179,Commit,2016-10,Tuesday,17
urcpp,2016-10-17 23:49:26+00:00,memo330179,Commit,2016-10,Monday,23
urcpp,2016-10-16 14:58:44+00:00,memo330179,Commit,2016-10,Sunday,14
urcpp,2016-10-16 14:48:45+00:00,memo330179,Commit,2016-10,Sunday,14
urcpp,2016-10-16 14:46:54+00:00,memo330179,Commit,2016-10,Sunday,14
urcpp,2016-10-16 14:31:01+00:00,memo330179,Commit,2016-10,Sunday,14
urcpp,2016-10-16 14:29:22+00:00,memo330179,Commit,2016-10,Sunday,14
urcpp,2016-10-16 14:09:28+00:00,memo330179,Commit,2016-10,Sunday,14
urcpp,2016-10-16 14:05:28+00:00,memo330179,Commit,2016-10,Sunday,14
urcpp,2016-10-16 14:03:23+00:00,memo330179,Commit,2016-10,Sunday,14
urcpp,2016-10-16 00:30:26+00:00,memo330179,Commit,2016-10,Sunday,0
urcpp,2016-10-16 00:16:08+00:00,memo330179,Commit,2016-10,Sunday,0
urcpp,2016-10-16 00:15:31+00:00,memo330179,Commit,2016-10,Sunday,0
urcpp,2016-10-16 00:10:06+00:00,memo330179,Commit,2016-10,Sunday,0
urcpp,2016-10-16 00:05:45+00:00,memo330179,Commit,2016-10,Sunday,0
urcpp,2016-10-16 00:04:12+00:00,memo330179,Commit,2016-10,Sunday,0
urcpp,2016-10-15 23:58:27+00:00,memo330179,Commit,2016-10,Saturday,23
urcpp,2016-10-15 23:54:49+00:00,memo330179,Commit,2016-10,Saturday,23
urcpp,2016-10-15 23:44:34+00:00,memo330179,Commit,2016-10,Saturday,23
urcpp,2016-10-13 01:18:51+00:00,agarwali,Commit,2016-10,Thursday,1
urcpp,2016-10-13 00:27:53+00:00,agarwali,Commit,2016-10,Thursday,0
urcpp,2016-10-13 00:09:50+00:00,agarwali,Commit,2016-10,Thursday,0
urcpp,2016-09-22 01:02:04+00:00,agarwali,Commit,2016-09,Thursday,1
urcpp,2016-10-12 18:36:15+00:00,memo330179,Commit,2016-10,Wednesday,18
urcpp,2016-10-12 18:23:10+00:00,memo330179,Commit,2016-10,Wednesday,18
urcpp,2016-10-12 18:15:35+00:00,memo330179,Commit,2016-10,Wednesday,18
urcpp,2016-10-09 20:23:51+00:00,memo330179,Commit,2016-10,Sunday,20
urcpp,2016-10-09 20:04:38+00:00,memo330179,Commit,2016-10,Sunday,20
urcpp,2016-10-09 19:53:14+00:00,memo330179,Commit,2016-10,Sunday,19
urcpp,2016-10-09 19:32:29+00:00,memo330179,Commit,2016-10,Sunday,19
urcpp,2016-10-09 19:29:25+00:00,memo330179,Commit,2016-10,Sunday,19
urcpp,2016-10-08 17:30:22+00:00,memo330179,Commit,2016-10,Saturday,17
urcpp,2016-10-08 17:10:33+00:00,memo330179,Commit,2016-10,Saturday,17
urcpp,2016-10-08 17:09:51+00:00,memo330179,Commit,2016-10,Saturday,17
urcpp,2016-10-08 17:07:13+00:00,memo330179,Commit,2016-10,Saturday,17
urcpp,2016-10-05 18:14:20+00:00,memo330179,Commit,2016-10,Wednesday,18
urcpp,2016-10-03 18:12:45+00:00,memo330179,Commit,2016-10,Monday,18
urcpp,2016-09-30 12:51:20+00:00,sheggen,Commit,2016-09,Friday,12
urcpp,2016-09-28 23:44:11+00:00,agarwali,Commit,2016-09,Wednesday,23
urcpp,2016-09-28 15:53:23+00:00,Guillermo Ramos Macias,Commit,2016-09,Wednesday,15
urcpp,2016-09-27 20:40:48+00:00,memo330179,Commit,2016-09,Tuesday,20
urcpp,2016-09-27 18:32:51+00:00,memo330179,Commit,2016-09,Tuesday,18
urcpp,2016-09-27 18:19:35+00:00,memo330179,Commit,2016-09,Tuesday,18
urcpp,2016-09-27 00:03:25+00:00,Guillermo Ramos Macias,Commit,2016-09,Tuesday,0
urcpp,2016-09-26 18:38:36+00:00,Guillermo Ramos Macias,Commit,2016-09,Monday,18
urcpp,2016-09-26 17:36:41+00:00,memo330179,Commit,2016-09,Monday,17
urcpp,2016-09-21 23:57:03+00:00,agarwali,Commit,2016-09,Wednesday,23
urcpp,2016-09-21 22:53:47+00:00,Guillermo Ramos Macias,Commit,2016-09,Wednesday,22
urcpp,2016-09-21 22:45:20+00:00,Guillermo Ramos Macias,Commit,2016-09,Wednesday,22
urcpp,2016-09-21 22:43:45+00:00,Guillermo Ramos Macias,Commit,2016-09,Wednesday,22
urcpp,2016-09-21 22:07:38+00:00,memo330179,Commit,2016-09,Wednesday,22
urcpp,2016-09-19 16:37:32+00:00,memo330179,Commit,2016-09,Monday,16
urcpp,2016-09-19 16:34:44+00:00,memo330179,Commit,2016-09,Monday,16
urcpp,2016-09-14 18:27:17+00:00,Guillermo Ramos,Commit,2016-09,Wednesday,18
urcpp,2016-09-14 18:24:40+00:00,Guillermo Ramos,Commit,2016-09,Wednesday,18
urcpp,2016-09-12 21:25:23+00:00,agarwali,Commit,2016-09,Monday,21
urcpp,2016-09-09 20:57:38+00:00,agarwali,Commit,2016-09,Friday,20
urcpp,2016-09-09 20:55:19+00:00,agarwali,Commit,2016-09,Friday,20
urcpp,2016-09-09 20:02:47+00:00,agarwali,Commit,2016-09,Friday,20
urcpp,2016-09-09 16:30:16+00:00,Guillermo Ramos,Commit,2016-09,Friday,16
urcpp,2016-09-09 02:51:53+00:00,Guillermo Ramos,Commit,2016-09,Friday,2
urcpp,2016-09-09 02:29:49+00:00,Guillermo Ramos,Commit,2016-09,Friday,2
urcpp,2016-09-07 23:47:55+00:00,Guillermo Ramos,Commit,2016-09,Wednesday,23
urcpp,2016-09-07 23:30:56+00:00,Guillermo Ramos,Commit,2016-09,Wednesday,23
urcpp,2016-09-07 23:23:06+00:00,Guillermo Ramos,Commit,2016-09,Wednesday,23
urcpp,2016-09-07 23:21:55+00:00,Guillermo Ramos,Commit,2016-09,Wednesday,23
urcpp,2016-09-07 23:18:51+00:00,Guillermo Ramos,Commit,2016-09,Wednesday,23
urcpp,2016-09-07 23:13:05+00:00,Guillermo Ramos,Commit,2016-09,Wednesday,23
urcpp,2016-09-07 16:24:08+00:00,agarwali,Commit,2016-09,Wednesday,16
urcpp,2016-09-07 01:00:14+00:00,memo330179,Commit,2016-09,Wednesday,1
urcpp,2016-09-06 22:32:28+00:00,memo330179,Commit,2016-09,Tuesday,22
urcpp,2016-09-06 22:30:59+00:00,memo330179,Commit,2016-09,Tuesday,22
urcpp,2016-09-06 01:20:32+00:00,memo330179,Commit,2016-09,Tuesday,1
urcpp,2016-09-05 22:01:34+00:00,agarwali,Commit,2016-09,Monday,22
urcpp,2016-09-05 20:25:08+00:00,agarwali,Commit,2016-09,Monday,20
urcpp,2016-09-05 18:35:08+00:00,memo330179,Commit,2016-09,Monday,18
urcpp,2016-09-05 18:33:15+00:00,memo330179,Commit,2016-09,Monday,18
urcpp,2016-09-05 18:17:34+00:00,memo330179,Commit,2016-09,Monday,18
urcpp,2016-09-05 17:49:32+00:00,memo330179,Commit,2016-09,Monday,17
urcpp,2016-09-05 17:38:40+00:00,memo330179,Commit,2016-09,Monday,17
urcpp,2016-08-21 20:46:46+00:00,agarwali,Commit,2016-08,Sunday,20
urcpp,2016-08-13 19:35:14+00:00,agarwali,Commit,2016-08,Saturday,19
urcpp,2016-08-13 19:00:22+00:00,agarwali,Commit,2016-08,Saturday,19
urcpp,2016-08-10 17:05:01+00:00,agarwali,Commit,2016-08,Wednesday,17
urcpp,2016-08-04 16:10:06+00:00,agarwali,Commit,2016-08,Thursday,16
urcpp,2016-08-04 14:53:50+00:00,agarwali,Commit,2016-08,Thursday,14
urcpp,2016-04-08 00:11:38+00:00,sheggen,Commit,2016-04,Friday,0
urcpp,2016-03-23 22:10:40+00:00,sheggen,Commit,2016-03,Wednesday,22
urcpp,2016-01-29 03:08:25+00:00,jadudm,Commit,2016-01,Friday,3
urcpp,2016-01-29 02:49:09+00:00,jadudm,Commit,2016-01,Friday,2
urcpp,2016-01-29 02:35:45+00:00,jadudm,Commit,2016-01,Friday,2
urcpp,2016-01-29 01:34:29+00:00,jadudm,Commit,2016-01,Friday,1
urcpp,2016-01-29 01:33:57+00:00,jadudm,Commit,2016-01,Friday,1
urcpp,2016-01-29 01:07:01+00:00,sheggen,Commit,2016-01,Friday,1
urcpp,2016-01-29 00:50:37+00:00,jadudm,Commit,2016-01,Friday,0
urcpp,2016-01-29 00:29:20+00:00,jadudm,Commit,2016-01,Friday,0
urcpp,2016-01-28 02:28:21+00:00,jadudm,Commit,2016-01,Thursday,2
urcpp,2016-01-25 21:31:26+00:00,sheggen,Commit,2016-01,Monday,21
urcpp,2016-01-25 15:23:59+00:00,sheggen,Commit,2016-01,Monday,15
urcpp,2016-01-25 14:42:11+00:00,jadudm,Commit,2016-01,Monday,14
urcpp,2016-01-22 02:53:30+00:00,jadudm,Commit,2016-01,Friday,2
urcpp,2016-01-22 02:40:50+00:00,jadudm,Commit,2016-01,Friday,2
urcpp,2016-01-18 18:25:19+00:00,sheggen,Commit,2016-01,Monday,18
urcpp,2016-01-18 18:04:30+00:00,sheggen,Commit,2016-01,Monday,18
urcpp,2016-01-18 16:39:08+00:00,sheggen,Commit,2016-01,Monday,16
urcpp,2016-01-18 16:38:30+00:00,jadudm,Commit,2016-01,Monday,16
urcpp,2016-01-15 20:04:34+00:00,jadudm,Commit,2016-01,Friday,20
urcpp,2016-01-15 19:48:25+00:00,jadudm,Commit,2016-01,Friday,19
urcpp,2016-01-15 19:48:17+00:00,jadudm,Commit,2016-01,Friday,19
urcpp,2016-01-15 15:55:31+00:00,sheggen,Commit,2016-01,Friday,15
urcpp,2016-01-05 21:28:49+00:00,jadudm,Commit,2016-01,Tuesday,21
urcpp,2016-01-05 21:24:19+00:00,jadudm,Commit,2016-01,Tuesday,21
urcpp,2016-01-05 21:19:31+00:00,jadudm,Commit,2016-01,Tuesday,21
urcpp,2016-01-05 20:22:49+00:00,sheggen,Commit,2016-01,Tuesday,20
urcpp,2016-01-05 19:56:54+00:00,jadudm,Commit,2016-01,Tuesday,19
urcpp,2016-01-05 19:30:06+00:00,jadudm,Commit,2016-01,Tuesday,19
urcpp,2015-12-20 03:22:09+00:00,jadudm,Commit,2015-12,Sunday,3
urcpp,2015-12-20 03:12:29+00:00,jadudm,Commit,2015-12,Sunday,3
urcpp,2015-12-20 02:49:40+00:00,jadudm,Commit,2015-12,Sunday,2
urcpp,2015-12-20 02:48:56+00:00,jadudm,Commit,2015-12,Sunday,2
urcpp,2015-12-17 01:25:20+00:00,jadudm,Commit,2015-12,Thursday,1
urcpp,2015-12-17 01:24:56+00:00,jadudm,Commit,2015-12,Thursday,1
urcpp,2015-12-14 20:30:50+00:00,jadudm,Commit,2015-12,Monday,20
urcpp,2015-12-14 20:29:43+00:00,jadudm,Commit,2015-12,Monday,20
urcpp,2015-12-12 02:50:46+00:00,jadudm,Commit,2015-12,Saturday,2
urcpp,2015-12-11 05:14:10+00:00,jadudm,Commit,2015-12,Friday,5
urcpp,2015-12-11 05:13:03+00:00,jadudm,Commit,2015-12,Friday,5
urcpp,2015-12-10 23:26:14+00:00,jadudm,Commit,2015-12,Thursday,23
urcpp,2015-12-10 21:48:41+00:00,jadudm,Commit,2015-12,Thursday,21
urcpp,2015-12-10 19:59:55+00:00,jadudm,Commit,2015-12,Thursday,19
urcpp,2015-12-10 14:05:35+00:00,jadudm,Commit,2015-12,Thursday,14
urcpp,2015-12-10 13:56:43+00:00,jadudm,Commit,2015-12,Thursday,13
urcpp,2015-12-10 12:44:24+00:00,jadudm,Commit,2015-12,Thursday,12
urcpp,2015-12-10 12:44:05+00:00,jadudm,Commit,2015-12,Thursday,12
urcpp,2015-12-10 03:02:45+00:00,sheggen,Commit,2015-12,Thursday,3
urcpp,2015-12-10 02:23:13+00:00,jadudm,Commit,2015-12,Thursday,2
urcpp,2015-12-10 02:00:14+00:00,jadudm,Commit,2015-12,Thursday,2
urcpp,2015-12-10 01:25:34+00:00,jadudm,Commit,2015-12,Thursday,1
urcpp,2015-12-10 01:24:59+00:00,jadudm,Commit,2015-12,Thursday,1
urcpp,2015-12-10 01:23:10+00:00,sheggen,Commit,2015-12,Thursday,1
urcpp,2015-12-09 23:32:23+00:00,sheggen,Commit,2015-12,Wednesday,23
urcpp,2015-12-09 19:04:39+00:00,sheggen,Commit,2015-12,Wednesday,19
urcpp,2015-12-08 19:50:15+00:00,jadudm,Commit,2015-12,Tuesday,19
urcpp,2015-12-08 19:49:55+00:00,jadudm,Commit,2015-12,Tuesday,19
urcpp,2015-12-08 19:27:54+00:00,sheggen,Commit,2015-12,Tuesday,19
urcpp,2015-12-08 19:15:28+00:00,jadudm,Commit,2015-12,Tuesday,19
urcpp,2015-12-08 18:43:32+00:00,jadudm,Commit,2015-12,Tuesday,18
urcpp,2015-12-08 18:34:34+00:00,sheggen,Commit,2015-12,Tuesday,18
urcpp,2015-12-08 18:20:54+00:00,jadudm,Commit,2015-12,Tuesday,18
urcpp,2015-12-08 16:44:25+00:00,jadudm,Commit,2015-12,Tuesday,16
urcpp,2015-12-08 01:08:07+00:00,jadudm,Commit,2015-12,Tuesday,1
urcpp,2015-12-08 01:06:38+00:00,jadudm,Commit,2015-12,Tuesday,1
urcpp,2015-12-07 18:31:12+00:00,sheggen,Commit,2015-12,Monday,18
urcpp,2015-12-04 01:54:51+00:00,sheggen,Commit,2015-12,Friday,1
urcpp,2015-12-04 01:48:52+00:00,sheggen,Commit,2015-12,Friday,1
urcpp,2015-12-02 16:49:23+00:00,jadudm,Commit,2015-12,Wednesday,16
urcpp,2015-12-01 04:43:01+00:00,jadudm,Commit,2015-12,Tuesday,4
urcpp,2015-11-24 15:26:53+00:00,jadudm,Commit,2015-11,Tuesday,15
urcpp,2015-11-24 00:33:58+00:00,jadudm,Commit,2015-11,Tuesday,0
urcpp,2015-11-23 19:39:43+00:00,jadudm,Commit,2015-11,Monday,19
urcpp,2015-11-23 19:19:41+00:00,jadudm,Commit,2015-11,Monday,19
urcpp,2015-11-23 02:47:34+00:00,jadudm,Commit,2015-11,Monday,2
urcpp,2015-11-23 02:33:07+00:00,jadudm,Commit,2015-11,Monday,2
urcpp,2015-11-22 23:33:28+00:00,jadudm,Commit,2015-11,Sunday,23
urcpp,2015-11-22 23:26:47+00:00,jadudm,Commit,2015-11,Sunday,23
urcpp,2015-11-22 22:26:40+00:00,jadudm,Commit,2015-11,Sunday,22
urcpp,2015-11-22 21:55:49+00:00,jadudm,Commit,2015-11,Sunday,21
urcpp,2015-11-22 21:54:50+00:00,jadudm,Commit,2015-11,Sunday,21
urcpp,2015-11-22 21:52:14+00:00,jadudm,Commit,2015-11,Sunday,21
urcpp,2015-11-22 21:18:18+00:00,jadudm,Commit,2015-11,Sunday,21
urcpp,2015-11-22 18:03:45+00:00,jadudm,Commit,2015-11,Sunday,18
urcpp,2015-11-22 17:09:28+00:00,jadudm,Commit,2015-11,Sunday,17
urcpp,2015-11-22 05:05:01+00:00,jadudm,Commit,2015-11,Sunday,5
urcpp,2015-11-22 01:03:31+00:00,jadudm,Commit,2015-11,Sunday,1
urcpp,2015-11-21 21:51:39+00:00,jadudm,Commit,2015-11,Saturday,21
urcpp,2015-11-21 16:21:36+00:00,jadudm,Commit,2015-11,Saturday,16
urcpp,2015-11-20 19:23:59+00:00,jadudm,Commit,2015-11,Friday,19
urcpp,2015-11-20 19:20:52+00:00,jadudm,Commit,2015-11,Friday,19
urcpp,2015-11-20 19:19:42+00:00,jadudm,Commit,2015-11,Friday,19
urcpp,2015-11-20 02:39:09+00:00,jadudm,Commit,2015-11,Friday,2
urcpp,2015-11-20 02:34:29+00:00,jadudm,Commit,2015-11,Friday,2
urcpp,2015-11-20 02:26:33+00:00,jadudm,Commit,2015-11,Friday,2
urcpp,2015-11-20 02:03:08+00:00,jadudm,Commit,2015-11,Friday,2
urcpp,2015-11-20 00:41:21+00:00,jadudm,Commit,2015-11,Friday,0
urcpp,2015-11-20 00:35:26+00:00,jadudm,Commit,2015-11,Friday,0
urcpp,2015-11-20 00:32:31+00:00,jadudm,Commit,2015-11,Friday,0
urcpp,2015-11-19 22:52:29+00:00,jadudm,Commit,2015-11,Thursday,22
urcpp,2015-11-19 22:21:18+00:00,jadudm,Commit,2015-11,Thursday,22
urcpp,2015-11-19 21:20:22+00:00,jadudm,Commit,2015-11,Thursday,21
urcpp,2015-11-19 20:59:45+00:00,jadudm,Commit,2015-11,Thursday,20
urcpp,2015-11-19 20:49:33+00:00,jadudm,Commit,2015-11,Thursday,20
urcpp,2015-11-19 16:52:21+00:00,jadudm,Commit,2015-11,Thursday,16
urcpp,2015-11-19 16:46:15+00:00,jadudm,Commit,2015-11,Thursday,16
urcpp,2015-11-19 13:42:25+00:00,jadudm,Commit,2015-11,Thursday,13
urcpp,2015-11-19 06:49:42+00:00,jadudm,Commit,2015-11,Thursday,6
urcpp,2015-11-19 06:48:58+00:00,jadudm,Commit,2015-11,Thursday,6
urcpp,2015-11-19 06:43:16+00:00,jadudm,Commit,2015-11,Thursday,6
urcpp,2015-11-19 02:08:23+00:00,jadudm,Commit,2015-11,Thursday,2
urcpp,2015-11-19 01:18:06+00:00,jadudm,Commit,2015-11,Thursday,1
urcpp,2015-11-19 00:26:03+00:00,jadudm,Commit,2015-11,Thursday,0
urcpp,2015-11-18 12:43:48+00:00,jadudm,Commit,2015-11,Wednesday,12
urcpp,2015-11-18 02:00:09+00:00,jadudm,Commit,2015-11,Wednesday,2
urcpp,2015-11-17 15:20:05+00:00,jadudm,Commit,2015-11,Tuesday,15
urcpp,2015-11-17 14:51:52+00:00,jadudm,Commit,2015-11,Tuesday,14
urcpp,2015-11-17 13:22:53+00:00,jadudm,Commit,2015-11,Tuesday,13
urcpp,2015-11-17 04:14:36+00:00,jadudm,Commit,2015-11,Tuesday,4
urcpp,2015-11-17 00:19:19+00:00,jadudm,Commit,2015-11,Tuesday,0
urcpp,2015-11-17 00:17:46+00:00,jadudm,Commit,2015-11,Tuesday,0
urcpp,2015-11-17 00:11:04+00:00,jadudm,Commit,2015-11,Tuesday,0
urcpp,2015-11-16 02:00:19+00:00,jadudm,Commit,2015-11,Monday,2
urcpp,2015-11-09 21:47:51+00:00,jadudm,Commit,2015-11,Monday,21
urcpp,2015-11-09 18:55:26+00:00,jadudm,Commit,2015-11,Monday,18
urcpp,2015-11-09 14:15:22+00:00,jadudm,Commit,2015-11,Monday,14
urcpp,2015-11-09 14:13:18+00:00,jadudm,Commit,2015-11,Monday,14
urcpp,2022-02-15 20:55:57+00:00,sreynit02,PR opened,2022-02,Tuesday,20
urcpp,2022-03-22 14:57:27+00:00,,PR merged,2022-03,Tuesday,14
urcpp,2022-02-18 19:04:47+00:00,sreynit02,PR opened,2022-02,Friday,19
urcpp,2022-03-22 14:58:55+00:00,,PR merged,2022-03,Tuesday,14
urcpp,2022-03-15 19:36:24+00:00,Lyisus,PR opened,2022-03,Tuesday,19
urcpp,2022-03-22 14:57:26+00:00,,PR merged,2022-03,Tuesday,14
urcpp,2022-04-06 19:30:50+00:00,sreynit02,PR opened,2022-04,Wednesday,19
urcpp,2025-02-04 16:52:48+00:00,hoerstl,PR opened,2025-02,Tuesday,16
urcpp,2025-02-13 16:18:55+00:00,,PR merged,2025-02,Thursday,16
urcpp,2025-02-13 19:12:42+00:00,sheggen,PR opened,2025-02,Thursday,19
urcpp,2025-03-14 14:32:51+00:00,hoerstl,PR opened,2025-03,Friday,14
urcpp,2025-10-02 17:39:05+00:00,,PR merged,2025-10,Thursday,17
urcpp,2015-12-01 11:43:31+00:00,hmanalai,Issue opened,2015-12,Tuesday,11
urcpp,2015-12-01 11:44:30+00:00,hmanalai,Issue opened,2015-12,Tuesday,11
urcpp,2015-12-01 11:44:49+00:00,hmanalai,Issue opened,2015-12,Tuesday,11
urcpp,2015-12-01 11:45:37+00:00,hmanalai,Issue opened,2015-12,Tuesday,11
urcpp,2015-12-01 11:46:15+00:00,hmanalai,Issue opened,2015-12,Tuesday,11
urcpp,2015-12-01 11:46:35+00:00,hmanalai,Issue opened,2015-12,Tuesday,11
urcpp,2015-12-01 11:47:00+00:00,hmanalai,Issue opened,2015-12,Tuesday,11
urcpp,2015-12-01 11:47:28+00:00,hmanalai,Issue opened,2015-12,Tuesday,11
urcpp,2015-12-01 11:47:48+00:00,hmanalai,Issue opened,2015-12,Tuesday,11
urcpp,2015-12-01 11:49:58+00:00,hmanalai,Issue opened,2015-12,Tuesday,11
urcpp,2015-12-01 11:50:33+00:00,hmanalai,Issue opened,2015-12,Tuesday,11
urcpp,2015-12-01 11:51:45+00:00,hmanalai,Issue opened,2015-12,Tuesday,11
urcpp,2015-12-01 11:52:32+00:00,hmanalai,Issue opened,2015-12,Tuesday,11
urcpp,2015-12-04 02:01:32+00:00,hmanalai,Issue opened,2015-12,Friday,2
urcpp,2015-12-04 02:03:48+00:00,hmanalai,Issue opened,2015-12,Friday,2
urcpp,2015-12-04 02:05:10+00:00,hmanalai,Issue opened,2015-12,Friday,2
urcpp,2015-12-04 02:06:24+00:00,hmanalai,Issue opened,2015-12,Friday,2
urcpp,2015-12-04 02:21:01+00:00,hmanalai,Issue opened,2015-12,Friday,2
urcpp,2015-12-04 16:45:25+00:00,hmanalai,Issue opened,2015-12,Friday,16
urcpp,2015-12-04 16:46:10+00:00,hmanalai,Issue opened,2015-12,Friday,16
urcpp,2015-12-04 16:46:30+00:00,hmanalai,Issue opened,2015-12,Friday,16
urcpp,2015-12-04 16:47:15+00:00,hmanalai,Issue opened,2015-12,Friday,16
urcpp,2015-12-04 16:47:39+00:00,hmanalai,Issue opened,2015-12,Friday,16
urcpp,2015-12-08 01:17:23+00:00,hmanalai,Issue opened,2015-12,Tuesday,1
urcpp,2015-12-08 16:56:28+00:00,hmanalai,Issue opened,2015-12,Tuesday,16
urcpp,2015-12-08 16:57:30+00:00,hmanalai,Issue opened,2015-12,Tuesday,16
urcpp,2015-12-09 02:12:54+00:00,hmanalai,Issue opened,2015-12,Wednesday,2
urcpp,2015-12-09 03:41:20+00:00,hmanalai,Issue opened,2015-12,Wednesday,3
urcpp,2015-12-10 02:08:23+00:00,hmanalai,Issue opened,2015-12,Thursday,2
urcpp,2015-12-10 21:23:19+00:00,hmanalai,Issue opened,2015-12,Thursday,21
urcpp,2015-12-11 00:04:45+00:00,hmanalai,Issue opened,2015-12,Friday,0
urcpp,2015-12-18 15:28:35+00:00,hmanalai,Issue opened,2015-12,Friday,15
urcpp,2015-12-20 02:52:29+00:00,hmanalai,Issue opened,2015-12,Sunday,2
urcpp,2015-12-20 05:51:46+00:00,hmanalai,Issue opened,2015-12,Sunday,5
urcpp,2016-01-05 20:22:00+00:00,hmanalai,Issue opened,2016-01,Tuesday,20
urcpp,2016-01-15 14:05:15+00:00,hmanalai,Issue opened,2016-01,Friday,14
urcpp,2016-01-18 16:31:55+00:00,hmanalai,Issue opened,2016-01,Monday,16
urcpp,2016-01-18 20:57:54+00:00,hmanalai,Issue opened,2016-01,Monday,20
urcpp,2016-01-19 18:42:13+00:00,hmanalai,Issue opened,2016-01,Tuesday,18
urcpp,2016-01-26 18:21:57+00:00,hmanalai,Issue opened,2016-01,Tuesday,18
urcpp,2016-01-27 13:01:49+00:00,hmanalai,Issue opened,2016-01,Wednesday,13
urcpp,2016-02-10 18:11:32+00:00,hmanalai,Issue opened,2016-02,Wednesday,18
urcpp,2016-09-01 21:51:28+00:00,hmanalai,Issue opened,2016-09,Thursday,21
urcpp,2016-09-01 21:54:37+00:00,hmanalai,Issue opened,2016-09,Thursday,21
urcpp,2016-09-01 21:57:48+00:00,hmanalai,Issue opened,2016-09,Thursday,21
urcpp,2016-09-01 22:08:00+00:00,hmanalai,Issue opened,2016-09,Thursday,22
urcpp,2016-09-01 22:40:32+00:00,hmanalai,Issue opened,2016-09,Thursday,22
urcpp,2016-09-05 20:40:27+00:00,hmanalai,Issue opened,2016-09,Monday,20
urcpp,2016-09-05 20:43:14+00:00,hmanalai,Issue opened,2016-09,Monday,20
urcpp,2016-09-05 21:40:36+00:00,hmanalai,Issue opened,2016-09,Monday,21
urcpp,2016-09-08 00:11:35+00:00,hmanalai,Issue opened,2016-09,Thursday,0
urcpp,2016-09-28 23:08:12+00:00,hmanalai,Issue opened,2016-09,Wednesday,23
urcpp,2016-10-04 17:26:13+00:00,hmanalai,Issue opened,2016-10,Tuesday,17
urcpp,2016-10-05 16:28:49+00:00,hmanalai,Issue opened,2016-10,Wednesday,16
urcpp,2016-10-05 16:29:48+00:00,hmanalai,Issue opened,2016-10,Wednesday,16
urcpp,2016-10-05 16:30:22+00:00,hmanalai,Issue opened,2016-10,Wednesday,16
urcpp,2016-10-05 16:32:07+00:00,hmanalai,Issue opened,2016-10,Wednesday,16
urcpp,2016-10-05 17:58:04+00:00,hmanalai,Issue opened,2016-10,Wednesday,17
urcpp,2016-10-09 20:27:05+00:00,hmanalai,Issue opened,2016-10,Sunday,20
urcpp,2016-10-13 00:36:00+00:00,hmanalai,Issue opened,2016-10,Thursday,0
urcpp,2016-10-13 00:53:17+00:00,hmanalai,Issue opened,2016-10,Thursday,0
urcpp,2016-10-13 15:18:39+00:00,hmanalai,Issue opened,2016-10,Thursday,15
urcpp,2016-10-14 18:17:11+00:00,hmanalai,Issue opened,2016-10,Friday,18
urcpp,2016-10-16 14:27:00+00:00,hmanalai,Issue opened,2016-10,Sunday,14
urcpp,2016-10-16 14:51:42+00:00,hmanalai,Issue opened,2016-10,Sunday,14
urcpp,2016-10-16 14:55:01+00:00,hmanalai,Issue opened,2016-10,Sunday,14
urcpp,2016-10-17 16:18:38+00:00,hmanalai,Issue opened,2016-10,Monday,16
urcpp,2016-10-17 16:31:26+00:00,hmanalai,Issue opened,2016-10,Monday,16
urcpp,2016-10-24 18:07:01+00:00,hmanalai,Issue opened,2016-10,Monday,18
urcpp,2016-10-24 18:18:05+00:00,hmanalai,Issue opened,2016-10,Monday,18
urcpp,2016-10-25 00:19:53+00:00,hmanalai,Issue opened,2016-10,Tuesday,0
urcpp,2016-10-31 18:24:28+00:00,hmanalai,Issue opened,2016-10,Monday,18
urcpp,2016-11-21 17:26:23+00:00,hmanalai,Issue opened,2016-11,Monday,17
urcpp,2016-12-06 19:45:35+00:00,hmanalai,Issue opened,2016-12,Tuesday,19
urcpp,2016-12-06 21:30:13+00:00,hmanalai,Issue opened,2016-12,Tuesday,21
urcpp,2016-12-06 21:38:25+00:00,hmanalai,Issue opened,2016-12,Tuesday,21
urcpp,2016-12-06 21:42:52+00:00,hmanalai,Issue opened,2016-12,Tuesday,21
urcpp,2016-12-06 21:55:31+00:00,hmanalai,Issue opened,2016-12,Tuesday,21
urcpp,2016-12-07 17:11:39+00:00,hmanalai,Issue opened,2016-12,Wednesday,17
urcpp,2016-12-07 17:14:14+00:00,hmanalai,Issue opened,2016-12,Wednesday,17
urcpp,2016-12-10 18:35:04+00:00,hmanalai,Issue opened,2016-12,Saturday,18
urcpp,2016-12-10 19:07:20+00:00,hmanalai,Issue opened,2016-12,Saturday,19
urcpp,2017-01-10 13:57:26+00:00,hmanalai,Issue opened,2017-01,Tuesday,13
urcpp,2017-01-10 15:26:55+00:00,hmanalai,Issue opened,2017-01,Tuesday,15
urcpp,2017-01-12 15:26:16+00:00,hmanalai,Issue opened,2017-01,Thursday,15
urcpp,2017-01-12 20:33:01+00:00,hmanalai,Issue opened,2017-01,Thursday,20
urcpp,2017-01-17 13:28:56+00:00,hmanalai,Issue opened,2017-01,Tuesday,13
urcpp,2017-01-17 14:43:22+00:00,hmanalai,Issue opened,2017-01,Tuesday,14
urcpp,2017-01-25 19:02:33+00:00,hmanalai,Issue opened,2017-01,Wednesday,19
urcpp,2017-02-06 22:24:46+00:00,hmanalai,Issue opened,2017-02,Monday,22
urcpp,2017-02-09 15:47:02+00:00,hmanalai,Issue opened,2017-02,Thursday,15
urcpp,2017-02-09 15:54:33+00:00,hmanalai,Issue opened,2017-02,Thursday,15
urcpp,2017-02-09 15:55:45+00:00,hmanalai,Issue opened,2017-02,Thursday,15
urcpp,2017-08-29 14:21:50+00:00,hmanalai,Issue opened,2017-08,Tuesday,14
urcpp,2017-08-29 14:27:11+00:00,hmanalai,Issue opened,2017-08,Tuesday,14
urcpp,2017-08-29 14:33:20+00:00,hmanalai,Issue opened,2017-08,Tuesday,14
urcpp,2017-08-30 17:59:43+00:00,hmanalai,Issue opened,2017-08,Wednesday,17
urcpp,2017-08-30 18:24:00+00:00,hmanalai,Issue opened,2017-08,Wednesday,18
urcpp,2017-08-31 14:05:33+00:00,hmanalai,Issue opened,2017-08,Thursday,14
urcpp,2017-09-05 13:36:11+00:00,hmanalai,Issue opened,2017-09,Tuesday,13
urcpp,2017-09-07 18:27:52+00:00,hmanalai,Issue opened,2017-09,Thursday,18
urcpp,2017-09-18 13:04:51+00:00,hmanalai,Issue opened,2017-09,Monday,13
urcpp,2017-10-11 13:09:26+00:00,hmanalai,Issue opened,2017-10,Wednesday,13
urcpp,2017-11-06 14:05:23+00:00,hmanalai,Issue opened,2017-11,Monday,14
urcpp,2018-01-09 20:32:14+00:00,hmanalai,Issue opened,2018-01,Tuesday,20
urcpp,2018-01-10 16:27:50+00:00,hmanalai,Issue opened,2018-01,Wednesday,16
urcpp,2018-01-10 16:33:57+00:00,hmanalai,Issue opened,2018-01,Wednesday,16
urcpp,2018-01-10 16:37:02+00:00,hmanalai,Issue opened,2018-01,Wednesday,16
urcpp,2018-01-10 16:42:13+00:00,hmanalai,Issue opened,2018-01,Wednesday,16
urcpp,2018-01-10 16:46:36+00:00,hmanalai,Issue opened,2018-01,Wednesday,16
urcpp,2018-01-10 16:47:56+00:00,hmanalai,Issue opened,2018-01,Wednesday,16
urcpp,2018-01-10 16:49:45+00:00,hmanalai,Issue opened,2018-01,Wednesday,16
urcpp,2018-01-10 18:19:20+00:00,hmanalai,Issue opened,2018-01,Wednesday,18
urcpp,2018-01-10 18:23:48+00:00,hmanalai,Issue opened,2018-01,Wednesday,18
urcpp,2018-01-10 18:25:56+00:00,hmanalai,Issue opened,2018-01,Wednesday,18
urcpp,2018-01-10 18:28:48+00:00,hmanalai,Issue opened,2018-01,Wednesday,18
urcpp,2018-01-10 18:33:05+00:00,hmanalai,Issue opened,2018-01,Wednesday,18
urcpp,2018-01-10 20:36:00+00:00,hmanalai,Issue opened,2018-01,Wednesday,20
urcpp,2018-02-15 16:31:16+00:00,hmanalai,Issue opened,2018-02,Thursday,16
urcpp,2019-04-08 17:19:25+00:00,hmanalai,Issue opened,2019-04,Monday,17
urcpp,2019-04-15 17:30:40+00:00,hmanalai,Issue opened,2019-04,Monday,17
urcpp,2019-04-15 17:51:44+00:00,hmanalai,Issue opened,2019-04,Monday,17
urcpp,2019-04-15 17:58:47+00:00,hmanalai,Issue opened,2019-04,Monday,17
urcpp,2019-04-15 18:02:20+00:00,hmanalai,Issue opened,2019-04,Monday,18
urcpp,2019-04-15 18:09:24+00:00,hmanalai,Issue opened,2019-04,Monday,18
urcpp,2019-04-22 19:02:06+00:00,hmanalai,Issue opened,2019-04,Monday,19
urcpp,2019-05-09 13:45:39+00:00,hmanalai,Issue opened,2019-05,Thursday,13
urcpp,2019-05-09 13:49:49+00:00,hmanalai,Issue opened,2019-05,Thursday,13
urcpp,2019-05-09 13:53:43+00:00,hmanalai,Issue opened,2019-05,Thursday,13
urcpp,2019-05-09 14:06:06+00:00,hmanalai,Issue opened,2019-05,Thursday,14
urcpp,2019-05-09 14:13:19+00:00,hmanalai,Issue opened,2019-05,Thursday,14
urcpp,2019-05-09 14:15:29+00:00,hmanalai,Issue opened,2019-05,Thursday,14
urcpp,2019-05-09 14:18:25+00:00,hmanalai,Issue opened,2019-05,Thursday,14
urcpp,2019-05-09 14:38:34+00:00,hmanalai,Issue opened,2019-05,Thursday,14
urcpp,2019-05-09 14:42:22+00:00,hmanalai,Issue opened,2019-05,Thursday,14
urcpp,2019-05-09 14:44:49+00:00,hmanalai,Issue opened,2019-05,Thursday,14
urcpp,2019-05-09 15:13:29+00:00,hmanalai,Issue opened,2019-05,Thursday,15
urcpp,2019-05-13 13:49:43+00:00,hmanalai,Issue opened,2019-05,Monday,13
urcpp,2019-05-13 19:31:56+00:00,hmanalai,Issue opened,2019-05,Monday,19
urcpp,2019-05-13 20:38:43+00:00,hmanalai,Issue opened,2019-05,Monday,20
urcpp,2019-05-14 15:25:00+00:00,hmanalai,Issue opened,2019-05,Tuesday,15
urcpp,2019-05-14 20:54:16+00:00,hmanalai,Issue opened,2019-05,Tuesday,20
urcpp,2019-05-17 13:45:48+00:00,hmanalai,Issue opened,2019-05,Friday,13
urcpp,2019-05-17 14:06:02+00:00,hmanalai,Issue opened,2019-05,Friday,14
urcpp,2019-05-21 19:31:07+00:00,hmanalai,Issue opened,2019-05,Tuesday,19
urcpp,2019-05-23 13:38:09+00:00,hmanalai,Issue opened,2019-05,Thursday,13
urcpp,2019-05-23 13:54:23+00:00,hmanalai,Issue opened,2019-05,Thursday,13
urcpp,2019-05-23 14:38:59+00:00,hmanalai,Issue opened,2019-05,Thursday,14
urcpp,2019-05-25 04:11:21+00:00,hmanalai,Issue opened,2019-05,Saturday,4
urcpp,2019-05-29 20:52:25+00:00,hmanalai,Issue opened,2019-05,Wednesday,20
urcpp,2019-05-30 13:04:37+00:00,hmanalai,Issue opened,2019-05,Thursday,13
urcpp,2019-05-30 13:09:46+00:00,hmanalai,Issue opened,2019-05,Thursday,13
urcpp,2019-05-30 13:17:04+00:00,hmanalai,Issue opened,2019-05,Thursday,13
urcpp,2019-05-30 13:30:31+00:00,hmanalai,Issue opened,2019-05,Thursday,13
urcpp,2019-05-30 14:23:50+00:00,hmanalai,Issue opened,2019-05,Thursday,14
urcpp,2019-05-31 13:04:29+00:00,hmanalai,Issue opened,2019-05,Friday,13
urcpp,2019-05-31 14:04:53+00:00,hmanalai,Issue opened,2019-05,Friday,14
urcpp,2019-05-31 14:07:50+00:00,hmanalai,Issue opened,2019-05,Friday,14
urcpp,2019-05-31 15:24:21+00:00,hmanalai,Issue opened,2019-05,Friday,15
urcpp,2019-05-31 17:29:17+00:00,hmanalai,Issue opened,2019-05,Friday,17
urcpp,2019-05-31 17:33:39+00:00,hmanalai,Issue opened,2019-05,Friday,17
urcpp,2019-05-31 17:40:17+00:00,hmanalai,Issue opened,2019-05,Friday,17
urcpp,2019-06-03 13:35:23+00:00,hmanalai,Issue opened,2019-06,Monday,13
urcpp,2019-06-03 14:30:30+00:00,hmanalai,Issue opened,2019-06,Monday,14
urcpp,2019-06-03 14:34:10+00:00,hmanalai,Issue opened,2019-06,Monday,14
urcpp,2019-06-03 15:37:00+00:00,hmanalai,Issue opened,2019-06,Monday,15
urcpp,2019-06-03 18:10:13+00:00,hmanalai,Issue opened,2019-06,Monday,18
urcpp,2019-06-03 19:41:52+00:00,hmanalai,Issue opened,2019-06,Monday,19
urcpp,2019-06-04 18:00:50+00:00,hmanalai,Issue opened,2019-06,Tuesday,18
urcpp,2019-06-05 17:00:16+00:00,hmanalai,Issue opened,2019-06,Wednesday,17
urcpp,2019-06-06 18:53:52+00:00,hmanalai,Issue opened,2019-06,Thursday,18
urcpp,2019-06-10 14:18:36+00:00,hmanalai,Issue opened,2019-06,Monday,14
urcpp,2019-06-11 14:02:29+00:00,hmanalai,Issue opened,2019-06,Tuesday,14
urcpp,2019-06-12 12:43:28+00:00,hmanalai,Issue opened,2019-06,Wednesday,12
urcpp,2021-03-01 19:03:24+00:00,hmanalai,Issue opened,2021-03,Monday,19
urcpp,2022-01-12 16:12:10+00:00,bryantal,Issue opened,2022-01,Wednesday,16
urcpp,2022-02-21 19:07:56+00:00,sreynit02,Issue opened,2022-02,Monday,19
urcpp,2022-02-21 19:09:36+00:00,sreynit02,Issue opened,2022-02,Monday,19
urcpp,2023-01-03 21:20:11+00:00,sheggen,Issue opened,2023-01,Tuesday,21
urcpp,2023-01-03 21:25:24+00:00,sheggen,Issue opened,2023-01,Tuesday,21
urcpp,2023-01-03 21:34:21+00:00,sheggen,Issue opened,2023-01,Tuesday,21
urcpp,2024-01-17 14:03:30+00:00,AndersonStettner,Issue opened,2024-01,Wednesday,14
urcpp,2025-01-20 15:07:13+00:00,sheggen,Issue opened,2025-01,Monday,15
urcpp,2025-01-30 15:29:07+00:00,hoerstl,Issue opened,2025-01,Thursday,15
urcpp,2025-02-13 16:26:19+00:00,hoerstl,Issue opened,2025-02,Thursday,16
urcpp,2025-10-01 16:56:37+00:00,sheggen,Issue opened,2025-10,Wednesday,16
urcpp,2015-12-02 02:11:32+00:00,hmanalai,Conversation comment,2015-12,Wednesday,2
urcpp,2015-12-02 16:39:48+00:00,hmanalai,Conversation comment,2015-12,Wednesday,16
urcpp,2015-12-04 02:09:35+00:00,hmanalai,Conversation comment,2015-12,Friday,2
urcpp,2015-12-09 02:10:34+00:00,hmanalai,Conversation comment,2015-12,Wednesday,2
urcpp,2015-12-09 02:10:45+00:00,hmanalai,Conversation comment,2015-12,Wednesday,2
urcpp,2015-12-09 02:11:02+00:00,hmanalai,Conversation comment,2015-12,Wednesday,2
urcpp,2015-12-09 03:31:56+00:00,hmanalai,Conversation comment,2015-12,Wednesday,3
urcpp,2015-12-09 04:00:24+00:00,hmanalai,Conversation comment,2015-12,Wednesday,4
urcpp,2015-12-09 12:49:46+00:00,hmanalai,Conversation comment,2015-12,Wednesday,12
urcpp,2015-12-09 12:53:20+00:00,hmanalai,Conversation comment,2015-12,Wednesday,12
urcpp,2015-12-11 01:59:24+00:00,hmanalai,Conversation comment,2015-12,Friday,1
urcpp,2015-12-18 19:50:50+00:00,hmanalai,Conversation comment,2015-12,Friday,19
urcpp,2015-12-18 19:51:07+00:00,hmanalai,Conversation comment,2015-12,Friday,19
urcpp,2015-12-18 19:51:13+00:00,hmanalai,Conversation comment,2015-12,Friday,19
urcpp,2015-12-18 19:52:42+00:00,hmanalai,Conversation comment,2015-12,Friday,19
urcpp,2015-12-20 02:50:22+00:00,hmanalai,Conversation comment,2015-12,Sunday,2
urcpp,2015-12-20 02:51:52+00:00,hmanalai,Conversation comment,2015-12,Sunday,2
urcpp,2015-12-20 03:13:25+00:00,hmanalai,Conversation comment,2015-12,Sunday,3
urcpp,2015-12-20 03:13:42+00:00,hmanalai,Conversation comment,2015-12,Sunday,3
urcpp,2015-12-20 03:18:45+00:00,hmanalai,Conversation comment,2015-12,Sunday,3
urcpp,2015-12-20 03:19:08+00:00,hmanalai,Conversation comment,2015-12,Sunday,3
urcpp,2015-12-20 03:19:54+00:00,hmanalai,Conversation comment,2015-12,Sunday,3
urcpp,2015-12-20 03:20:07+00:00,hmanalai,Conversation comment,2015-12,Sunday,3
urcpp,2015-12-20 03:20:32+00:00,hmanalai,Conversation comment,2015-12,Sunday,3
urcpp,2015-12-20 03:21:04+00:00,hmanalai,Conversation comment,2015-12,Sunday,3
urcpp,2016-01-18 16:30:44+00:00,hmanalai,Conversation comment,2016-01,Monday,16
urcpp,2016-01-25 14:46:14+00:00,hmanalai,Conversation comment,2016-01,Monday,14
urcpp,2016-01-25 14:47:50+00:00,hmanalai,Conversation comment,2016-01,Monday,14
urcpp,2016-01-28 02:30:45+00:00,hmanalai,Conversation comment,2016-01,Thursday,2
urcpp,2016-01-28 02:38:06+00:00,hmanalai,Conversation comment,2016-01,Thursday,2
urcpp,2016-01-29 01:09:24+00:00,hmanalai,Conversation comment,2016-01,Friday,1
urcpp,2016-01-29 02:13:39+00:00,hmanalai,Conversation comment,2016-01,Friday,2
urcpp,2016-02-10 18:12:28+00:00,hmanalai,Conversation comment,2016-02,Wednesday,18
urcpp,2016-09-01 22:08:21+00:00,hmanalai,Conversation comment,2016-09,Thursday,22
urcpp,2016-09-05 16:19:42+00:00,hmanalai,Conversation comment,2016-09,Monday,16
urcpp,2016-09-05 16:33:55+00:00,hmanalai,Conversation comment,2016-09,Monday,16
urcpp,2016-09-05 16:34:25+00:00,hmanalai,Conversation comment,2016-09,Monday,16
urcpp,2016-09-05 18:37:10+00:00,hmanalai,Conversation comment,2016-09,Monday,18
urcpp,2016-09-05 18:41:01+00:00,hmanalai,Conversation comment,2016-09,Monday,18
urcpp,2016-09-05 21:42:35+00:00,hmanalai,Conversation comment,2016-09,Monday,21
urcpp,2016-09-06 01:23:26+00:00,hmanalai,Conversation comment,2016-09,Tuesday,1
urcpp,2016-09-06 16:48:22+00:00,hmanalai,Conversation comment,2016-09,Tuesday,16
urcpp,2016-09-14 23:26:06+00:00,hmanalai,Conversation comment,2016-09,Wednesday,23
urcpp,2016-09-14 23:27:41+00:00,hmanalai,Conversation comment,2016-09,Wednesday,23
urcpp,2016-09-21 23:57:52+00:00,hmanalai,Conversation comment,2016-09,Wednesday,23
urcpp,2016-09-27 20:42:42+00:00,hmanalai,Conversation comment,2016-09,Tuesday,20
urcpp,2016-09-27 20:44:52+00:00,hmanalai,Conversation comment,2016-09,Tuesday,20
urcpp,2016-09-27 20:46:35+00:00,hmanalai,Conversation comment,2016-09,Tuesday,20
urcpp,2016-09-27 20:47:14+00:00,hmanalai,Conversation comment,2016-09,Tuesday,20
urcpp,2016-09-27 20:47:38+00:00,hmanalai,Conversation comment,2016-09,Tuesday,20
urcpp,2016-09-27 20:57:57+00:00,hmanalai,Conversation comment,2016-09,Tuesday,20
urcpp,2016-09-27 20:58:40+00:00,hmanalai,Conversation comment,2016-09,Tuesday,20
urcpp,2016-09-27 20:59:12+00:00,hmanalai,Conversation comment,2016-09,Tuesday,20
urcpp,2016-09-28 17:30:46+00:00,hmanalai,Conversation comment,2016-09,Wednesday,17
urcpp,2016-09-28 18:11:48+00:00,hmanalai,Conversation comment,2016-09,Wednesday,18
urcpp,2016-09-28 23:45:57+00:00,hmanalai,Conversation comment,2016-09,Wednesday,23
urcpp,2016-10-03 18:14:17+00:00,hmanalai,Conversation comment,2016-10,Monday,18
urcpp,2016-10-03 18:14:55+00:00,hmanalai,Conversation comment,2016-10,Monday,18
urcpp,2016-10-03 18:51:19+00:00,hmanalai,Conversation comment,2016-10,Monday,18
urcpp,2016-10-03 21:15:37+00:00,hmanalai,Conversation comment,2016-10,Monday,21
urcpp,2016-10-04 17:29:29+00:00,hmanalai,Conversation comment,2016-10,Tuesday,17
urcpp,2016-10-04 17:47:42+00:00,hmanalai,Conversation comment,2016-10,Tuesday,17
urcpp,2016-10-04 19:32:20+00:00,hmanalai,Conversation comment,2016-10,Tuesday,19
urcpp,2016-10-04 19:44:56+00:00,hmanalai,Conversation comment,2016-10,Tuesday,19
urcpp,2016-10-04 19:46:51+00:00,hmanalai,Conversation comment,2016-10,Tuesday,19
urcpp,2016-10-12 17:41:47+00:00,hmanalai,Conversation comment,2016-10,Wednesday,17
urcpp,2016-10-12 18:16:44+00:00,hmanalai,Conversation comment,2016-10,Wednesday,18
urcpp,2016-10-12 18:23:19+00:00,hmanalai,Conversation comment,2016-10,Wednesday,18
urcpp,2016-10-12 18:23:19+00:00,hmanalai,Conversation comment,2016-10,Wednesday,18
urcpp,2016-10-12 18:36:57+00:00,hmanalai,Conversation comment,2016-10,Wednesday,18
urcpp,2016-10-12 18:37:18+00:00,hmanalai,Conversation comment,2016-10,Wednesday,18
urcpp,2016-10-13 00:37:06+00:00,hmanalai,Conversation comment,2016-10,Thursday,0
urcpp,2016-10-14 18:18:48+00:00,hmanalai,Conversation comment,2016-10,Friday,18
urcpp,2016-10-14 18:18:56+00:00,hmanalai,Conversation comment,2016-10,Friday,18
urcpp,2016-10-14 18:18:56+00:00,hmanalai,Conversation comment,2016-10,Friday,18
urcpp,2016-10-17 16:32:34+00:00,hmanalai,Conversation comment,2016-10,Monday,16
urcpp,2016-10-25 20:10:58+00:00,hmanalai,Conversation comment,2016-10,Tuesday,20
urcpp,2016-10-25 20:35:30+00:00,hmanalai,Conversation comment,2016-10,Tuesday,20
urcpp,2016-10-25 20:36:21+00:00,hmanalai,Conversation comment,2016-10,Tuesday,20
urcpp,2016-10-25 20:36:59+00:00,hmanalai,Conversation comment,2016-10,Tuesday,20
urcpp,2016-10-25 20:38:20+00:00,hmanalai,Conversation comment,2016-10,Tuesday,20
urcpp,2016-10-25 20:53:44+00:00,hmanalai,Conversation comment,2016-10,Tuesday,20
urcpp,2016-10-25 20:55:08+00:00,hmanalai,Conversation comment,2016-10,Tuesday,20
urcpp,2016-10-31 18:22:42+00:00,hmanalai,Conversation comment,2016-10,Monday,18
urcpp,2016-10-31 18:25:10+00:00,hmanalai,Conversation comment,2016-10,Monday,18
urcpp,2016-10-31 18:25:31+00:00,hmanalai,Conversation comment,2016-10,Monday,18
urcpp,2016-11-07 17:12:54+00:00,hmanalai,Conversation comment,2016-11,Monday,17
urcpp,2016-11-07 18:34:41+00:00,hmanalai,Conversation comment,2016-11,Monday,18
urcpp,2016-11-16 19:24:22+00:00,hmanalai,Conversation comment,2016-11,Wednesday,19
urcpp,2016-11-16 19:26:27+00:00,hmanalai,Conversation comment,2016-11,Wednesday,19
urcpp,2016-11-18 18:29:48+00:00,hmanalai,Conversation comment,2016-11,Friday,18
urcpp,2016-11-18 18:42:02+00:00,hmanalai,Conversation comment,2016-11,Friday,18
urcpp,2016-11-18 18:49:52+00:00,hmanalai,Conversation comment,2016-11,Friday,18
urcpp,2016-11-18 18:50:38+00:00,hmanalai,Conversation comment,2016-11,Friday,18
urcpp,2016-11-18 19:37:58+00:00,hmanalai,Conversation comment,2016-11,Friday,19
urcpp,2016-11-19 15:09:39+00:00,hmanalai,Conversation comment,2016-11,Saturday,15
urcpp,2016-12-02 19:24:58+00:00,hmanalai,Conversation comment,2016-12,Friday,19
urcpp,2016-12-05 17:20:52+00:00,hmanalai,Conversation comment,2016-12,Monday,17
urcpp,2016-12-05 17:21:13+00:00,hmanalai,Conversation comment,2016-12,Monday,17
urcpp,2016-12-05 17:23:35+00:00,hmanalai,Conversation comment,2016-12,Monday,17
urcpp,2016-12-05 17:25:01+00:00,hmanalai,Conversation comment,2016-12,Monday,17
urcpp,2016-12-05 17:25:40+00:00,hmanalai,Conversation comment,2016-12,Monday,17
urcpp,2016-12-05 17:36:44+00:00,hmanalai,Conversation comment,2016-12,Monday,17
urcpp,2016-12-06 19:26:58+00:00,hmanalai,Conversation comment,2016-12,Tuesday,19
urcpp,2016-12-07 17:29:47+00:00,hmanalai,Conversation comment,2016-12,Wednesday,17
urcpp,2016-12-08 19:18:32+00:00,hmanalai,Conversation comment,2016-12,Thursday,19
urcpp,2016-12-10 16:38:12+00:00,hmanalai,Conversation comment,2016-12,Saturday,16
urcpp,2016-12-10 16:41:14+00:00,hmanalai,Conversation comment,2016-12,Saturday,16
urcpp,2016-12-10 17:29:35+00:00,hmanalai,Conversation comment,2016-12,Saturday,17
urcpp,2016-12-10 18:36:21+00:00,hmanalai,Conversation comment,2016-12,Saturday,18
urcpp,2016-12-10 19:10:15+00:00,hmanalai,Conversation comment,2016-12,Saturday,19
urcpp,2017-01-10 14:47:01+00:00,hmanalai,Conversation comment,2017-01,Tuesday,14
urcpp,2017-01-10 14:50:16+00:00,hmanalai,Conversation comment,2017-01,Tuesday,14
urcpp,2017-01-10 14:54:54+00:00,hmanalai,Conversation comment,2017-01,Tuesday,14
urcpp,2017-01-10 14:55:34+00:00,hmanalai,Conversation comment,2017-01,Tuesday,14
urcpp,2017-01-10 15:12:30+00:00,hmanalai,Conversation comment,2017-01,Tuesday,15
urcpp,2017-01-10 15:33:31+00:00,hmanalai,Conversation comment,2017-01,Tuesday,15
urcpp,2017-01-12 14:32:56+00:00,hmanalai,Conversation comment,2017-01,Thursday,14
urcpp,2017-01-12 15:16:00+00:00,hmanalai,Conversation comment,2017-01,Thursday,15
urcpp,2017-01-12 15:22:00+00:00,hmanalai,Conversation comment,2017-01,Thursday,15
urcpp,2017-01-12 21:28:20+00:00,hmanalai,Conversation comment,2017-01,Thursday,21
urcpp,2017-01-12 21:38:34+00:00,hmanalai,Conversation comment,2017-01,Thursday,21
urcpp,2017-01-12 21:39:18+00:00,hmanalai,Conversation comment,2017-01,Thursday,21
urcpp,2017-01-16 23:41:10+00:00,hmanalai,Conversation comment,2017-01,Monday,23
urcpp,2017-01-16 23:48:15+00:00,hmanalai,Conversation comment,2017-01,Monday,23
urcpp,2017-01-16 23:51:48+00:00,hmanalai,Conversation comment,2017-01,Monday,23
urcpp,2017-01-17 15:28:29+00:00,hmanalai,Conversation comment,2017-01,Tuesday,15
urcpp,2017-01-25 20:15:32+00:00,hmanalai,Conversation comment,2017-01,Wednesday,20
urcpp,2017-02-02 13:32:27+00:00,hmanalai,Conversation comment,2017-02,Thursday,13
urcpp,2017-02-02 13:41:42+00:00,hmanalai,Conversation comment,2017-02,Thursday,13
urcpp,2017-02-02 13:59:27+00:00,hmanalai,Conversation comment,2017-02,Thursday,13
urcpp,2017-02-02 14:01:35+00:00,hmanalai,Conversation comment,2017-02,Thursday,14
urcpp,2017-02-09 15:34:36+00:00,hmanalai,Conversation comment,2017-02,Thursday,15
urcpp,2017-02-09 15:56:56+00:00,hmanalai,Conversation comment,2017-02,Thursday,15
urcpp,2017-02-09 15:57:10+00:00,hmanalai,Conversation comment,2017-02,Thursday,15
urcpp,2017-02-09 16:29:15+00:00,hmanalai,Conversation comment,2017-02,Thursday,16
urcpp,2017-02-14 15:54:24+00:00,hmanalai,Conversation comment,2017-02,Tuesday,15
urcpp,2017-02-14 15:56:10+00:00,hmanalai,Conversation comment,2017-02,Tuesday,15
urcpp,2017-05-05 23:21:06+00:00,hmanalai,Conversation comment,2017-05,Friday,23
urcpp,2017-08-24 13:11:41+00:00,hmanalai,Conversation comment,2017-08,Thursday,13
urcpp,2017-08-24 13:19:30+00:00,hmanalai,Conversation comment,2017-08,Thursday,13
urcpp,2017-08-24 13:20:21+00:00,hmanalai,Conversation comment,2017-08,Thursday,13
urcpp,2017-08-24 13:24:36+00:00,hmanalai,Conversation comment,2017-08,Thursday,13
urcpp,2017-08-24 13:26:04+00:00,hmanalai,Conversation comment,2017-08,Thursday,13
urcpp,2017-08-24 13:33:23+00:00,hmanalai,Conversation comment,2017-08,Thursday,13
urcpp,2017-08-24 13:34:05+00:00,hmanalai,Conversation comment,2017-08,Thursday,13
urcpp,2017-08-25 12:54:49+00:00,hmanalai,Conversation comment,2017-08,Friday,12
urcpp,2017-08-29 14:37:38+00:00,hmanalai,Conversation comment,2017-08,Tuesday,14
urcpp,2017-08-29 14:55:25+00:00,hmanalai,Conversation comment,2017-08,Tuesday,14
urcpp,2017-08-29 15:00:28+00:00,hmanalai,Conversation comment,2017-08,Tuesday,15
urcpp,2017-08-29 15:02:46+00:00,hmanalai,Conversation comment,2017-08,Tuesday,15
urcpp,2017-08-29 15:02:46+00:00,hmanalai,Conversation comment,2017-08,Tuesday,15
urcpp,2017-08-29 17:51:57+00:00,hmanalai,Conversation comment,2017-08,Tuesday,17
urcpp,2017-08-31 12:37:55+00:00,hmanalai,Conversation comment,2017-08,Thursday,12
urcpp,2017-08-31 12:40:03+00:00,hmanalai,Conversation comment,2017-08,Thursday,12
urcpp,2017-08-31 12:41:23+00:00,hmanalai,Conversation comment,2017-08,Thursday,12
urcpp,2017-08-31 12:41:52+00:00,hmanalai,Conversation comment,2017-08,Thursday,12
urcpp,2017-08-31 12:55:21+00:00,hmanalai,Conversation comment,2017-08,Thursday,12
urcpp,2017-08-31 13:34:43+00:00,hmanalai,Conversation comment,2017-08,Thursday,13
urcpp,2017-08-31 13:35:04+00:00,hmanalai,Conversation comment,2017-08,Thursday,13
urcpp,2017-09-01 20:23:31+00:00,hmanalai,Conversation comment,2017-09,Friday,20
urcpp,2017-09-04 23:46:21+00:00,hmanalai,Conversation comment,2017-09,Monday,23
urcpp,2017-09-05 13:01:54+00:00,hmanalai,Conversation comment,2017-09,Tuesday,13
urcpp,2017-09-05 13:40:40+00:00,hmanalai,Conversation comment,2017-09,Tuesday,13
urcpp,2017-09-05 19:51:06+00:00,hmanalai,Conversation comment,2017-09,Tuesday,19
urcpp,2017-09-06 13:31:43+00:00,hmanalai,Conversation comment,2017-09,Wednesday,13
urcpp,2017-09-06 20:15:54+00:00,hmanalai,Conversation comment,2017-09,Wednesday,20
urcpp,2017-09-07 13:47:56+00:00,hmanalai,Conversation comment,2017-09,Thursday,13
urcpp,2017-09-07 15:05:33+00:00,hmanalai,Conversation comment,2017-09,Thursday,15
urcpp,2017-09-07 17:10:34+00:00,hmanalai,Conversation comment,2017-09,Thursday,17
urcpp,2017-09-07 17:35:39+00:00,hmanalai,Conversation comment,2017-09,Thursday,17
urcpp,2017-09-08 14:17:28+00:00,hmanalai,Conversation comment,2017-09,Friday,14
urcpp,2017-09-12 18:10:27+00:00,hmanalai,Conversation comment,2017-09,Tuesday,18
urcpp,2017-09-18 13:08:57+00:00,hmanalai,Conversation comment,2017-09,Monday,13
urcpp,2017-10-24 13:23:12+00:00,hmanalai,Conversation comment,2017-10,Tuesday,13
urcpp,2017-10-24 13:25:54+00:00,hmanalai,Conversation comment,2017-10,Tuesday,13
urcpp,2018-01-09 20:24:19+00:00,hmanalai,Conversation comment,2018-01,Tuesday,20
urcpp,2018-01-09 20:25:26+00:00,hmanalai,Conversation comment,2018-01,Tuesday,20
urcpp,2018-01-10 13:58:45+00:00,hmanalai,Conversation comment,2018-01,Wednesday,13
urcpp,2018-01-10 13:59:39+00:00,hmanalai,Conversation comment,2018-01,Wednesday,13
urcpp,2018-01-10 14:01:19+00:00,hmanalai,Conversation comment,2018-01,Wednesday,14
urcpp,2018-01-10 14:02:02+00:00,hmanalai,Conversation comment,2018-01,Wednesday,14
urcpp,2019-03-26 20:10:24+00:00,hmanalai,Conversation comment,2019-03,Tuesday,20
urcpp,2019-04-01 17:16:09+00:00,hmanalai,Conversation comment,2019-04,Monday,17
urcpp,2019-04-15 17:44:17+00:00,hmanalai,Conversation comment,2019-04,Monday,17
urcpp,2019-04-22 19:02:54+00:00,hmanalai,Conversation comment,2019-04,Monday,19
urcpp,2019-04-30 17:01:11+00:00,hmanalai,Conversation comment,2019-04,Tuesday,17
urcpp,2019-05-09 13:47:11+00:00,hmanalai,Conversation comment,2019-05,Thursday,13
urcpp,2019-05-09 13:52:20+00:00,hmanalai,Conversation comment,2019-05,Thursday,13
urcpp,2019-05-09 14:04:09+00:00,hmanalai,Conversation comment,2019-05,Thursday,14
urcpp,2019-05-09 14:07:03+00:00,hmanalai,Conversation comment,2019-05,Thursday,14
urcpp,2019-05-09 14:18:54+00:00,hmanalai,Conversation comment,2019-05,Thursday,14
urcpp,2019-05-09 14:22:24+00:00,hmanalai,Conversation comment,2019-05,Thursday,14
urcpp,2019-05-09 14:42:55+00:00,hmanalai,Conversation comment,2019-05,Thursday,14
urcpp,2019-05-09 15:00:10+00:00,hmanalai,Conversation comment,2019-05,Thursday,15
urcpp,2019-05-09 15:40:34+00:00,hmanalai,Conversation comment,2019-05,Thursday,15
urcpp,2019-05-09 15:44:35+00:00,hmanalai,Conversation comment,2019-05,Thursday,15
urcpp,2019-05-09 15:47:30+00:00,hmanalai,Conversation comment,2019-05,Thursday,15
urcpp,2019-05-09 19:07:23+00:00,hmanalai,Conversation comment,2019-05,Thursday,19
urcpp,2019-05-09 19:09:51+00:00,hmanalai,Conversation comment,2019-05,Thursday,19
urcpp,2019-05-09 19:10:27+00:00,hmanalai,Conversation comment,2019-05,Thursday,19
urcpp,2019-05-09 19:11:02+00:00,hmanalai,Conversation comment,2019-05,Thursday,19
urcpp,2019-05-09 19:12:19+00:00,hmanalai,Conversation comment,2019-05,Thursday,19
urcpp,2019-05-09 19:23:21+00:00,hmanalai,Conversation comment,2019-05,Thursday,19
urcpp,2019-05-09 19:50:03+00:00,hmanalai,Conversation comment,2019-05,Thursday,19
urcpp,2019-05-10 14:03:59+00:00,hmanalai,Conversation comment,2019-05,Friday,14
urcpp,2019-05-10 14:21:20+00:00,hmanalai,Conversation comment,2019-05,Friday,14
urcpp,2019-05-10 14:39:42+00:00,hmanalai,Conversation comment,2019-05,Friday,14
urcpp,2019-05-10 14:40:23+00:00,hmanalai,Conversation comment,2019-05,Friday,14
urcpp,2019-05-10 14:42:46+00:00,hmanalai,Conversation comment,2019-05,Friday,14
urcpp,2019-05-10 15:16:20+00:00,hmanalai,Conversation comment,2019-05,Friday,15
urcpp,2019-05-10 15:45:29+00:00,hmanalai,Conversation comment,2019-05,Friday,15
urcpp,2019-05-10 16:55:51+00:00,hmanalai,Conversation comment,2019-05,Friday,16
urcpp,2019-05-10 17:04:32+00:00,hmanalai,Conversation comment,2019-05,Friday,17
urcpp,2019-05-10 17:09:08+00:00,hmanalai,Conversation comment,2019-05,Friday,17
urcpp,2019-05-10 17:16:34+00:00,hmanalai,Conversation comment,2019-05,Friday,17
urcpp,2019-05-13 13:26:48+00:00,hmanalai,Conversation comment,2019-05,Monday,13
urcpp,2019-05-13 15:20:59+00:00,hmanalai,Conversation comment,2019-05,Monday,15
urcpp,2019-05-13 15:26:28+00:00,hmanalai,Conversation comment,2019-05,Monday,15
urcpp,2019-05-13 15:48:07+00:00,hmanalai,Conversation comment,2019-05,Monday,15
urcpp,2019-05-13 19:25:00+00:00,hmanalai,Conversation comment,2019-05,Monday,19
urcpp,2019-05-13 20:26:23+00:00,hmanalai,Conversation comment,2019-05,Monday,20
urcpp,2019-05-13 20:54:44+00:00,hmanalai,Conversation comment,2019-05,Monday,20
urcpp,2019-05-14 17:30:24+00:00,hmanalai,Conversation comment,2019-05,Tuesday,17
urcpp,2019-05-14 17:31:00+00:00,hmanalai,Conversation comment,2019-05,Tuesday,17
urcpp,2019-05-15 13:43:17+00:00,hmanalai,Conversation comment,2019-05,Wednesday,13
urcpp,2019-05-15 14:09:34+00:00,hmanalai,Conversation comment,2019-05,Wednesday,14
urcpp,2019-05-15 17:15:07+00:00,hmanalai,Conversation comment,2019-05,Wednesday,17
urcpp,2019-05-15 17:20:31+00:00,hmanalai,Conversation comment,2019-05,Wednesday,17
urcpp,2019-05-15 19:22:10+00:00,hmanalai,Conversation comment,2019-05,Wednesday,19
urcpp,2019-05-15 19:22:24+00:00,hmanalai,Conversation comment,2019-05,Wednesday,19
urcpp,2019-05-15 21:29:46+00:00,hmanalai,Conversation comment,2019-05,Wednesday,21
urcpp,2019-05-16 15:46:35+00:00,hmanalai,Conversation comment,2019-05,Thursday,15
urcpp,2019-05-16 15:52:12+00:00,hmanalai,Conversation comment,2019-05,Thursday,15
urcpp,2019-05-17 13:22:53+00:00,hmanalai,Conversation comment,2019-05,Friday,13
urcpp,2019-05-17 13:41:44+00:00,hmanalai,Conversation comment,2019-05,Friday,13
urcpp,2019-05-17 17:12:45+00:00,hmanalai,Conversation comment,2019-05,Friday,17
urcpp,2019-05-17 17:24:34+00:00,hmanalai,Conversation comment,2019-05,Friday,17
urcpp,2019-05-17 17:35:33+00:00,hmanalai,Conversation comment,2019-05,Friday,17
urcpp,2019-05-17 19:40:15+00:00,hmanalai,Conversation comment,2019-05,Friday,19
urcpp,2019-05-20 12:26:34+00:00,hmanalai,Conversation comment,2019-05,Monday,12
urcpp,2019-05-20 17:26:26+00:00,hmanalai,Conversation comment,2019-05,Monday,17
urcpp,2019-05-20 17:35:39+00:00,hmanalai,Conversation comment,2019-05,Monday,17
urcpp,2019-05-20 17:37:50+00:00,hmanalai,Conversation comment,2019-05,Monday,17
urcpp,2019-05-21 15:18:21+00:00,hmanalai,Conversation comment,2019-05,Tuesday,15
urcpp,2019-05-21 17:48:09+00:00,hmanalai,Conversation comment,2019-05,Tuesday,17
urcpp,2019-05-21 18:52:19+00:00,hmanalai,Conversation comment,2019-05,Tuesday,18
urcpp,2019-05-21 18:59:05+00:00,hmanalai,Conversation comment,2019-05,Tuesday,18
urcpp,2019-05-21 19:59:56+00:00,hmanalai,Conversation comment,2019-05,Tuesday,19
urcpp,2019-05-21 20:04:16+00:00,hmanalai,Conversation comment,2019-05,Tuesday,20
urcpp,2019-05-21 20:30:06+00:00,hmanalai,Conversation comment,2019-05,Tuesday,20
urcpp,2019-05-21 20:50:43+00:00,hmanalai,Conversation comment,2019-05,Tuesday,20
urcpp,2019-05-21 20:51:19+00:00,hmanalai,Conversation comment,2019-05,Tuesday,20
urcpp,2019-05-21 20:54:11+00:00,hmanalai,Conversation comment,2019-05,Tuesday,20
urcpp,2019-05-21 20:55:49+00:00,hmanalai,Conversation comment,2019-05,Tuesday,20
urcpp,2019-05-21 20:58:45+00:00,hmanalai,Conversation comment,2019-05,Tuesday,20
urcpp,2019-05-21 20:59:15+00:00,hmanalai,Conversation comment,2019-05,Tuesday,20
urcpp,2019-05-22 16:39:38+00:00,hmanalai,Conversation comment,2019-05,Wednesday,16
urcpp,2019-05-22 16:40:03+00:00,hmanalai,Conversation comment,2019-05,Wednesday,16
urcpp,2019-05-22 20:41:21+00:00,hmanalai,Conversation comment,2019-05,Wednesday,20
urcpp,2019-05-23 14:28:03+00:00,hmanalai,Conversation comment,2019-05,Thursday,14
urcpp,2019-05-23 14:28:57+00:00,hmanalai,Conversation comment,2019-05,Thursday,14
urcpp,2019-05-23 14:39:53+00:00,hmanalai,Conversation comment,2019-05,Thursday,14
urcpp,2019-05-23 17:40:39+00:00,hmanalai,Conversation comment,2019-05,Thursday,17
urcpp,2019-05-23 18:12:55+00:00,hmanalai,Conversation comment,2019-05,Thursday,18
urcpp,2019-05-23 18:20:26+00:00,hmanalai,Conversation comment,2019-05,Thursday,18
urcpp,2019-05-23 20:30:19+00:00,hmanalai,Conversation comment,2019-05,Thursday,20
urcpp,2019-05-23 21:09:28+00:00,hmanalai,Conversation comment,2019-05,Thursday,21
urcpp,2019-05-24 15:01:15+00:00,hmanalai,Conversation comment,2019-05,Friday,15
urcpp,2019-05-28 12:27:13+00:00,hmanalai,Conversation comment,2019-05,Tuesday,12
urcpp,2019-05-28 12:28:53+00:00,hmanalai,Conversation comment,2019-05,Tuesday,12
urcpp,2019-05-28 12:41:49+00:00,hmanalai,Conversation comment,2019-05,Tuesday,12
urcpp,2019-05-28 12:42:18+00:00,hmanalai,Conversation comment,2019-05,Tuesday,12
urcpp,2019-05-28 12:43:25+00:00,hmanalai,Conversation comment,2019-05,Tuesday,12
urcpp,2019-05-28 12:43:43+00:00,hmanalai,Conversation comment,2019-05,Tuesday,12
urcpp,2019-05-30 13:27:06+00:00,hmanalai,Conversation comment,2019-05,Thursday,13
urcpp,2019-05-30 14:26:31+00:00,hmanalai,Conversation comment,2019-05,Thursday,14
urcpp,2019-05-30 14:37:11+00:00,hmanalai,Conversation comment,2019-05,Thursday,14
urcpp,2019-05-30 14:39:36+00:00,hmanalai,Conversation comment,2019-05,Thursday,14
urcpp,2019-05-30 17:59:37+00:00,hmanalai,Conversation comment,2019-05,Thursday,17
urcpp,2019-05-30 19:42:53+00:00,hmanalai,Conversation comment,2019-05,Thursday,19
urcpp,2019-05-30 20:16:20+00:00,hmanalai,Conversation comment,2019-05,Thursday,20
urcpp,2019-05-30 21:04:32+00:00,hmanalai,Conversation comment,2019-05,Thursday,21
urcpp,2019-05-30 21:06:29+00:00,hmanalai,Conversation comment,2019-05,Thursday,21
urcpp,2019-05-31 12:58:22+00:00,hmanalai,Conversation comment,2019-05,Friday,12
urcpp,2019-05-31 13:00:20+00:00,hmanalai,Conversation comment,2019-05,Friday,13
urcpp,2019-05-31 13:59:54+00:00,hmanalai,Conversation comment,2019-05,Friday,13
urcpp,2019-05-31 14:00:16+00:00,hmanalai,Conversation comment,2019-05,Friday,14
urcpp,2019-05-31 14:23:24+00:00,hmanalai,Conversation comment,2019-05,Friday,14
urcpp,2019-05-31 14:23:33+00:00,hmanalai,Conversation comment,2019-05,Friday,14
urcpp,2019-05-31 14:47:02+00:00,hmanalai,Conversation comment,2019-05,Friday,14
urcpp,2019-05-31 14:56:08+00:00,hmanalai,Conversation comment,2019-05,Friday,14
urcpp,2019-05-31 15:02:35+00:00,hmanalai,Conversation comment,2019-05,Friday,15
urcpp,2019-05-31 15:08:24+00:00,hmanalai,Conversation comment,2019-05,Friday,15
urcpp,2019-05-31 15:08:53+00:00,hmanalai,Conversation comment,2019-05,Friday,15
urcpp,2019-05-31 17:23:26+00:00,hmanalai,Conversation comment,2019-05,Friday,17
urcpp,2019-05-31 17:43:30+00:00,hmanalai,Conversation comment,2019-05,Friday,17
urcpp,2019-05-31 17:46:35+00:00,hmanalai,Conversation comment,2019-05,Friday,17
urcpp,2019-05-31 18:46:09+00:00,hmanalai,Conversation comment,2019-05,Friday,18
urcpp,2019-05-31 18:46:16+00:00,hmanalai,Conversation comment,2019-05,Friday,18
urcpp,2019-05-31 18:49:13+00:00,hmanalai,Conversation comment,2019-05,Friday,18
urcpp,2019-05-31 19:33:58+00:00,hmanalai,Conversation comment,2019-05,Friday,19
urcpp,2019-06-03 13:11:37+00:00,hmanalai,Conversation comment,2019-06,Monday,13
urcpp,2019-06-03 13:28:10+00:00,hmanalai,Conversation comment,2019-06,Monday,13
urcpp,2019-06-03 13:28:54+00:00,hmanalai,Conversation comment,2019-06,Monday,13
urcpp,2019-06-03 14:18:50+00:00,hmanalai,Conversation comment,2019-06,Monday,14
urcpp,2019-06-03 14:31:45+00:00,hmanalai,Conversation comment,2019-06,Monday,14
urcpp,2019-06-03 17:23:36+00:00,hmanalai,Conversation comment,2019-06,Monday,17
urcpp,2019-06-03 17:54:27+00:00,hmanalai,Conversation comment,2019-06,Monday,17
urcpp,2019-06-03 17:55:04+00:00,hmanalai,Conversation comment,2019-06,Monday,17
urcpp,2019-06-04 15:05:38+00:00,hmanalai,Conversation comment,2019-06,Tuesday,15
urcpp,2019-06-04 15:41:51+00:00,hmanalai,Conversation comment,2019-06,Tuesday,15
urcpp,2019-06-04 15:42:12+00:00,hmanalai,Conversation comment,2019-06,Tuesday,15
urcpp,2019-06-04 15:56:09+00:00,hmanalai,Conversation comment,2019-06,Tuesday,15
urcpp,2019-06-04 20:37:31+00:00,hmanalai,Conversation comment,2019-06,Tuesday,20
urcpp,2019-06-05 17:08:13+00:00,hmanalai,Conversation comment,2019-06,Wednesday,17
urcpp,2019-06-05 17:11:00+00:00,hmanalai,Conversation comment,2019-06,Wednesday,17
urcpp,2019-06-05 17:14:52+00:00,hmanalai,Conversation comment,2019-06,Wednesday,17
urcpp,2019-06-05 17:15:27+00:00,hmanalai,Conversation comment,2019-06,Wednesday,17
urcpp,2019-06-05 17:16:01+00:00,hmanalai,Conversation comment,2019-06,Wednesday,17
urcpp,2019-06-05 17:16:33+00:00,hmanalai,Conversation comment,2019-06,Wednesday,17
urcpp,2019-06-05 17:17:09+00:00,hmanalai,Conversation comment,2019-06,Wednesday,17
urcpp,2019-06-05 17:31:57+00:00,hmanalai,Conversation comment,2019-06,Wednesday,17
urcpp,2019-06-05 17:32:06+00:00,hmanalai,Conversation comment,2019-06,Wednesday,17
urcpp,2019-06-05 19:14:43+00:00,hmanalai,Conversation comment,2019-06,Wednesday,19
urcpp,2019-06-06 15:41:31+00:00,hmanalai,Conversation comment,2019-06,Thursday,15
urcpp,2019-06-06 18:16:22+00:00,hmanalai,Conversation comment,2019-06,Thursday,18
urcpp,2019-06-06 19:50:56+00:00,hmanalai,Conversation comment,2019-06,Thursday,19
urcpp,2019-06-06 19:51:01+00:00,hmanalai,Conversation comment,2019-06,Thursday,19
urcpp,2019-06-10 13:07:23+00:00,hmanalai,Conversation comment,2019-06,Monday,13
urcpp,2019-06-10 13:15:10+00:00,hmanalai,Conversation comment,2019-06,Monday,13
urcpp,2019-06-10 14:19:03+00:00,hmanalai,Conversation comment,2019-06,Monday,14
urcpp,2019-06-10 15:27:38+00:00,hmanalai,Conversation comment,2019-06,Monday,15
urcpp,2019-06-11 17:28:41+00:00,hmanalai,Conversation comment,2019-06,Tuesday,17
urcpp,2019-06-12 14:45:36+00:00,hmanalai,Conversation comment,2019-06,Wednesday,14
urcpp,2019-07-01 13:40:08+00:00,hmanalai,Conversation comment,2019-07,Monday,13
urcpp,2019-07-01 13:40:35+00:00,hmanalai,Conversation comment,2019-07,Monday,13
urcpp,2019-07-01 13:40:46+00:00,hmanalai,Conversation comment,2019-07,Monday,13
urcpp,2019-07-01 13:40:54+00:00,hmanalai,Conversation comment,2019-07,Monday,13
urcpp,2019-07-01 13:41:06+00:00,hmanalai,Conversation comment,2019-07,Monday,13
urcpp,2019-07-01 13:41:16+00:00,hmanalai,Conversation comment,2019-07,Monday,13
urcpp,2019-07-01 13:41:29+00:00,hmanalai,Conversation comment,2019-07,Monday,13
urcpp,2019-07-01 13:41:39+00:00,hmanalai,Conversation comment,2019-07,Monday,13
urcpp,2019-07-01 13:42:08+00:00,hmanalai,Conversation comment,2019-07,Monday,13
urcpp,2019-07-01 19:23:24+00:00,hmanalai,Conversation comment,2019-07,Monday,19
urcpp,2019-07-08 12:32:16+00:00,hmanalai,Conversation comment,2019-07,Monday,12
urcpp,2020-02-20 17:19:31+00:00,hmanalai,Conversation comment,2020-02,Thursday,17
urcpp,2022-01-19 18:25:21+00:00,bryantal,Conversation comment,2022-01,Wednesday,18
urcpp,2023-01-03 21:18:07+00:00,sheggen,Conversation comment,2023-01,Tuesday,21
urcpp,2023-01-03 21:24:25+00:00,sheggen,Conversation comment,2023-01,Tuesday,21
urcpp,2024-01-16 19:18:48+00:00,sheggen,Conversation comment,2024-01,Tuesday,19
urcpp,2024-01-16 19:30:16+00:00,AndersonStettner,Conversation comment,2024-01,Tuesday,19
urcpp,2024-01-16 19:31:16+00:00,AndersonStettner,Conversation comment,2024-01,Tuesday,19
urcpp,2024-01-16 19:31:32+00:00,AndersonStettner,Conversation comment,2024-01,Tuesday,19
urcpp,2024-01-17 14:04:01+00:00,AndersonStettner,Conversation comment,2024-01,Wednesday,14
urcpp,2025-01-16 18:49:05+00:00,sheggen,Conversation comment,2025-01,Thursday,18
urcpp,2025-01-17 14:01:52+00:00,sheggen,Conversation comment,2025-01,Friday,14
urcpp,2025-01-17 14:10:11+00:00,sheggen,Conversation comment,2025-01,Friday,14
urcpp,2025-02-04 16:53:07+00:00,hoerstl,Conversation comment,2025-02,Tuesday,16
urcpp,2025-02-06 15:40:08+00:00,hoerstl,Conversation comment,2025-02,Thursday,15
urcpp,2025-02-06 16:42:41+00:00,hoerstl,Conversation comment,2025-02,Thursday,16
urcpp,2025-02-13 21:02:55+00:00,ojmakinde,Conversation comment,2025-02,Thursday,21
urcpp,2025-02-21 18:40:23+00:00,sheggen,Conversation comment,2025-02,Friday,18
urcpp,2025-03-31 20:10:32+00:00,bledsoef,Conversation comment,2025-03,Monday,20
urcpp,2025-12-05 18:45:51+00:00,sheggen,Conversation comment,2025-12,Friday,18
urcpp,2022-02-22 17:01:53+00:00,bryantal,Review comment,2022-02,Tuesday,17
urcpp,2022-02-22 17:08:25+00:00,bryantal,Review comment,2022-02,Tuesday,17
urcpp,2022-02-25 19:47:35+00:00,sreynit02,Review comment,2022-02,Friday,19
urcpp,2022-02-25 20:02:08+00:00,sreynit02,Review comment,2022-02,Friday,20
urcpp,2022-02-25 20:08:43+00:00,sreynit02,Review comment,2022-02,Friday,20
urcpp,2022-02-22 17:01:53+00:00,bryantal,PR review,2022-02,Tuesday,17
urcpp,2022-02-22 17:08:26+00:00,bryantal,PR review,2022-02,Tuesday,17
urcpp,2022-02-25 19:47:36+00:00,sreynit02,PR review,2022-02,Friday,19
urcpp,2022-02-25 20:02:08+00:00,sreynit02,PR review,2022-02,Friday,20
urcpp,2022-02-25 20:08:43+00:00,sreynit02,PR review,2022-02,Friday,20
urcpp,2025-04-10 21:18:03+00:00,stevensonmichel,PR review,2025-04,Thursday,21
