repo,id,author,author_type,created_at,updated_at,issue_url,html_url
urcpp,827796288,hmanalai,User,2015-12-02T02:11:32Z,2021-04-27T17:51:12Z,https://api.github.com/repos/BCStudentSoftwareDevTeam/urcpp/issues/2,https://github.com/BCStudentSoftwareDevTeam/urcpp/issues/2#issuecomment-827796288
urcpp,827796257,hmanalai,User,2015-12-02T16:39:48Z,2021-04-27T17:51:09Z,https://api.github.com/repos/BCStudentSoftwareDevTeam/urcpp/issues/1,https://github.com/BCStudentSoftwareDevTeam/urcpp/issues/1#issuecomment-827796257
urcpp,827796829,hmanalai,User,2015-12-04T02:09:35Z,2021-04-27T17:52:01Z,https://api.github.com/repos/BCStudentSoftwareDevTeam/urcpp/issues/17,https://github.com/BCStudentSoftwareDevTeam/urcpp/issues/17#issuecomment-827796829
urcpp,827797110,hmanalai,User,2015-12-09T02:10:34Z,2021-04-27T17:52:27Z,https://api.github.com/repos/BCStudentSoftwareDevTeam/urcpp/issues/26,https://github.com/BCStudentSoftwareDevTeam/urcpp/issues/26#issuecomment-827797110
urcpp,827797083,hmanalai,User,2015-12-09T02:10:45Z,2021-04-27T17:52:25Z,https://api.github.com/repos/BCStudentSoftwareDevTeam/urcpp/issues/25,https://github.com/BCStudentSoftwareDevTeam/urcpp/issues/25#issuecomment-827797083
urcpp,827797064,hmanalai,User,2015-12-09T02:11:02Z,2021-04-27T17:52:22Z,https://api.github.com/repos/BCStudentSoftwareDevTeam/urcpp/issues/24,https://github.com/BCStudentSoftwareDevTeam/urcpp/issues/24#issuecomment-827797064
urcpp,827796941,hmanalai,User,2015-12-09T03:31:56Z,2021-04-27T17:52:10Z,https://api.github.com/repos/BCStudentSoftwareDevTeam/urcpp/issues/20,https://github.com/BCStudentSoftwareDevTeam/urcpp/issues/20#issuecomment-827796941
urcpp,827796943,hmanalai,User,2015-12-09T04:00:24Z,2021-04-27T17:52:10Z,https://api.github.com/repos/BCStudentSoftwareDevTeam/urcpp/issues/20,https://github.com/BCStudentSoftwareDevTeam/urcpp/issues/20#issuecomment-827796943
urcpp,827796945,hmanalai,User,2015-12-09T12:49:46Z,2021-04-27T17:52:11Z,https://api.github.com/repos/BCStudentSoftwareDevTeam/urcpp/issues/20,https://github.com/BCStudentSoftwareDevTeam/urcpp/issues/20#issuecomment-827796945
urcpp,827796948,hmanalai,User,2015-12-09T12:53:20Z,2021-04-27T17:52:11Z,https://api.github.com/repos/BCStudentSoftwareDevTeam/urcpp/issues/20,https://github.com/BCStudentSoftwareDevTeam/urcpp/issues/20#issuecomment-827796948
urcpp,827797221,hmanalai,User,2015-12-11T01:59:24Z,2021-04-27T17:52:40Z,https://api.github.com/repos/BCStudentSoftwareDevTeam/urcpp/issues/31,https://github.com/BCStudentSoftwareDevTeam/urcpp/issues/31#issuecomment-827797221
urcpp,827796836,hmanalai,User,2015-12-18T19:50:50Z,2021-04-27T17:52:01Z,https://api.github.com/repos/BCStudentSoftwareDevTeam/urcpp/issues/17,https://github.com/BCStudentSoftwareDevTeam/urcpp/issues/17#issuecomment-827796836
urcpp,827797129,hmanalai,User,2015-12-18T19:51:07Z,2021-04-27T17:52:30Z,https://api.github.com/repos/BCStudentSoftwareDevTeam/urcpp/issues/27,https://github.com/BCStudentSoftwareDevTeam/urcpp/issues/27#issuecomment-827797129
urcpp,827797134,hmanalai,User,2015-12-18T19:51:13Z,2021-04-27T17:52:30Z,https://api.github.com/repos/BCStudentSoftwareDevTeam/urcpp/issues/27,https://github.com/BCStudentSoftwareDevTeam/urcpp/issues/27#issuecomment-827797134
urcpp,827797008,hmanalai,User,2015-12-18T19:52:42Z,2021-04-27T17:52:16Z,https://api.github.com/repos/BCStudentSoftwareDevTeam/urcpp/issues/22,https://github.com/BCStudentSoftwareDevTeam/urcpp/issues/22#issuecomment-827797008
urcpp,827797253,hmanalai,User,2015-12-20T02:50:22Z,2021-04-27T17:52:43Z,https://api.github.com/repos/BCStudentSoftwareDevTeam/urcpp/issues/32,https://github.com/BCStudentSoftwareDevTeam/urcpp/issues/32#issuecomment-827797253
urcpp,827797199,hmanalai,User,2015-12-20T02:51:52Z,2021-04-27T17:52:38Z,https://api.github.com/repos/BCStudentSoftwareDevTeam/urcpp/issues/30,https://github.com/BCStudentSoftwareDevTeam/urcpp/issues/30#issuecomment-827797199
urcpp,827796904,hmanalai,User,2015-12-20T03:13:25Z,2021-04-27T17:52:07Z,https://api.github.com/repos/BCStudentSoftwareDevTeam/urcpp/issues/19,https://github.com/BCStudentSoftwareDevTeam/urcpp/issues/19#issuecomment-827796904
urcpp,827796870,hmanalai,User,2015-12-20T03:13:42Z,2021-04-27T17:52:04Z,https://api.github.com/repos/BCStudentSoftwareDevTeam/urcpp/issues/18,https://github.com/BCStudentSoftwareDevTeam/urcpp/issues/18#issuecomment-827796870
urcpp,827796801,hmanalai,User,2015-12-20T03:18:45Z,2021-04-27T17:51:58Z,https://api.github.com/repos/BCStudentSoftwareDevTeam/urcpp/issues/16,https://github.com/BCStudentSoftwareDevTeam/urcpp/issues/16#issuecomment-827796801
urcpp,827796774,hmanalai,User,2015-12-20T03:19:08Z,2021-04-27T17:51:56Z,https://api.github.com/repos/BCStudentSoftwareDevTeam/urcpp/issues/15,https://github.com/BCStudentSoftwareDevTeam/urcpp/issues/15#issuecomment-827796774
urcpp,827796461,hmanalai,User,2015-12-20T03:19:54Z,2021-04-27T17:51:25Z,https://api.github.com/repos/BCStudentSoftwareDevTeam/urcpp/issues/7,https://github.com/BCStudentSoftwareDevTeam/urcpp/issues/7#issuecomment-827796461
urcpp,827796426,hmanalai,User,2015-12-20T03:20:07Z,2021-04-27T17:51:22Z,https://api.github.com/repos/BCStudentSoftwareDevTeam/urcpp/issues/6,https://github.com/BCStudentSoftwareDevTeam/urcpp/issues/6#issuecomment-827796426
urcpp,827796358,hmanalai,User,2015-12-20T03:20:32Z,2021-04-27T17:51:17Z,https://api.github.com/repos/BCStudentSoftwareDevTeam/urcpp/issues/4,https://github.com/BCStudentSoftwareDevTeam/urcpp/issues/4#issuecomment-827796358
urcpp,827796320,hmanalai,User,2015-12-20T03:21:04Z,2021-04-27T17:51:15Z,https://api.github.com/repos/BCStudentSoftwareDevTeam/urcpp/issues/3,https://github.com/BCStudentSoftwareDevTeam/urcpp/issues/3#issuecomment-827796320
urcpp,827797032,hmanalai,User,2016-01-18T16:30:44Z,2021-04-27T17:52:18Z,https://api.github.com/repos/BCStudentSoftwareDevTeam/urcpp/issues/23,https://github.com/BCStudentSoftwareDevTeam/urcpp/issues/23#issuecomment-827797032
urcpp,827797498,hmanalai,User,2016-01-25T14:46:14Z,2021-04-27T17:53:03Z,https://api.github.com/repos/BCStudentSoftwareDevTeam/urcpp/issues/39,https://github.com/BCStudentSoftwareDevTeam/urcpp/issues/39#issuecomment-827797498
urcpp,827797440,hmanalai,User,2016-01-25T14:47:50Z,2021-04-27T17:52:57Z,https://api.github.com/repos/BCStudentSoftwareDevTeam/urcpp/issues/37,https://github.com/BCStudentSoftwareDevTeam/urcpp/issues/37#issuecomment-827797440
urcpp,827797575,hmanalai,User,2016-01-28T02:30:45Z,2021-04-27T17:53:09Z,https://api.github.com/repos/BCStudentSoftwareDevTeam/urcpp/issues/41,https://github.com/BCStudentSoftwareDevTeam/urcpp/issues/41#issuecomment-827797575
urcpp,827797579,hmanalai,User,2016-01-28T02:38:06Z,2021-04-27T17:53:09Z,https://api.github.com/repos/BCStudentSoftwareDevTeam/urcpp/issues/41,https://github.com/BCStudentSoftwareDevTeam/urcpp/issues/41#issuecomment-827797579
urcpp,827797584,hmanalai,User,2016-01-29T01:09:24Z,2021-04-27T17:53:09Z,https://api.github.com/repos/BCStudentSoftwareDevTeam/urcpp/issues/41,https://github.com/BCStudentSoftwareDevTeam/urcpp/issues/41#issuecomment-827797584
urcpp,827797535,hmanalai,User,2016-01-29T02:13:39Z,2021-04-27T17:53:05Z,https://api.github.com/repos/BCStudentSoftwareDevTeam/urcpp/issues/40,https://github.com/BCStudentSoftwareDevTeam/urcpp/issues/40#issuecomment-827797535
urcpp,827797618,hmanalai,User,2016-02-10T18:12:28Z,2021-04-27T17:53:12Z,https://api.github.com/repos/BCStudentSoftwareDevTeam/urcpp/issues/42,https://github.com/BCStudentSoftwareDevTeam/urcpp/issues/42#issuecomment-827797618
urcpp,827797705,hmanalai,User,2016-09-01T22:08:21Z,2021-04-27T17:53:21Z,https://api.github.com/repos/BCStudentSoftwareDevTeam/urcpp/issues/45,https://github.com/BCStudentSoftwareDevTeam/urcpp/issues/45#issuecomment-827797705
urcpp,827797710,hmanalai,User,2016-09-05T16:19:42Z,2021-04-27T17:53:21Z,https://api.github.com/repos/BCStudentSoftwareDevTeam/urcpp/issues/45,https://github.com/BCStudentSoftwareDevTeam/urcpp/issues/45#issuecomment-827797710
urcpp,827797713,hmanalai,User,2016-09-05T16:33:55Z,2021-04-27T17:53:21Z,https://api.github.com/repos/BCStudentSoftwareDevTeam/urcpp/issues/45,https://github.com/BCStudentSoftwareDevTeam/urcpp/issues/45#issuecomment-827797713
urcpp,827797717,hmanalai,User,2016-09-05T16:34:25Z,2021-04-27T17:53:21Z,https://api.github.com/repos/BCStudentSoftwareDevTeam/urcpp/issues/45,https://github.com/BCStudentSoftwareDevTeam/urcpp/issues/45#issuecomment-827797717
urcpp,827797718,hmanalai,User,2016-09-05T18:37:10Z,2021-04-27T17:53:22Z,https://api.github.com/repos/BCStudentSoftwareDevTeam/urcpp/issues/45,https://github.com/BCStudentSoftwareDevTeam/urcpp/issues/45#issuecomment-827797718
urcpp,827797724,hmanalai,User,2016-09-05T18:41:01Z,2021-04-27T17:53:22Z,https://api.github.com/repos/BCStudentSoftwareDevTeam/urcpp/issues/45,https://github.com/BCStudentSoftwareDevTeam/urcpp/issues/45#issuecomment-827797724
urcpp,827797866,hmanalai,User,2016-09-05T21:42:35Z,2021-04-27T17:53:35Z,https://api.github.com/repos/BCStudentSoftwareDevTeam/urcpp/issues/50,https://github.com/BCStudentSoftwareDevTeam/urcpp/issues/50#issuecomment-827797866
urcpp,827797758,hmanalai,User,2016-09-06T01:23:26Z,2021-04-27T17:53:25Z,https://api.github.com/repos/BCStudentSoftwareDevTeam/urcpp/issues/46,https://github.com/BCStudentSoftwareDevTeam/urcpp/issues/46#issuecomment-827797758
urcpp,827797727,hmanalai,User,2016-09-06T16:48:22Z,2021-04-27T17:53:22Z,https://api.github.com/repos/BCStudentSoftwareDevTeam/urcpp/issues/45,https://github.com/BCStudentSoftwareDevTeam/urcpp/issues/45#issuecomment-827797727
urcpp,827797795,hmanalai,User,2016-09-14T23:26:06Z,2021-04-27T17:53:27Z,https://api.github.com/repos/BCStudentSoftwareDevTeam/urcpp/issues/47,https://github.com/BCStudentSoftwareDevTeam/urcpp/issues/47#issuecomment-827797795
urcpp,827797887,hmanalai,User,2016-09-14T23:27:41Z,2021-04-27T17:53:37Z,https://api.github.com/repos/BCStudentSoftwareDevTeam/urcpp/issues/51,https://github.com/BCStudentSoftwareDevTeam/urcpp/issues/51#issuecomment-827797887
urcpp,827797650,hmanalai,User,2016-09-21T23:57:52Z,2021-04-27T17:53:15Z,https://api.github.com/repos/BCStudentSoftwareDevTeam/urcpp/issues/43,https://github.com/BCStudentSoftwareDevTeam/urcpp/issues/43#issuecomment-827797650
urcpp,827797154,hmanalai,User,2016-09-27T20:42:42Z,2021-04-27T17:52:32Z,https://api.github.com/repos/BCStudentSoftwareDevTeam/urcpp/issues/28,https://github.com/BCStudentSoftwareDevTeam/urcpp/issues/28#issuecomment-827797154
urcpp,827796952,hmanalai,User,2016-09-27T20:44:52Z,2021-04-27T17:52:11Z,https://api.github.com/repos/BCStudentSoftwareDevTeam/urcpp/issues/20,https://github.com/BCStudentSoftwareDevTeam/urcpp/issues/20#issuecomment-827796952
urcpp,827796744,hmanalai,User,2016-09-27T20:46:35Z,2021-04-27T17:51:53Z,https://api.github.com/repos/BCStudentSoftwareDevTeam/urcpp/issues/14,https://github.com/BCStudentSoftwareDevTeam/urcpp/issues/14#issuecomment-827796744
urcpp,827796984,hmanalai,User,2016-09-27T20:47:14Z,2021-04-27T17:52:14Z,https://api.github.com/repos/BCStudentSoftwareDevTeam/urcpp/issues/21,https://github.com/BCStudentSoftwareDevTeam/urcpp/issues/21#issuecomment-827796984
urcpp,827797036,hmanalai,User,2016-09-27T20:47:38Z,2021-04-27T17:52:19Z,https://api.github.com/repos/BCStudentSoftwareDevTeam/urcpp/issues/23,https://github.com/BCStudentSoftwareDevTeam/urcpp/issues/23#issuecomment-827797036
urcpp,827797224,hmanalai,User,2016-09-27T20:57:57Z,2021-04-27T17:52:40Z,https://api.github.com/repos/BCStudentSoftwareDevTeam/urcpp/issues/31,https://github.com/BCStudentSoftwareDevTeam/urcpp/issues/31#issuecomment-827797224
urcpp,827797283,hmanalai,User,2016-09-27T20:58:40Z,2021-04-27T17:52:45Z,https://api.github.com/repos/BCStudentSoftwareDevTeam/urcpp/issues/33,https://github.com/BCStudentSoftwareDevTeam/urcpp/issues/33#issuecomment-827797283
urcpp,827797312,hmanalai,User,2016-09-27T20:59:12Z,2021-04-27T17:52:48Z,https://api.github.com/repos/BCStudentSoftwareDevTeam/urcpp/issues/34,https://github.com/BCStudentSoftwareDevTeam/urcpp/issues/34#issuecomment-827797312
urcpp,827797376,hmanalai,User,2016-09-28T17:30:46Z,2021-04-27T17:52:53Z,https://api.github.com/repos/BCStudentSoftwareDevTeam/urcpp/issues/36,https://github.com/BCStudentSoftwareDevTeam/urcpp/issues/36#issuecomment-827797376
urcpp,827797378,hmanalai,User,2016-09-28T18:11:48Z,2021-04-27T17:52:53Z,https://api.github.com/repos/BCStudentSoftwareDevTeam/urcpp/issues/36,https://github.com/BCStudentSoftwareDevTeam/urcpp/issues/36#issuecomment-827797378
urcpp,827797919,hmanalai,User,2016-09-28T23:45:57Z,2021-04-27T17:53:40Z,https://api.github.com/repos/BCStudentSoftwareDevTeam/urcpp/issues/52,https://github.com/BCStudentSoftwareDevTeam/urcpp/issues/52#issuecomment-827797919
urcpp,827797381,hmanalai,User,2016-10-03T18:14:17Z,2021-04-27T17:52:53Z,https://api.github.com/repos/BCStudentSoftwareDevTeam/urcpp/issues/36,https://github.com/BCStudentSoftwareDevTeam/urcpp/issues/36#issuecomment-827797381
urcpp,827797385,hmanalai,User,2016-10-03T18:14:55Z,2021-04-27T17:52:54Z,https://api.github.com/repos/BCStudentSoftwareDevTeam/urcpp/issues/36,https://github.com/BCStudentSoftwareDevTeam/urcpp/issues/36#issuecomment-827797385
urcpp,827797390,hmanalai,User,2016-10-03T18:51:19Z,2021-04-27T17:52:54Z,https://api.github.com/repos/BCStudentSoftwareDevTeam/urcpp/issues/36,https://github.com/BCStudentSoftwareDevTeam/urcpp/issues/36#issuecomment-827797390
urcpp,827797392,hmanalai,User,2016-10-03T21:15:37Z,2021-04-27T17:52:54Z,https://api.github.com/repos/BCStudentSoftwareDevTeam/urcpp/issues/36,https://github.com/BCStudentSoftwareDevTeam/urcpp/issues/36#issuecomment-827797392
urcpp,827797397,hmanalai,User,2016-10-04T17:29:29Z,2021-04-27T17:52:54Z,https://api.github.com/repos/BCStudentSoftwareDevTeam/urcpp/issues/36,https://github.com/BCStudentSoftwareDevTeam/urcpp/issues/36#issuecomment-827797397
urcpp,827797965,hmanalai,User,2016-10-04T17:47:42Z,2021-04-27T17:53:44Z,https://api.github.com/repos/BCStudentSoftwareDevTeam/urcpp/issues/53,https://github.com/BCStudentSoftwareDevTeam/urcpp/issues/53#issuecomment-827797965
urcpp,827797968,hmanalai,User,2016-10-04T19:32:20Z,2021-04-27T17:53:45Z,https://api.github.com/repos/BCStudentSoftwareDevTeam/urcpp/issues/53,https://github.com/BCStudentSoftwareDevTeam/urcpp/issues/53#issuecomment-827797968
urcpp,827797971,hmanalai,User,2016-10-04T19:44:56Z,2021-04-27T17:53:45Z,https://api.github.com/repos/BCStudentSoftwareDevTeam/urcpp/issues/53,https://github.com/BCStudentSoftwareDevTeam/urcpp/issues/53#issuecomment-827797971
urcpp,827797977,hmanalai,User,2016-10-04T19:46:51Z,2021-04-27T17:53:45Z,https://api.github.com/repos/BCStudentSoftwareDevTeam/urcpp/issues/53,https://github.com/BCStudentSoftwareDevTeam/urcpp/issues/53#issuecomment-827797977
urcpp,827798163,hmanalai,User,2016-10-12T17:41:47Z,2021-04-27T17:54:02Z,https://api.github.com/repos/BCStudentSoftwareDevTeam/urcpp/issues/59,https://github.com/BCStudentSoftwareDevTeam/urcpp/issues/59#issuecomment-827798163
urcpp,827798132,hmanalai,User,2016-10-12T18:16:44Z,2021-04-27T17:53:59Z,https://api.github.com/repos/BCStudentSoftwareDevTeam/urcpp/issues/58,https://github.com/BCStudentSoftwareDevTeam/urcpp/issues/58#issuecomment-827798132
urcpp,827798041,hmanalai,User,2016-10-12T18:23:19Z,2021-04-27T17:53:51Z,https://api.github.com/repos/BCStudentSoftwareDevTeam/urcpp/issues/55,https://github.com/BCStudentSoftwareDevTeam/urcpp/issues/55#issuecomment-827798041
urcpp,827798100,hmanalai,User,2016-10-12T18:23:19Z,2021-04-27T17:53:56Z,https://api.github.com/repos/BCStudentSoftwareDevTeam/urcpp/issues/57,https://github.com/BCStudentSoftwareDevTeam/urcpp/issues/57#issuecomment-827798100
urcpp,827798070,hmanalai,User,2016-10-12T18:36:57Z,2021-04-27T17:53:53Z,https://api.github.com/repos/BCStudentSoftwareDevTeam/urcpp/issues/56,https://github.com/BCStudentSoftwareDevTeam/urcpp/issues/56#issuecomment-827798070
urcpp,827798076,hmanalai,User,2016-10-12T18:37:18Z,2021-04-27T17:53:54Z,https://api.github.com/repos/BCStudentSoftwareDevTeam/urcpp/issues/56,https://github.com/BCStudentSoftwareDevTeam/urcpp/issues/56#issuecomment-827798076
urcpp,827797842,hmanalai,User,2016-10-13T00:37:06Z,2021-04-27T17:53:32Z,https://api.github.com/repos/BCStudentSoftwareDevTeam/urcpp/issues/49,https://github.com/BCStudentSoftwareDevTeam/urcpp/issues/49#issuecomment-827797842
urcpp,827798022,hmanalai,User,2016-10-14T18:18:48Z,2021-04-27T17:53:48Z,https://api.github.com/repos/BCStudentSoftwareDevTeam/urcpp/issues/54,https://github.com/BCStudentSoftwareDevTeam/urcpp/issues/54#issuecomment-827798022
urcpp,827798025,hmanalai,User,2016-10-14T18:18:56Z,2021-04-27T17:53:49Z,https://api.github.com/repos/BCStudentSoftwareDevTeam/urcpp/issues/54,https://github.com/BCStudentSoftwareDevTeam/urcpp/issues/54#issuecomment-827798025
urcpp,827797400,hmanalai,User,2016-10-14T18:18:56Z,2021-04-27T17:52:54Z,https://api.github.com/repos/BCStudentSoftwareDevTeam/urcpp/issues/36,https://github.com/BCStudentSoftwareDevTeam/urcpp/issues/36#issuecomment-827797400
urcpp,827798273,hmanalai,User,2016-10-17T16:32:34Z,2021-04-27T17:54:14Z,https://api.github.com/repos/BCStudentSoftwareDevTeam/urcpp/issues/63,https://github.com/BCStudentSoftwareDevTeam/urcpp/issues/63#issuecomment-827798273
urcpp,827798508,hmanalai,User,2016-10-25T20:10:58Z,2021-04-27T17:54:34Z,https://api.github.com/repos/BCStudentSoftwareDevTeam/urcpp/issues/71,https://github.com/BCStudentSoftwareDevTeam/urcpp/issues/71#issuecomment-827798508
urcpp,827798484,hmanalai,User,2016-10-25T20:35:30Z,2021-04-27T17:54:32Z,https://api.github.com/repos/BCStudentSoftwareDevTeam/urcpp/issues/70,https://github.com/BCStudentSoftwareDevTeam/urcpp/issues/70#issuecomment-827798484
urcpp,827798274,hmanalai,User,2016-10-25T20:36:21Z,2021-04-27T17:54:14Z,https://api.github.com/repos/BCStudentSoftwareDevTeam/urcpp/issues/63,https://github.com/BCStudentSoftwareDevTeam/urcpp/issues/63#issuecomment-827798274
urcpp,827798426,hmanalai,User,2016-10-25T20:36:59Z,2021-04-27T17:54:27Z,https://api.github.com/repos/BCStudentSoftwareDevTeam/urcpp/issues/68,https://github.com/BCStudentSoftwareDevTeam/urcpp/issues/68#issuecomment-827798426
urcpp,827798252,hmanalai,User,2016-10-25T20:38:20Z,2021-04-27T17:54:11Z,https://api.github.com/repos/BCStudentSoftwareDevTeam/urcpp/issues/62,https://github.com/BCStudentSoftwareDevTeam/urcpp/issues/62#issuecomment-827798252
urcpp,827798308,hmanalai,User,2016-10-25T20:53:44Z,2021-04-27T17:54:16Z,https://api.github.com/repos/BCStudentSoftwareDevTeam/urcpp/issues/64,https://github.com/BCStudentSoftwareDevTeam/urcpp/issues/64#issuecomment-827798308
urcpp,827798311,hmanalai,User,2016-10-25T20:55:08Z,2021-04-27T17:54:16Z,https://api.github.com/repos/BCStudentSoftwareDevTeam/urcpp/issues/64,https://github.com/BCStudentSoftwareDevTeam/urcpp/issues/64#issuecomment-827798311
urcpp,827798222,hmanalai,User,2016-10-31T18:22:42Z,2021-04-27T17:54:08Z,https://api.github.com/repos/BCStudentSoftwareDevTeam/urcpp/issues/61,https://github.com/BCStudentSoftwareDevTeam/urcpp/issues/61#issuecomment-827798222
urcpp,827798228,hmanalai,User,2016-10-31T18:25:10Z,2021-04-27T17:54:08Z,https://api.github.com/repos/BCStudentSoftwareDevTeam/urcpp/issues/61,https://github.com/BCStudentSoftwareDevTeam/urcpp/issues/61#issuecomment-827798228
urcpp,827798530,hmanalai,User,2016-10-31T18:25:31Z,2021-04-27T17:54:37Z,https://api.github.com/repos/BCStudentSoftwareDevTeam/urcpp/issues/72,https://github.com/BCStudentSoftwareDevTeam/urcpp/issues/72#issuecomment-827798530
urcpp,827798189,hmanalai,User,2016-11-07T17:12:54Z,2021-04-27T17:54:05Z,https://api.github.com/repos/BCStudentSoftwareDevTeam/urcpp/issues/60,https://github.com/BCStudentSoftwareDevTeam/urcpp/issues/60#issuecomment-827798189
urcpp,827798532,hmanalai,User,2016-11-07T18:34:41Z,2021-04-27T17:54:37Z,https://api.github.com/repos/BCStudentSoftwareDevTeam/urcpp/issues/72,https://github.com/BCStudentSoftwareDevTeam/urcpp/issues/72#issuecomment-827798532
urcpp,827797290,hmanalai,User,2016-11-16T19:24:22Z,2021-04-27T17:52:45Z,https://api.github.com/repos/BCStudentSoftwareDevTeam/urcpp/issues/33,https://github.com/BCStudentSoftwareDevTeam/urcpp/issues/33#issuecomment-827797290
urcpp,827797293,hmanalai,User,2016-11-16T19:26:27Z,2021-04-27T17:52:46Z,https://api.github.com/repos/BCStudentSoftwareDevTeam/urcpp/issues/33,https://github.com/BCStudentSoftwareDevTeam/urcpp/issues/33#issuecomment-827797293
urcpp,827798077,hmanalai,User,2016-11-18T18:29:48Z,2021-04-27T17:53:54Z,https://api.github.com/repos/BCStudentSoftwareDevTeam/urcpp/issues/56,https://github.com/BCStudentSoftwareDevTeam/urcpp/issues/56#issuecomment-827798077
urcpp,827798081,hmanalai,User,2016-11-18T18:42:02Z,2021-04-27T17:53:54Z,https://api.github.com/repos/BCStudentSoftwareDevTeam/urcpp/issues/56,https://github.com/BCStudentSoftwareDevTeam/urcpp/issues/56#issuecomment-827798081
urcpp,827797316,hmanalai,User,2016-11-18T18:49:52Z,2021-04-27T17:52:48Z,https://api.github.com/repos/BCStudentSoftwareDevTeam/urcpp/issues/34,https://github.com/BCStudentSoftwareDevTeam/urcpp/issues/34#issuecomment-827797316
urcpp,827798335,hmanalai,User,2016-11-18T18:50:38Z,2021-04-27T17:54:19Z,https://api.github.com/repos/BCStudentSoftwareDevTeam/urcpp/issues/65,https://github.com/BCStudentSoftwareDevTeam/urcpp/issues/65#issuecomment-827798335
urcpp,827797762,hmanalai,User,2016-11-18T19:37:58Z,2021-04-27T17:53:25Z,https://api.github.com/repos/BCStudentSoftwareDevTeam/urcpp/issues/46,https://github.com/BCStudentSoftwareDevTeam/urcpp/issues/46#issuecomment-827797762
urcpp,827797764,hmanalai,User,2016-11-19T15:09:39Z,2021-04-27T17:53:25Z,https://api.github.com/repos/BCStudentSoftwareDevTeam/urcpp/issues/46,https://github.com/BCStudentSoftwareDevTeam/urcpp/issues/46#issuecomment-827797764
urcpp,827797620,hmanalai,User,2016-12-02T19:24:58Z,2021-04-27T17:53:12Z,https://api.github.com/repos/BCStudentSoftwareDevTeam/urcpp/issues/42,https://github.com/BCStudentSoftwareDevTeam/urcpp/issues/42#issuecomment-827797620
urcpp,827797816,hmanalai,User,2016-12-05T17:20:52Z,2021-04-27T17:53:30Z,https://api.github.com/repos/BCStudentSoftwareDevTeam/urcpp/issues/48,https://github.com/BCStudentSoftwareDevTeam/urcpp/issues/48#issuecomment-827797816
urcpp,827797673,hmanalai,User,2016-12-05T17:21:13Z,2021-04-27T17:53:18Z,https://api.github.com/repos/BCStudentSoftwareDevTeam/urcpp/issues/44,https://github.com/BCStudentSoftwareDevTeam/urcpp/issues/44#issuecomment-827797673
urcpp,827798456,hmanalai,User,2016-12-05T17:23:35Z,2021-04-27T17:54:29Z,https://api.github.com/repos/BCStudentSoftwareDevTeam/urcpp/issues/69,https://github.com/BCStudentSoftwareDevTeam/urcpp/issues/69#issuecomment-827798456
urcpp,827798363,hmanalai,User,2016-12-05T17:25:01Z,2021-04-27T17:54:22Z,https://api.github.com/repos/BCStudentSoftwareDevTeam/urcpp/issues/66,https://github.com/BCStudentSoftwareDevTeam/urcpp/issues/66#issuecomment-827798363
urcpp,827797176,hmanalai,User,2016-12-05T17:25:40Z,2021-04-27T17:52:35Z,https://api.github.com/repos/BCStudentSoftwareDevTeam/urcpp/issues/29,https://github.com/BCStudentSoftwareDevTeam/urcpp/issues/29#issuecomment-827797176
urcpp,827797178,hmanalai,User,2016-12-05T17:36:44Z,2021-04-27T17:52:35Z,https://api.github.com/repos/BCStudentSoftwareDevTeam/urcpp/issues/29,https://github.com/BCStudentSoftwareDevTeam/urcpp/issues/29#issuecomment-827797178
urcpp,827797179,hmanalai,User,2016-12-06T19:26:58Z,2021-04-27T17:52:35Z,https://api.github.com/repos/BCStudentSoftwareDevTeam/urcpp/issues/29,https://github.com/BCStudentSoftwareDevTeam/urcpp/issues/29#issuecomment-827797179
urcpp,827798699,hmanalai,User,2016-12-07T17:29:47Z,2021-04-27T17:54:53Z,https://api.github.com/repos/BCStudentSoftwareDevTeam/urcpp/issues/78,https://github.com/BCStudentSoftwareDevTeam/urcpp/issues/78#issuecomment-827798699
urcpp,827798763,hmanalai,User,2016-12-08T19:18:32Z,2021-04-27T17:54:59Z,https://api.github.com/repos/BCStudentSoftwareDevTeam/urcpp/issues/80,https://github.com/BCStudentSoftwareDevTeam/urcpp/issues/80#issuecomment-827798763
urcpp,827798766,hmanalai,User,2016-12-10T16:38:12Z,2021-04-27T17:54:59Z,https://api.github.com/repos/BCStudentSoftwareDevTeam/urcpp/issues/80,https://github.com/BCStudentSoftwareDevTeam/urcpp/issues/80#issuecomment-827798766
urcpp,827798772,hmanalai,User,2016-12-10T16:41:14Z,2021-04-27T17:54:59Z,https://api.github.com/repos/BCStudentSoftwareDevTeam/urcpp/issues/80,https://github.com/BCStudentSoftwareDevTeam/urcpp/issues/80#issuecomment-827798772
urcpp,827798773,hmanalai,User,2016-12-10T17:29:35Z,2021-04-27T17:54:59Z,https://api.github.com/repos/BCStudentSoftwareDevTeam/urcpp/issues/80,https://github.com/BCStudentSoftwareDevTeam/urcpp/issues/80#issuecomment-827798773
urcpp,827798805,hmanalai,User,2016-12-10T18:36:21Z,2021-04-27T17:55:03Z,https://api.github.com/repos/BCStudentSoftwareDevTeam/urcpp/issues/81,https://github.com/BCStudentSoftwareDevTeam/urcpp/issues/81#issuecomment-827798805
urcpp,827798841,hmanalai,User,2016-12-10T19:10:15Z,2021-04-27T17:55:06Z,https://api.github.com/repos/BCStudentSoftwareDevTeam/urcpp/issues/82,https://github.com/BCStudentSoftwareDevTeam/urcpp/issues/82#issuecomment-827798841
urcpp,827798875,hmanalai,User,2017-01-10T14:47:01Z,2021-04-27T17:55:09Z,https://api.github.com/repos/BCStudentSoftwareDevTeam/urcpp/issues/83,https://github.com/BCStudentSoftwareDevTeam/urcpp/issues/83#issuecomment-827798875
urcpp,827798878,hmanalai,User,2017-01-10T14:50:16Z,2021-04-27T17:55:10Z,https://api.github.com/repos/BCStudentSoftwareDevTeam/urcpp/issues/83,https://github.com/BCStudentSoftwareDevTeam/urcpp/issues/83#issuecomment-827798878
urcpp,827798844,hmanalai,User,2017-01-10T14:54:54Z,2021-04-27T17:55:06Z,https://api.github.com/repos/BCStudentSoftwareDevTeam/urcpp/issues/82,https://github.com/BCStudentSoftwareDevTeam/urcpp/issues/82#issuecomment-827798844
urcpp,827798847,hmanalai,User,2017-01-10T14:55:34Z,2021-04-27T17:55:06Z,https://api.github.com/repos/BCStudentSoftwareDevTeam/urcpp/issues/82,https://github.com/BCStudentSoftwareDevTeam/urcpp/issues/82#issuecomment-827798847
urcpp,827796392,hmanalai,User,2017-01-10T15:12:30Z,2021-04-27T17:51:20Z,https://api.github.com/repos/BCStudentSoftwareDevTeam/urcpp/issues/5,https://github.com/BCStudentSoftwareDevTeam/urcpp/issues/5#issuecomment-827796392
urcpp,827798674,hmanalai,User,2017-01-10T15:33:31Z,2021-04-27T17:54:50Z,https://api.github.com/repos/BCStudentSoftwareDevTeam/urcpp/issues/77,https://github.com/BCStudentSoftwareDevTeam/urcpp/issues/77#issuecomment-827798674
urcpp,827798901,hmanalai,User,2017-01-12T14:32:56Z,2021-04-27T17:55:13Z,https://api.github.com/repos/BCStudentSoftwareDevTeam/urcpp/issues/84,https://github.com/BCStudentSoftwareDevTeam/urcpp/issues/84#issuecomment-827798901
urcpp,827798619,hmanalai,User,2017-01-12T15:16:00Z,2021-04-27T17:54:45Z,https://api.github.com/repos/BCStudentSoftwareDevTeam/urcpp/issues/75,https://github.com/BCStudentSoftwareDevTeam/urcpp/issues/75#issuecomment-827798619
urcpp,827798621,hmanalai,User,2017-01-12T15:22:00Z,2021-04-27T17:54:45Z,https://api.github.com/repos/BCStudentSoftwareDevTeam/urcpp/issues/75,https://github.com/BCStudentSoftwareDevTeam/urcpp/issues/75#issuecomment-827798621
urcpp,827798931,hmanalai,User,2017-01-12T21:28:20Z,2021-04-27T17:55:16Z,https://api.github.com/repos/BCStudentSoftwareDevTeam/urcpp/issues/85,https://github.com/BCStudentSoftwareDevTeam/urcpp/issues/85#issuecomment-827798931
urcpp,827798933,hmanalai,User,2017-01-12T21:38:34Z,2021-04-27T17:55:16Z,https://api.github.com/repos/BCStudentSoftwareDevTeam/urcpp/issues/85,https://github.com/BCStudentSoftwareDevTeam/urcpp/issues/85#issuecomment-827798933
urcpp,827798937,hmanalai,User,2017-01-12T21:39:18Z,2021-04-27T17:55:16Z,https://api.github.com/repos/BCStudentSoftwareDevTeam/urcpp/issues/85,https://github.com/BCStudentSoftwareDevTeam/urcpp/issues/85#issuecomment-827798937
urcpp,827798964,hmanalai,User,2017-01-16T23:41:10Z,2021-04-27T17:55:18Z,https://api.github.com/repos/BCStudentSoftwareDevTeam/urcpp/issues/86,https://github.com/BCStudentSoftwareDevTeam/urcpp/issues/86#issuecomment-827798964
urcpp,827798644,hmanalai,User,2017-01-16T23:48:15Z,2021-04-27T17:54:48Z,https://api.github.com/repos/BCStudentSoftwareDevTeam/urcpp/issues/76,https://github.com/BCStudentSoftwareDevTeam/urcpp/issues/76#issuecomment-827798644
urcpp,827798193,hmanalai,User,2017-01-16T23:51:48Z,2021-04-27T17:54:05Z,https://api.github.com/repos/BCStudentSoftwareDevTeam/urcpp/issues/60,https://github.com/BCStudentSoftwareDevTeam/urcpp/issues/60#issuecomment-827798193
urcpp,827798196,hmanalai,User,2017-01-17T15:28:29Z,2021-04-27T17:54:05Z,https://api.github.com/repos/BCStudentSoftwareDevTeam/urcpp/issues/60,https://github.com/BCStudentSoftwareDevTeam/urcpp/issues/60#issuecomment-827798196
urcpp,827799040,hmanalai,User,2017-01-25T20:15:32Z,2021-04-27T17:55:26Z,https://api.github.com/repos/BCStudentSoftwareDevTeam/urcpp/issues/89,https://github.com/BCStudentSoftwareDevTeam/urcpp/issues/89#issuecomment-827799040
urcpp,827797401,hmanalai,User,2017-02-02T13:32:27Z,2021-04-27T17:52:55Z,https://api.github.com/repos/BCStudentSoftwareDevTeam/urcpp/issues/36,https://github.com/BCStudentSoftwareDevTeam/urcpp/issues/36#issuecomment-827797401
urcpp,827797403,hmanalai,User,2017-02-02T13:41:42Z,2021-04-27T17:52:55Z,https://api.github.com/repos/BCStudentSoftwareDevTeam/urcpp/issues/36,https://github.com/BCStudentSoftwareDevTeam/urcpp/issues/36#issuecomment-827797403
urcpp,827797407,hmanalai,User,2017-02-02T13:59:27Z,2021-04-27T17:52:55Z,https://api.github.com/repos/BCStudentSoftwareDevTeam/urcpp/issues/36,https://github.com/BCStudentSoftwareDevTeam/urcpp/issues/36#issuecomment-827797407
urcpp,827797411,hmanalai,User,2017-02-02T14:01:35Z,2021-04-27T17:52:55Z,https://api.github.com/repos/BCStudentSoftwareDevTeam/urcpp/issues/36,https://github.com/BCStudentSoftwareDevTeam/urcpp/issues/36#issuecomment-827797411
urcpp,827799065,hmanalai,User,2017-02-09T15:34:36Z,2021-04-27T17:55:29Z,https://api.github.com/repos/BCStudentSoftwareDevTeam/urcpp/issues/90,https://github.com/BCStudentSoftwareDevTeam/urcpp/issues/90#issuecomment-827799065
urcpp,827799162,hmanalai,User,2017-02-09T15:56:56Z,2021-04-27T17:55:38Z,https://api.github.com/repos/BCStudentSoftwareDevTeam/urcpp/issues/93,https://github.com/BCStudentSoftwareDevTeam/urcpp/issues/93#issuecomment-827799162
urcpp,827799119,hmanalai,User,2017-02-09T15:57:10Z,2021-04-27T17:55:34Z,https://api.github.com/repos/BCStudentSoftwareDevTeam/urcpp/issues/92,https://github.com/BCStudentSoftwareDevTeam/urcpp/issues/92#issuecomment-827799119
urcpp,827798677,hmanalai,User,2017-02-09T16:29:15Z,2021-04-27T17:54:50Z,https://api.github.com/repos/BCStudentSoftwareDevTeam/urcpp/issues/77,https://github.com/BCStudentSoftwareDevTeam/urcpp/issues/77#issuecomment-827798677
urcpp,827799121,hmanalai,User,2017-02-14T15:54:24Z,2021-04-27T17:55:34Z,https://api.github.com/repos/BCStudentSoftwareDevTeam/urcpp/issues/92,https://github.com/BCStudentSoftwareDevTeam/urcpp/issues/92#issuecomment-827799121
urcpp,827799124,hmanalai,User,2017-02-14T15:56:10Z,2021-04-27T17:55:34Z,https://api.github.com/repos/BCStudentSoftwareDevTeam/urcpp/issues/92,https://github.com/BCStudentSoftwareDevTeam/urcpp/issues/92#issuecomment-827799124
urcpp,827799166,hmanalai,User,2017-05-05T23:21:06Z,2021-04-27T17:55:38Z,https://api.github.com/repos/BCStudentSoftwareDevTeam/urcpp/issues/93,https://github.com/BCStudentSoftwareDevTeam/urcpp/issues/93#issuecomment-827799166
urcpp,827799126,hmanalai,User,2017-08-24T13:11:41Z,2021-04-27T17:55:35Z,https://api.github.com/repos/BCStudentSoftwareDevTeam/urcpp/issues/92,https://github.com/BCStudentSoftwareDevTeam/urcpp/issues/92#issuecomment-827799126
urcpp,827799088,hmanalai,User,2017-08-24T13:19:30Z,2021-04-27T17:55:31Z,https://api.github.com/repos/BCStudentSoftwareDevTeam/urcpp/issues/91,https://github.com/BCStudentSoftwareDevTeam/urcpp/issues/91#issuecomment-827799088
urcpp,827799008,hmanalai,User,2017-08-24T13:20:21Z,2021-04-27T17:55:23Z,https://api.github.com/repos/BCStudentSoftwareDevTeam/urcpp/issues/88,https://github.com/BCStudentSoftwareDevTeam/urcpp/issues/88#issuecomment-827799008
urcpp,827798682,hmanalai,User,2017-08-24T13:24:36Z,2021-04-27T17:54:50Z,https://api.github.com/repos/BCStudentSoftwareDevTeam/urcpp/issues/77,https://github.com/BCStudentSoftwareDevTeam/urcpp/issues/77#issuecomment-827798682
urcpp,827798592,hmanalai,User,2017-08-24T13:26:04Z,2021-04-27T17:54:42Z,https://api.github.com/repos/BCStudentSoftwareDevTeam/urcpp/issues/74,https://github.com/BCStudentSoftwareDevTeam/urcpp/issues/74#issuecomment-827798592
urcpp,827798280,hmanalai,User,2017-08-24T13:33:23Z,2021-04-27T17:54:14Z,https://api.github.com/repos/BCStudentSoftwareDevTeam/urcpp/issues/63,https://github.com/BCStudentSoftwareDevTeam/urcpp/issues/63#issuecomment-827798280
urcpp,827797981,hmanalai,User,2017-08-24T13:34:05Z,2021-04-27T17:53:45Z,https://api.github.com/repos/BCStudentSoftwareDevTeam/urcpp/issues/53,https://github.com/BCStudentSoftwareDevTeam/urcpp/issues/53#issuecomment-827797981
urcpp,827796717,hmanalai,User,2017-08-25T12:54:49Z,2021-04-27T17:51:50Z,https://api.github.com/repos/BCStudentSoftwareDevTeam/urcpp/issues/13,https://github.com/BCStudentSoftwareDevTeam/urcpp/issues/13#issuecomment-827796717
urcpp,827798724,hmanalai,User,2017-08-29T14:37:38Z,2021-04-27T17:54:55Z,https://api.github.com/repos/BCStudentSoftwareDevTeam/urcpp/issues/79,https://github.com/BCStudentSoftwareDevTeam/urcpp/issues/79#issuecomment-827798724
urcpp,827796490,hmanalai,User,2017-08-29T14:55:25Z,2021-04-27T17:51:27Z,https://api.github.com/repos/BCStudentSoftwareDevTeam/urcpp/issues/8,https://github.com/BCStudentSoftwareDevTeam/urcpp/issues/8#issuecomment-827796490
urcpp,827796509,hmanalai,User,2017-08-29T15:00:28Z,2021-04-27T17:51:30Z,https://api.github.com/repos/BCStudentSoftwareDevTeam/urcpp/issues/9,https://github.com/BCStudentSoftwareDevTeam/urcpp/issues/9#issuecomment-827796509
urcpp,827799168,hmanalai,User,2017-08-29T15:02:46Z,2021-04-27T17:55:38Z,https://api.github.com/repos/BCStudentSoftwareDevTeam/urcpp/issues/93,https://github.com/BCStudentSoftwareDevTeam/urcpp/issues/93#issuecomment-827799168
urcpp,827797674,hmanalai,User,2017-08-29T15:02:46Z,2021-04-27T17:53:18Z,https://api.github.com/repos/BCStudentSoftwareDevTeam/urcpp/issues/44,https://github.com/BCStudentSoftwareDevTeam/urcpp/issues/44#issuecomment-827797674
urcpp,827796511,hmanalai,User,2017-08-29T17:51:57Z,2021-04-27T17:51:30Z,https://api.github.com/repos/BCStudentSoftwareDevTeam/urcpp/issues/9,https://github.com/BCStudentSoftwareDevTeam/urcpp/issues/9#issuecomment-827796511
urcpp,827799172,hmanalai,User,2017-08-31T12:37:55Z,2021-04-27T17:55:39Z,https://api.github.com/repos/BCStudentSoftwareDevTeam/urcpp/issues/93,https://github.com/BCStudentSoftwareDevTeam/urcpp/issues/93#issuecomment-827799172
urcpp,827796514,hmanalai,User,2017-08-31T12:40:03Z,2021-04-27T17:51:30Z,https://api.github.com/repos/BCStudentSoftwareDevTeam/urcpp/issues/9,https://github.com/BCStudentSoftwareDevTeam/urcpp/issues/9#issuecomment-827796514
urcpp,827799091,hmanalai,User,2017-08-31T12:41:23Z,2021-04-27T17:55:32Z,https://api.github.com/repos/BCStudentSoftwareDevTeam/urcpp/issues/91,https://github.com/BCStudentSoftwareDevTeam/urcpp/issues/91#issuecomment-827799091
urcpp,827798594,hmanalai,User,2017-08-31T12:41:52Z,2021-04-27T17:54:42Z,https://api.github.com/repos/BCStudentSoftwareDevTeam/urcpp/issues/74,https://github.com/BCStudentSoftwareDevTeam/urcpp/issues/74#issuecomment-827798594
urcpp,827799213,hmanalai,User,2017-08-31T12:55:21Z,2021-04-27T17:55:42Z,https://api.github.com/repos/BCStudentSoftwareDevTeam/urcpp/issues/94,https://github.com/BCStudentSoftwareDevTeam/urcpp/issues/94#issuecomment-827799213
urcpp,827799371,hmanalai,User,2017-08-31T13:34:43Z,2021-04-27T17:55:55Z,https://api.github.com/repos/BCStudentSoftwareDevTeam/urcpp/issues/98,https://github.com/BCStudentSoftwareDevTeam/urcpp/issues/98#issuecomment-827799371
urcpp,827799374,hmanalai,User,2017-08-31T13:35:04Z,2021-04-27T17:55:55Z,https://api.github.com/repos/BCStudentSoftwareDevTeam/urcpp/issues/98,https://github.com/BCStudentSoftwareDevTeam/urcpp/issues/98#issuecomment-827799374
urcpp,827799215,hmanalai,User,2017-09-01T20:23:31Z,2021-04-27T17:55:42Z,https://api.github.com/repos/BCStudentSoftwareDevTeam/urcpp/issues/94,https://github.com/BCStudentSoftwareDevTeam/urcpp/issues/94#issuecomment-827799215
urcpp,827796669,hmanalai,User,2017-09-04T23:46:21Z,2021-04-27T17:51:46Z,https://api.github.com/repos/BCStudentSoftwareDevTeam/urcpp/issues/11,https://github.com/BCStudentSoftwareDevTeam/urcpp/issues/11#issuecomment-827796669
urcpp,827799381,hmanalai,User,2017-09-05T13:01:54Z,2021-04-27T17:55:55Z,https://api.github.com/repos/BCStudentSoftwareDevTeam/urcpp/issues/98,https://github.com/BCStudentSoftwareDevTeam/urcpp/issues/98#issuecomment-827799381
urcpp,827799425,hmanalai,User,2017-09-05T13:40:40Z,2021-04-27T17:56:00Z,https://api.github.com/repos/BCStudentSoftwareDevTeam/urcpp/issues/100,https://github.com/BCStudentSoftwareDevTeam/urcpp/issues/100#issuecomment-827799425
urcpp,827796674,hmanalai,User,2017-09-05T19:51:06Z,2021-04-27T17:51:46Z,https://api.github.com/repos/BCStudentSoftwareDevTeam/urcpp/issues/11,https://github.com/BCStudentSoftwareDevTeam/urcpp/issues/11#issuecomment-827796674
urcpp,827799403,hmanalai,User,2017-09-06T13:31:43Z,2021-04-27T17:55:57Z,https://api.github.com/repos/BCStudentSoftwareDevTeam/urcpp/issues/99,https://github.com/BCStudentSoftwareDevTeam/urcpp/issues/99#issuecomment-827799403
urcpp,827799342,hmanalai,User,2017-09-06T20:15:54Z,2021-04-27T17:55:52Z,https://api.github.com/repos/BCStudentSoftwareDevTeam/urcpp/issues/97,https://github.com/BCStudentSoftwareDevTeam/urcpp/issues/97#issuecomment-827799342
urcpp,827798388,hmanalai,User,2017-09-07T13:47:56Z,2021-04-27T17:54:24Z,https://api.github.com/repos/BCStudentSoftwareDevTeam/urcpp/issues/67,https://github.com/BCStudentSoftwareDevTeam/urcpp/issues/67#issuecomment-827798388
urcpp,827798390,hmanalai,User,2017-09-07T15:05:33Z,2021-04-27T17:54:24Z,https://api.github.com/repos/BCStudentSoftwareDevTeam/urcpp/issues/67,https://github.com/BCStudentSoftwareDevTeam/urcpp/issues/67#issuecomment-827798390
urcpp,827797984,hmanalai,User,2017-09-07T17:10:34Z,2021-04-27T17:53:45Z,https://api.github.com/repos/BCStudentSoftwareDevTeam/urcpp/issues/53,https://github.com/BCStudentSoftwareDevTeam/urcpp/issues/53#issuecomment-827797984
urcpp,827799269,hmanalai,User,2017-09-07T17:35:39Z,2021-04-27T17:55:46Z,https://api.github.com/repos/BCStudentSoftwareDevTeam/urcpp/issues/95,https://github.com/BCStudentSoftwareDevTeam/urcpp/issues/95#issuecomment-827799269
urcpp,827797986,hmanalai,User,2017-09-08T14:17:28Z,2021-04-27T17:53:46Z,https://api.github.com/repos/BCStudentSoftwareDevTeam/urcpp/issues/53,https://github.com/BCStudentSoftwareDevTeam/urcpp/issues/53#issuecomment-827797986
urcpp,827796396,hmanalai,User,2017-09-12T18:10:27Z,2021-04-27T17:51:20Z,https://api.github.com/repos/BCStudentSoftwareDevTeam/urcpp/issues/5,https://github.com/BCStudentSoftwareDevTeam/urcpp/issues/5#issuecomment-827796396
urcpp,827799347,hmanalai,User,2017-09-18T13:08:57Z,2021-04-27T17:55:52Z,https://api.github.com/repos/BCStudentSoftwareDevTeam/urcpp/issues/97,https://github.com/BCStudentSoftwareDevTeam/urcpp/issues/97#issuecomment-827799347
urcpp,827799428,hmanalai,User,2017-10-24T13:23:12Z,2021-04-27T17:56:00Z,https://api.github.com/repos/BCStudentSoftwareDevTeam/urcpp/issues/100,https://github.com/BCStudentSoftwareDevTeam/urcpp/issues/100#issuecomment-827799428
urcpp,827799461,hmanalai,User,2017-10-24T13:25:54Z,2021-04-27T17:56:04Z,https://api.github.com/repos/BCStudentSoftwareDevTeam/urcpp/issues/101,https://github.com/BCStudentSoftwareDevTeam/urcpp/issues/101#issuecomment-827799461
urcpp,827799217,hmanalai,User,2018-01-09T20:24:19Z,2021-04-27T17:55:42Z,https://api.github.com/repos/BCStudentSoftwareDevTeam/urcpp/issues/94,https://github.com/BCStudentSoftwareDevTeam/urcpp/issues/94#issuecomment-827799217
urcpp,827799222,hmanalai,User,2018-01-09T20:25:26Z,2021-04-27T17:55:42Z,https://api.github.com/repos/BCStudentSoftwareDevTeam/urcpp/issues/94,https://github.com/BCStudentSoftwareDevTeam/urcpp/issues/94#issuecomment-827799222
urcpp,827799273,hmanalai,User,2018-01-10T13:58:45Z,2021-04-27T17:55:46Z,https://api.github.com/repos/BCStudentSoftwareDevTeam/urcpp/issues/95,https://github.com/BCStudentSoftwareDevTeam/urcpp/issues/95#issuecomment-827799273
urcpp,827799223,hmanalai,User,2018-01-10T13:59:39Z,2021-04-27T17:55:42Z,https://api.github.com/repos/BCStudentSoftwareDevTeam/urcpp/issues/94,https://github.com/BCStudentSoftwareDevTeam/urcpp/issues/94#issuecomment-827799223
urcpp,827799226,hmanalai,User,2018-01-10T14:01:19Z,2021-04-27T17:55:43Z,https://api.github.com/repos/BCStudentSoftwareDevTeam/urcpp/issues/94,https://github.com/BCStudentSoftwareDevTeam/urcpp/issues/94#issuecomment-827799226
urcpp,827796676,hmanalai,User,2018-01-10T14:02:02Z,2021-04-27T17:51:46Z,https://api.github.com/repos/BCStudentSoftwareDevTeam/urcpp/issues/11,https://github.com/BCStudentSoftwareDevTeam/urcpp/issues/11#issuecomment-827796676
urcpp,827799789,hmanalai,User,2019-03-26T20:10:24Z,2021-04-27T17:56:34Z,https://api.github.com/repos/BCStudentSoftwareDevTeam/urcpp/issues/111,https://github.com/BCStudentSoftwareDevTeam/urcpp/issues/111#issuecomment-827799789
urcpp,827800039,hmanalai,User,2019-04-01T17:16:09Z,2021-04-27T17:56:56Z,https://api.github.com/repos/BCStudentSoftwareDevTeam/urcpp/issues/119,https://github.com/BCStudentSoftwareDevTeam/urcpp/issues/119#issuecomment-827800039
urcpp,827800131,hmanalai,User,2019-04-15T17:44:17Z,2021-04-27T17:57:04Z,https://api.github.com/repos/BCStudentSoftwareDevTeam/urcpp/issues/121,https://github.com/BCStudentSoftwareDevTeam/urcpp/issues/121#issuecomment-827800131
urcpp,827800074,hmanalai,User,2019-04-22T19:02:54Z,2021-04-27T17:56:59Z,https://api.github.com/repos/BCStudentSoftwareDevTeam/urcpp/issues/120,https://github.com/BCStudentSoftwareDevTeam/urcpp/issues/120#issuecomment-827800074
urcpp,827800076,hmanalai,User,2019-04-30T17:01:11Z,2021-04-27T17:57:00Z,https://api.github.com/repos/BCStudentSoftwareDevTeam/urcpp/issues/120,https://github.com/BCStudentSoftwareDevTeam/urcpp/issues/120#issuecomment-827800076
urcpp,827800079,hmanalai,User,2019-05-09T13:47:11Z,2021-04-27T17:57:00Z,https://api.github.com/repos/BCStudentSoftwareDevTeam/urcpp/issues/120,https://github.com/BCStudentSoftwareDevTeam/urcpp/issues/120#issuecomment-827800079
urcpp,827800343,hmanalai,User,2019-05-09T13:52:20Z,2021-04-27T17:57:24Z,https://api.github.com/repos/BCStudentSoftwareDevTeam/urcpp/issues/128,https://github.com/BCStudentSoftwareDevTeam/urcpp/issues/128#issuecomment-827800343
urcpp,827800312,hmanalai,User,2019-05-09T14:04:09Z,2021-04-27T17:57:21Z,https://api.github.com/repos/BCStudentSoftwareDevTeam/urcpp/issues/127,https://github.com/BCStudentSoftwareDevTeam/urcpp/issues/127#issuecomment-827800312
urcpp,827800377,hmanalai,User,2019-05-09T14:07:03Z,2021-04-27T17:57:28Z,https://api.github.com/repos/BCStudentSoftwareDevTeam/urcpp/issues/129,https://github.com/BCStudentSoftwareDevTeam/urcpp/issues/129#issuecomment-827800377
urcpp,827800479,hmanalai,User,2019-05-09T14:18:54Z,2021-04-27T17:57:39Z,https://api.github.com/repos/BCStudentSoftwareDevTeam/urcpp/issues/133,https://github.com/BCStudentSoftwareDevTeam/urcpp/issues/133#issuecomment-827800479
urcpp,827800403,hmanalai,User,2019-05-09T14:22:24Z,2021-04-27T17:57:31Z,https://api.github.com/repos/BCStudentSoftwareDevTeam/urcpp/issues/130,https://github.com/BCStudentSoftwareDevTeam/urcpp/issues/130#issuecomment-827800403
urcpp,827800532,hmanalai,User,2019-05-09T14:42:55Z,2021-04-27T17:57:45Z,https://api.github.com/repos/BCStudentSoftwareDevTeam/urcpp/issues/135,https://github.com/BCStudentSoftwareDevTeam/urcpp/issues/135#issuecomment-827800532
urcpp,827800405,hmanalai,User,2019-05-09T15:00:10Z,2021-04-27T17:57:31Z,https://api.github.com/repos/BCStudentSoftwareDevTeam/urcpp/issues/130,https://github.com/BCStudentSoftwareDevTeam/urcpp/issues/130#issuecomment-827800405
urcpp,827800222,hmanalai,User,2019-05-09T15:40:34Z,2021-04-27T17:57:12Z,https://api.github.com/repos/BCStudentSoftwareDevTeam/urcpp/issues/124,https://github.com/BCStudentSoftwareDevTeam/urcpp/issues/124#issuecomment-827800222
urcpp,827800534,hmanalai,User,2019-05-09T15:44:35Z,2021-04-27T17:57:45Z,https://api.github.com/repos/BCStudentSoftwareDevTeam/urcpp/issues/135,https://github.com/BCStudentSoftwareDevTeam/urcpp/issues/135#issuecomment-827800534
urcpp,827800593,hmanalai,User,2019-05-09T15:47:30Z,2021-04-27T17:57:51Z,https://api.github.com/repos/BCStudentSoftwareDevTeam/urcpp/issues/137,https://github.com/BCStudentSoftwareDevTeam/urcpp/issues/137#issuecomment-827800593
urcpp,827800409,hmanalai,User,2019-05-09T19:07:23Z,2021-04-27T17:57:31Z,https://api.github.com/repos/BCStudentSoftwareDevTeam/urcpp/issues/130,https://github.com/BCStudentSoftwareDevTeam/urcpp/issues/130#issuecomment-827800409
urcpp,827800225,hmanalai,User,2019-05-09T19:09:51Z,2021-04-27T17:57:12Z,https://api.github.com/repos/BCStudentSoftwareDevTeam/urcpp/issues/124,https://github.com/BCStudentSoftwareDevTeam/urcpp/issues/124#issuecomment-827800225
urcpp,827799711,hmanalai,User,2019-05-09T19:10:27Z,2021-04-27T17:56:28Z,https://api.github.com/repos/BCStudentSoftwareDevTeam/urcpp/issues/109,https://github.com/BCStudentSoftwareDevTeam/urcpp/issues/109#issuecomment-827799711
urcpp,827799557,hmanalai,User,2019-05-09T19:11:02Z,2021-04-27T17:56:12Z,https://api.github.com/repos/BCStudentSoftwareDevTeam/urcpp/issues/104,https://github.com/BCStudentSoftwareDevTeam/urcpp/issues/104#issuecomment-827799557
urcpp,827800014,hmanalai,User,2019-05-09T19:12:19Z,2021-04-27T17:56:54Z,https://api.github.com/repos/BCStudentSoftwareDevTeam/urcpp/issues/118,https://github.com/BCStudentSoftwareDevTeam/urcpp/issues/118#issuecomment-827800014
urcpp,827800016,hmanalai,User,2019-05-09T19:23:21Z,2021-04-27T17:56:54Z,https://api.github.com/repos/BCStudentSoftwareDevTeam/urcpp/issues/118,https://github.com/BCStudentSoftwareDevTeam/urcpp/issues/118#issuecomment-827800016
urcpp,827799274,hmanalai,User,2019-05-09T19:50:03Z,2021-04-27T17:55:46Z,https://api.github.com/repos/BCStudentSoftwareDevTeam/urcpp/issues/95,https://github.com/BCStudentSoftwareDevTeam/urcpp/issues/95#issuecomment-827799274
urcpp,827800595,hmanalai,User,2019-05-10T14:03:59Z,2021-04-27T17:57:51Z,https://api.github.com/repos/BCStudentSoftwareDevTeam/urcpp/issues/137,https://github.com/BCStudentSoftwareDevTeam/urcpp/issues/137#issuecomment-827800595
urcpp,827799811,hmanalai,User,2019-05-10T14:21:20Z,2021-04-27T17:56:37Z,https://api.github.com/repos/BCStudentSoftwareDevTeam/urcpp/issues/112,https://github.com/BCStudentSoftwareDevTeam/urcpp/issues/112#issuecomment-827799811
urcpp,827799813,hmanalai,User,2019-05-10T14:39:42Z,2021-04-27T17:56:37Z,https://api.github.com/repos/BCStudentSoftwareDevTeam/urcpp/issues/112,https://github.com/BCStudentSoftwareDevTeam/urcpp/issues/112#issuecomment-827799813
urcpp,827799974,hmanalai,User,2019-05-10T14:40:23Z,2021-04-27T17:56:51Z,https://api.github.com/repos/BCStudentSoftwareDevTeam/urcpp/issues/117,https://github.com/BCStudentSoftwareDevTeam/urcpp/issues/117#issuecomment-827799974
urcpp,827800270,hmanalai,User,2019-05-10T14:42:46Z,2021-04-27T17:57:16Z,https://api.github.com/repos/BCStudentSoftwareDevTeam/urcpp/issues/125,https://github.com/BCStudentSoftwareDevTeam/urcpp/issues/125#issuecomment-827800270
urcpp,827800596,hmanalai,User,2019-05-10T15:16:20Z,2021-04-27T17:57:51Z,https://api.github.com/repos/BCStudentSoftwareDevTeam/urcpp/issues/137,https://github.com/BCStudentSoftwareDevTeam/urcpp/issues/137#issuecomment-827800596
urcpp,827799560,hmanalai,User,2019-05-10T15:45:29Z,2021-04-27T17:56:12Z,https://api.github.com/repos/BCStudentSoftwareDevTeam/urcpp/issues/104,https://github.com/BCStudentSoftwareDevTeam/urcpp/issues/104#issuecomment-827799560
urcpp,827799566,hmanalai,User,2019-05-10T16:55:51Z,2021-04-27T17:56:12Z,https://api.github.com/repos/BCStudentSoftwareDevTeam/urcpp/issues/104,https://github.com/BCStudentSoftwareDevTeam/urcpp/issues/104#issuecomment-827799566
urcpp,827799713,hmanalai,User,2019-05-10T17:04:32Z,2021-04-27T17:56:28Z,https://api.github.com/repos/BCStudentSoftwareDevTeam/urcpp/issues/109,https://github.com/BCStudentSoftwareDevTeam/urcpp/issues/109#issuecomment-827799713
urcpp,827799714,hmanalai,User,2019-05-10T17:09:08Z,2021-04-27T17:56:28Z,https://api.github.com/repos/BCStudentSoftwareDevTeam/urcpp/issues/109,https://github.com/BCStudentSoftwareDevTeam/urcpp/issues/109#issuecomment-827799714
urcpp,827800537,hmanalai,User,2019-05-10T17:16:34Z,2021-04-27T17:57:45Z,https://api.github.com/repos/BCStudentSoftwareDevTeam/urcpp/issues/135,https://github.com/BCStudentSoftwareDevTeam/urcpp/issues/135#issuecomment-827800537
urcpp,827800382,hmanalai,User,2019-05-13T13:26:48Z,2021-04-27T17:57:28Z,https://api.github.com/repos/BCStudentSoftwareDevTeam/urcpp/issues/129,https://github.com/BCStudentSoftwareDevTeam/urcpp/issues/129#issuecomment-827800382
urcpp,827799672,hmanalai,User,2019-05-13T15:20:59Z,2021-04-27T17:56:24Z,https://api.github.com/repos/BCStudentSoftwareDevTeam/urcpp/issues/108,https://github.com/BCStudentSoftwareDevTeam/urcpp/issues/108#issuecomment-827799672
urcpp,827800626,hmanalai,User,2019-05-13T15:26:28Z,2021-04-27T17:57:55Z,https://api.github.com/repos/BCStudentSoftwareDevTeam/urcpp/issues/138,https://github.com/BCStudentSoftwareDevTeam/urcpp/issues/138#issuecomment-827800626
urcpp,827800167,hmanalai,User,2019-05-13T15:48:07Z,2021-04-27T17:57:07Z,https://api.github.com/repos/BCStudentSoftwareDevTeam/urcpp/issues/122,https://github.com/BCStudentSoftwareDevTeam/urcpp/issues/122#issuecomment-827800167
urcpp,827800629,hmanalai,User,2019-05-13T19:25:00Z,2021-04-27T17:57:55Z,https://api.github.com/repos/BCStudentSoftwareDevTeam/urcpp/issues/138,https://github.com/BCStudentSoftwareDevTeam/urcpp/issues/138#issuecomment-827800629
urcpp,827800271,hmanalai,User,2019-05-13T20:26:23Z,2021-04-27T17:57:16Z,https://api.github.com/repos/BCStudentSoftwareDevTeam/urcpp/issues/125,https://github.com/BCStudentSoftwareDevTeam/urcpp/issues/125#issuecomment-827800271
urcpp,827800559,hmanalai,User,2019-05-13T20:54:44Z,2021-04-27T17:57:47Z,https://api.github.com/repos/BCStudentSoftwareDevTeam/urcpp/issues/136,https://github.com/BCStudentSoftwareDevTeam/urcpp/issues/136#issuecomment-827800559
urcpp,827800564,hmanalai,User,2019-05-14T17:30:24Z,2021-04-27T17:57:48Z,https://api.github.com/repos/BCStudentSoftwareDevTeam/urcpp/issues/136,https://github.com/BCStudentSoftwareDevTeam/urcpp/issues/136#issuecomment-827800564
urcpp,827800567,hmanalai,User,2019-05-14T17:31:00Z,2021-04-27T17:57:48Z,https://api.github.com/repos/BCStudentSoftwareDevTeam/urcpp/issues/136,https://github.com/BCStudentSoftwareDevTeam/urcpp/issues/136#issuecomment-827800567
urcpp,827800572,hmanalai,User,2019-05-15T13:43:17Z,2021-04-27T17:57:48Z,https://api.github.com/repos/BCStudentSoftwareDevTeam/urcpp/issues/136,https://github.com/BCStudentSoftwareDevTeam/urcpp/issues/136#issuecomment-827800572
urcpp,827800746,hmanalai,User,2019-05-15T14:09:34Z,2021-04-27T17:58:08Z,https://api.github.com/repos/BCStudentSoftwareDevTeam/urcpp/issues/142,https://github.com/BCStudentSoftwareDevTeam/urcpp/issues/142#issuecomment-827800746
urcpp,827800681,hmanalai,User,2019-05-15T17:15:07Z,2021-04-27T17:58:02Z,https://api.github.com/repos/BCStudentSoftwareDevTeam/urcpp/issues/140,https://github.com/BCStudentSoftwareDevTeam/urcpp/issues/140#issuecomment-827800681
urcpp,827800751,hmanalai,User,2019-05-15T17:20:31Z,2021-04-27T17:58:08Z,https://api.github.com/repos/BCStudentSoftwareDevTeam/urcpp/issues/142,https://github.com/BCStudentSoftwareDevTeam/urcpp/issues/142#issuecomment-827800751
urcpp,827799676,hmanalai,User,2019-05-15T19:22:10Z,2021-04-27T17:56:24Z,https://api.github.com/repos/BCStudentSoftwareDevTeam/urcpp/issues/108,https://github.com/BCStudentSoftwareDevTeam/urcpp/issues/108#issuecomment-827799676
urcpp,827800683,hmanalai,User,2019-05-15T19:22:24Z,2021-04-27T17:58:02Z,https://api.github.com/repos/BCStudentSoftwareDevTeam/urcpp/issues/140,https://github.com/BCStudentSoftwareDevTeam/urcpp/issues/140#issuecomment-827800683
urcpp,827800169,hmanalai,User,2019-05-15T21:29:46Z,2021-04-27T17:57:07Z,https://api.github.com/repos/BCStudentSoftwareDevTeam/urcpp/issues/122,https://github.com/BCStudentSoftwareDevTeam/urcpp/issues/122#issuecomment-827800169
urcpp,827800540,hmanalai,User,2019-05-16T15:46:35Z,2021-04-27T17:57:45Z,https://api.github.com/repos/BCStudentSoftwareDevTeam/urcpp/issues/135,https://github.com/BCStudentSoftwareDevTeam/urcpp/issues/135#issuecomment-827800540
urcpp,827799278,hmanalai,User,2019-05-16T15:52:12Z,2021-04-27T17:55:47Z,https://api.github.com/repos/BCStudentSoftwareDevTeam/urcpp/issues/95,https://github.com/BCStudentSoftwareDevTeam/urcpp/issues/95#issuecomment-827799278
urcpp,827800083,hmanalai,User,2019-05-17T13:22:53Z,2021-04-27T17:57:00Z,https://api.github.com/repos/BCStudentSoftwareDevTeam/urcpp/issues/120,https://github.com/BCStudentSoftwareDevTeam/urcpp/issues/120#issuecomment-827800083
urcpp,827799717,hmanalai,User,2019-05-17T13:41:44Z,2021-04-27T17:56:28Z,https://api.github.com/repos/BCStudentSoftwareDevTeam/urcpp/issues/109,https://github.com/BCStudentSoftwareDevTeam/urcpp/issues/109#issuecomment-827799717
urcpp,827800764,hmanalai,User,2019-05-17T17:12:45Z,2021-04-27T17:58:10Z,https://api.github.com/repos/BCStudentSoftwareDevTeam/urcpp/issues/143,https://github.com/BCStudentSoftwareDevTeam/urcpp/issues/143#issuecomment-827800764
urcpp,827799977,hmanalai,User,2019-05-17T17:24:34Z,2021-04-27T17:56:51Z,https://api.github.com/repos/BCStudentSoftwareDevTeam/urcpp/issues/117,https://github.com/BCStudentSoftwareDevTeam/urcpp/issues/117#issuecomment-827799977
urcpp,827799720,hmanalai,User,2019-05-17T17:35:33Z,2021-04-27T17:56:28Z,https://api.github.com/repos/BCStudentSoftwareDevTeam/urcpp/issues/109,https://github.com/BCStudentSoftwareDevTeam/urcpp/issues/109#issuecomment-827799720
urcpp,827799979,hmanalai,User,2019-05-17T19:40:15Z,2021-04-27T17:56:51Z,https://api.github.com/repos/BCStudentSoftwareDevTeam/urcpp/issues/117,https://github.com/BCStudentSoftwareDevTeam/urcpp/issues/117#issuecomment-827799979
urcpp,827800792,hmanalai,User,2019-05-20T12:26:34Z,2021-04-27T17:58:13Z,https://api.github.com/repos/BCStudentSoftwareDevTeam/urcpp/issues/144,https://github.com/BCStudentSoftwareDevTeam/urcpp/issues/144#issuecomment-827800792
urcpp,827800597,hmanalai,User,2019-05-20T17:26:26Z,2021-04-27T17:57:51Z,https://api.github.com/repos/BCStudentSoftwareDevTeam/urcpp/issues/137,https://github.com/BCStudentSoftwareDevTeam/urcpp/issues/137#issuecomment-827800597
urcpp,827800643,hmanalai,User,2019-05-20T17:35:39Z,2021-04-27T17:57:58Z,https://api.github.com/repos/BCStudentSoftwareDevTeam/urcpp/issues/139,https://github.com/BCStudentSoftwareDevTeam/urcpp/issues/139#issuecomment-827800643
urcpp,827800504,hmanalai,User,2019-05-20T17:37:50Z,2021-04-27T17:57:42Z,https://api.github.com/repos/BCStudentSoftwareDevTeam/urcpp/issues/134,https://github.com/BCStudentSoftwareDevTeam/urcpp/issues/134#issuecomment-827800504
urcpp,827800230,hmanalai,User,2019-05-21T15:18:21Z,2021-04-27T17:57:13Z,https://api.github.com/repos/BCStudentSoftwareDevTeam/urcpp/issues/124,https://github.com/BCStudentSoftwareDevTeam/urcpp/issues/124#issuecomment-827800230
urcpp,827800241,hmanalai,User,2019-05-21T17:48:09Z,2021-04-27T17:57:14Z,https://api.github.com/repos/BCStudentSoftwareDevTeam/urcpp/issues/124,https://github.com/BCStudentSoftwareDevTeam/urcpp/issues/124#issuecomment-827800241
urcpp,827799607,hmanalai,User,2019-05-21T18:52:19Z,2021-04-27T17:56:16Z,https://api.github.com/repos/BCStudentSoftwareDevTeam/urcpp/issues/105,https://github.com/BCStudentSoftwareDevTeam/urcpp/issues/105#issuecomment-827799607
urcpp,827799941,hmanalai,User,2019-05-21T18:59:05Z,2021-04-27T17:56:48Z,https://api.github.com/repos/BCStudentSoftwareDevTeam/urcpp/issues/116,https://github.com/BCStudentSoftwareDevTeam/urcpp/issues/116#issuecomment-827799941
urcpp,827799867,hmanalai,User,2019-05-21T19:59:56Z,2021-04-27T17:56:42Z,https://api.github.com/repos/BCStudentSoftwareDevTeam/urcpp/issues/114,https://github.com/BCStudentSoftwareDevTeam/urcpp/issues/114#issuecomment-827799867
urcpp,827800767,hmanalai,User,2019-05-21T20:04:16Z,2021-04-27T17:58:11Z,https://api.github.com/repos/BCStudentSoftwareDevTeam/urcpp/issues/143,https://github.com/BCStudentSoftwareDevTeam/urcpp/issues/143#issuecomment-827800767
urcpp,827800648,hmanalai,User,2019-05-21T20:30:06Z,2021-04-27T17:57:58Z,https://api.github.com/repos/BCStudentSoftwareDevTeam/urcpp/issues/139,https://github.com/BCStudentSoftwareDevTeam/urcpp/issues/139#issuecomment-827800648
urcpp,827800824,hmanalai,User,2019-05-21T20:50:43Z,2021-04-27T17:58:16Z,https://api.github.com/repos/BCStudentSoftwareDevTeam/urcpp/issues/145,https://github.com/BCStudentSoftwareDevTeam/urcpp/issues/145#issuecomment-827800824
urcpp,827800825,hmanalai,User,2019-05-21T20:51:19Z,2021-04-27T17:58:16Z,https://api.github.com/repos/BCStudentSoftwareDevTeam/urcpp/issues/145,https://github.com/BCStudentSoftwareDevTeam/urcpp/issues/145#issuecomment-827800825
urcpp,827800651,hmanalai,User,2019-05-21T20:54:11Z,2021-04-27T17:57:58Z,https://api.github.com/repos/BCStudentSoftwareDevTeam/urcpp/issues/139,https://github.com/BCStudentSoftwareDevTeam/urcpp/issues/139#issuecomment-827800651
urcpp,827799281,hmanalai,User,2019-05-21T20:55:49Z,2021-04-27T17:55:47Z,https://api.github.com/repos/BCStudentSoftwareDevTeam/urcpp/issues/95,https://github.com/BCStudentSoftwareDevTeam/urcpp/issues/95#issuecomment-827799281
urcpp,827799869,hmanalai,User,2019-05-21T20:58:45Z,2021-04-27T17:56:42Z,https://api.github.com/repos/BCStudentSoftwareDevTeam/urcpp/issues/114,https://github.com/BCStudentSoftwareDevTeam/urcpp/issues/114#issuecomment-827799869
urcpp,827799871,hmanalai,User,2019-05-21T20:59:15Z,2021-04-27T17:56:42Z,https://api.github.com/repos/BCStudentSoftwareDevTeam/urcpp/issues/114,https://github.com/BCStudentSoftwareDevTeam/urcpp/issues/114#issuecomment-827799871
urcpp,827800795,hmanalai,User,2019-05-22T16:39:38Z,2021-04-27T17:58:13Z,https://api.github.com/repos/BCStudentSoftwareDevTeam/urcpp/issues/144,https://github.com/BCStudentSoftwareDevTeam/urcpp/issues/144#issuecomment-827800795
urcpp,827800770,hmanalai,User,2019-05-22T16:40:03Z,2021-04-27T17:58:11Z,https://api.github.com/repos/BCStudentSoftwareDevTeam/urcpp/issues/143,https://github.com/BCStudentSoftwareDevTeam/urcpp/issues/143#issuecomment-827800770
urcpp,827799876,hmanalai,User,2019-05-22T20:41:21Z,2021-04-27T17:56:43Z,https://api.github.com/repos/BCStudentSoftwareDevTeam/urcpp/issues/114,https://github.com/BCStudentSoftwareDevTeam/urcpp/issues/114#issuecomment-827799876
urcpp,827800828,hmanalai,User,2019-05-23T14:28:03Z,2021-04-27T17:58:16Z,https://api.github.com/repos/BCStudentSoftwareDevTeam/urcpp/issues/145,https://github.com/BCStudentSoftwareDevTeam/urcpp/issues/145#issuecomment-827800828
urcpp,827800654,hmanalai,User,2019-05-23T14:28:57Z,2021-04-27T17:57:58Z,https://api.github.com/repos/BCStudentSoftwareDevTeam/urcpp/issues/139,https://github.com/BCStudentSoftwareDevTeam/urcpp/issues/139#issuecomment-827800654
urcpp,827799517,hmanalai,User,2019-05-23T14:39:53Z,2021-04-27T17:56:09Z,https://api.github.com/repos/BCStudentSoftwareDevTeam/urcpp/issues/103,https://github.com/BCStudentSoftwareDevTeam/urcpp/issues/103#issuecomment-827799517
urcpp,827800883,hmanalai,User,2019-05-23T17:40:39Z,2021-04-27T17:58:21Z,https://api.github.com/repos/BCStudentSoftwareDevTeam/urcpp/issues/147,https://github.com/BCStudentSoftwareDevTeam/urcpp/issues/147#issuecomment-827800883
urcpp,827800854,hmanalai,User,2019-05-23T18:12:55Z,2021-04-27T17:58:18Z,https://api.github.com/repos/BCStudentSoftwareDevTeam/urcpp/issues/146,https://github.com/BCStudentSoftwareDevTeam/urcpp/issues/146#issuecomment-827800854
urcpp,827800505,hmanalai,User,2019-05-23T18:20:26Z,2021-04-27T17:57:42Z,https://api.github.com/repos/BCStudentSoftwareDevTeam/urcpp/issues/134,https://github.com/BCStudentSoftwareDevTeam/urcpp/issues/134#issuecomment-827800505
urcpp,827800506,hmanalai,User,2019-05-23T20:30:19Z,2021-04-27T17:57:42Z,https://api.github.com/repos/BCStudentSoftwareDevTeam/urcpp/issues/134,https://github.com/BCStudentSoftwareDevTeam/urcpp/issues/134#issuecomment-827800506
urcpp,827798727,hmanalai,User,2019-05-23T21:09:28Z,2021-04-27T17:54:56Z,https://api.github.com/repos/BCStudentSoftwareDevTeam/urcpp/issues/79,https://github.com/BCStudentSoftwareDevTeam/urcpp/issues/79#issuecomment-827798727
urcpp,827799569,hmanalai,User,2019-05-24T15:01:15Z,2021-04-27T17:56:13Z,https://api.github.com/repos/BCStudentSoftwareDevTeam/urcpp/issues/104,https://github.com/BCStudentSoftwareDevTeam/urcpp/issues/104#issuecomment-827799569
urcpp,827799982,hmanalai,User,2019-05-28T12:27:13Z,2021-04-27T17:56:52Z,https://api.github.com/repos/BCStudentSoftwareDevTeam/urcpp/issues/117,https://github.com/BCStudentSoftwareDevTeam/urcpp/issues/117#issuecomment-827799982
urcpp,827800246,hmanalai,User,2019-05-28T12:28:53Z,2021-04-27T17:57:14Z,https://api.github.com/repos/BCStudentSoftwareDevTeam/urcpp/issues/124,https://github.com/BCStudentSoftwareDevTeam/urcpp/issues/124#issuecomment-827800246
urcpp,827800798,hmanalai,User,2019-05-28T12:41:49Z,2021-04-27T17:58:14Z,https://api.github.com/repos/BCStudentSoftwareDevTeam/urcpp/issues/144,https://github.com/BCStudentSoftwareDevTeam/urcpp/issues/144#issuecomment-827800798
urcpp,827800772,hmanalai,User,2019-05-28T12:42:18Z,2021-04-27T17:58:11Z,https://api.github.com/repos/BCStudentSoftwareDevTeam/urcpp/issues/143,https://github.com/BCStudentSoftwareDevTeam/urcpp/issues/143#issuecomment-827800772
urcpp,827800599,hmanalai,User,2019-05-28T12:43:25Z,2021-04-27T17:57:52Z,https://api.github.com/repos/BCStudentSoftwareDevTeam/urcpp/issues/137,https://github.com/BCStudentSoftwareDevTeam/urcpp/issues/137#issuecomment-827800599
urcpp,827799877,hmanalai,User,2019-05-28T12:43:43Z,2021-04-27T17:56:43Z,https://api.github.com/repos/BCStudentSoftwareDevTeam/urcpp/issues/114,https://github.com/BCStudentSoftwareDevTeam/urcpp/issues/114#issuecomment-827799877
urcpp,827801004,hmanalai,User,2019-05-30T13:27:06Z,2021-04-27T17:58:30Z,https://api.github.com/repos/BCStudentSoftwareDevTeam/urcpp/issues/150,https://github.com/BCStudentSoftwareDevTeam/urcpp/issues/150#issuecomment-827801004
urcpp,827801006,hmanalai,User,2019-05-30T14:26:31Z,2021-04-27T17:58:31Z,https://api.github.com/repos/BCStudentSoftwareDevTeam/urcpp/issues/150,https://github.com/BCStudentSoftwareDevTeam/urcpp/issues/150#issuecomment-827801006
urcpp,827801180,hmanalai,User,2019-05-30T14:37:11Z,2021-04-27T17:58:47Z,https://api.github.com/repos/BCStudentSoftwareDevTeam/urcpp/issues/155,https://github.com/BCStudentSoftwareDevTeam/urcpp/issues/155#issuecomment-827801180
urcpp,827801186,hmanalai,User,2019-05-30T14:39:36Z,2021-04-27T17:58:47Z,https://api.github.com/repos/BCStudentSoftwareDevTeam/urcpp/issues/155,https://github.com/BCStudentSoftwareDevTeam/urcpp/issues/155#issuecomment-827801186
urcpp,827801137,hmanalai,User,2019-05-30T17:59:37Z,2021-04-27T17:58:44Z,https://api.github.com/repos/BCStudentSoftwareDevTeam/urcpp/issues/154,https://github.com/BCStudentSoftwareDevTeam/urcpp/issues/154#issuecomment-827801137
urcpp,827801143,hmanalai,User,2019-05-30T19:42:53Z,2021-04-27T17:58:44Z,https://api.github.com/repos/BCStudentSoftwareDevTeam/urcpp/issues/154,https://github.com/BCStudentSoftwareDevTeam/urcpp/issues/154#issuecomment-827801143
urcpp,827801111,hmanalai,User,2019-05-30T20:16:20Z,2021-04-27T17:58:41Z,https://api.github.com/repos/BCStudentSoftwareDevTeam/urcpp/issues/153,https://github.com/BCStudentSoftwareDevTeam/urcpp/issues/153#issuecomment-827801111
urcpp,827801112,hmanalai,User,2019-05-30T21:04:32Z,2021-04-27T17:58:41Z,https://api.github.com/repos/BCStudentSoftwareDevTeam/urcpp/issues/153,https://github.com/BCStudentSoftwareDevTeam/urcpp/issues/153#issuecomment-827801112
urcpp,827801055,hmanalai,User,2019-05-30T21:06:29Z,2021-04-27T17:58:36Z,https://api.github.com/repos/BCStudentSoftwareDevTeam/urcpp/issues/151,https://github.com/BCStudentSoftwareDevTeam/urcpp/issues/151#issuecomment-827801055
urcpp,827801114,hmanalai,User,2019-05-31T12:58:22Z,2021-04-27T17:58:41Z,https://api.github.com/repos/BCStudentSoftwareDevTeam/urcpp/issues/153,https://github.com/BCStudentSoftwareDevTeam/urcpp/issues/153#issuecomment-827801114
urcpp,827801146,hmanalai,User,2019-05-31T13:00:20Z,2021-04-27T17:58:44Z,https://api.github.com/repos/BCStudentSoftwareDevTeam/urcpp/issues/154,https://github.com/BCStudentSoftwareDevTeam/urcpp/issues/154#issuecomment-827801146
urcpp,827799519,hmanalai,User,2019-05-31T13:59:54Z,2021-04-27T17:56:09Z,https://api.github.com/repos/BCStudentSoftwareDevTeam/urcpp/issues/103,https://github.com/BCStudentSoftwareDevTeam/urcpp/issues/103#issuecomment-827799519
urcpp,827800928,hmanalai,User,2019-05-31T14:00:16Z,2021-04-27T17:58:24Z,https://api.github.com/repos/BCStudentSoftwareDevTeam/urcpp/issues/148,https://github.com/BCStudentSoftwareDevTeam/urcpp/issues/148#issuecomment-827800928
urcpp,827800929,hmanalai,User,2019-05-31T14:23:24Z,2021-04-27T17:58:24Z,https://api.github.com/repos/BCStudentSoftwareDevTeam/urcpp/issues/148,https://github.com/BCStudentSoftwareDevTeam/urcpp/issues/148#issuecomment-827800929
urcpp,827800934,hmanalai,User,2019-05-31T14:23:33Z,2021-04-27T17:58:24Z,https://api.github.com/repos/BCStudentSoftwareDevTeam/urcpp/issues/148,https://github.com/BCStudentSoftwareDevTeam/urcpp/issues/148#issuecomment-827800934
urcpp,827801247,hmanalai,User,2019-05-31T14:47:02Z,2021-04-27T17:58:53Z,https://api.github.com/repos/BCStudentSoftwareDevTeam/urcpp/issues/157,https://github.com/BCStudentSoftwareDevTeam/urcpp/issues/157#issuecomment-827801247
urcpp,827801250,hmanalai,User,2019-05-31T14:56:08Z,2021-04-27T17:58:53Z,https://api.github.com/repos/BCStudentSoftwareDevTeam/urcpp/issues/157,https://github.com/BCStudentSoftwareDevTeam/urcpp/issues/157#issuecomment-827801250
urcpp,827801255,hmanalai,User,2019-05-31T15:02:35Z,2021-04-27T17:58:53Z,https://api.github.com/repos/BCStudentSoftwareDevTeam/urcpp/issues/157,https://github.com/BCStudentSoftwareDevTeam/urcpp/issues/157#issuecomment-827801255
urcpp,827801216,hmanalai,User,2019-05-31T15:08:24Z,2021-04-27T17:58:50Z,https://api.github.com/repos/BCStudentSoftwareDevTeam/urcpp/issues/156,https://github.com/BCStudentSoftwareDevTeam/urcpp/issues/156#issuecomment-827801216
urcpp,827801219,hmanalai,User,2019-05-31T15:08:53Z,2021-04-27T17:58:50Z,https://api.github.com/repos/BCStudentSoftwareDevTeam/urcpp/issues/156,https://github.com/BCStudentSoftwareDevTeam/urcpp/issues/156#issuecomment-827801219
urcpp,827801327,hmanalai,User,2019-05-31T17:23:26Z,2021-04-27T17:58:59Z,https://api.github.com/repos/BCStudentSoftwareDevTeam/urcpp/issues/159,https://github.com/BCStudentSoftwareDevTeam/urcpp/issues/159#issuecomment-827801327
urcpp,827801057,hmanalai,User,2019-05-31T17:43:30Z,2021-04-27T17:58:36Z,https://api.github.com/repos/BCStudentSoftwareDevTeam/urcpp/issues/151,https://github.com/BCStudentSoftwareDevTeam/urcpp/issues/151#issuecomment-827801057
urcpp,827801433,hmanalai,User,2019-05-31T17:46:35Z,2021-04-27T17:59:09Z,https://api.github.com/repos/BCStudentSoftwareDevTeam/urcpp/issues/162,https://github.com/BCStudentSoftwareDevTeam/urcpp/issues/162#issuecomment-827801433
urcpp,827801435,hmanalai,User,2019-05-31T18:46:09Z,2021-04-27T17:59:09Z,https://api.github.com/repos/BCStudentSoftwareDevTeam/urcpp/issues/162,https://github.com/BCStudentSoftwareDevTeam/urcpp/issues/162#issuecomment-827801435
urcpp,827801438,hmanalai,User,2019-05-31T18:46:16Z,2021-04-27T17:59:09Z,https://api.github.com/repos/BCStudentSoftwareDevTeam/urcpp/issues/162,https://github.com/BCStudentSoftwareDevTeam/urcpp/issues/162#issuecomment-827801438
urcpp,827801329,hmanalai,User,2019-05-31T18:49:13Z,2021-04-27T17:59:00Z,https://api.github.com/repos/BCStudentSoftwareDevTeam/urcpp/issues/159,https://github.com/BCStudentSoftwareDevTeam/urcpp/issues/159#issuecomment-827801329
urcpp,827801279,hmanalai,User,2019-05-31T19:33:58Z,2021-04-27T17:58:56Z,https://api.github.com/repos/BCStudentSoftwareDevTeam/urcpp/issues/158,https://github.com/BCStudentSoftwareDevTeam/urcpp/issues/158#issuecomment-827801279
urcpp,827801359,hmanalai,User,2019-06-03T13:11:37Z,2021-04-27T17:59:02Z,https://api.github.com/repos/BCStudentSoftwareDevTeam/urcpp/issues/160,https://github.com/BCStudentSoftwareDevTeam/urcpp/issues/160#issuecomment-827801359
urcpp,827801442,hmanalai,User,2019-06-03T13:28:10Z,2021-04-27T17:59:09Z,https://api.github.com/repos/BCStudentSoftwareDevTeam/urcpp/issues/162,https://github.com/BCStudentSoftwareDevTeam/urcpp/issues/162#issuecomment-827801442
urcpp,827801058,hmanalai,User,2019-06-03T13:28:54Z,2021-04-27T17:58:36Z,https://api.github.com/repos/BCStudentSoftwareDevTeam/urcpp/issues/151,https://github.com/BCStudentSoftwareDevTeam/urcpp/issues/151#issuecomment-827801058
urcpp,827801189,hmanalai,User,2019-06-03T14:18:50Z,2021-04-27T17:58:48Z,https://api.github.com/repos/BCStudentSoftwareDevTeam/urcpp/issues/155,https://github.com/BCStudentSoftwareDevTeam/urcpp/issues/155#issuecomment-827801189
urcpp,827801195,hmanalai,User,2019-06-03T14:31:45Z,2021-04-27T17:58:48Z,https://api.github.com/repos/BCStudentSoftwareDevTeam/urcpp/issues/155,https://github.com/BCStudentSoftwareDevTeam/urcpp/issues/155#issuecomment-827801195
urcpp,827801556,hmanalai,User,2019-06-03T17:23:36Z,2021-04-27T17:59:19Z,https://api.github.com/repos/BCStudentSoftwareDevTeam/urcpp/issues/166,https://github.com/BCStudentSoftwareDevTeam/urcpp/issues/166#issuecomment-827801556
urcpp,827801464,hmanalai,User,2019-06-03T17:54:27Z,2021-04-27T17:59:11Z,https://api.github.com/repos/BCStudentSoftwareDevTeam/urcpp/issues/163,https://github.com/BCStudentSoftwareDevTeam/urcpp/issues/163#issuecomment-827801464
urcpp,827801220,hmanalai,User,2019-06-03T17:55:04Z,2021-04-27T17:58:50Z,https://api.github.com/repos/BCStudentSoftwareDevTeam/urcpp/issues/156,https://github.com/BCStudentSoftwareDevTeam/urcpp/issues/156#issuecomment-827801220
urcpp,827801560,hmanalai,User,2019-06-04T15:05:38Z,2021-04-27T17:59:19Z,https://api.github.com/repos/BCStudentSoftwareDevTeam/urcpp/issues/166,https://github.com/BCStudentSoftwareDevTeam/urcpp/issues/166#issuecomment-827801560
urcpp,827801607,hmanalai,User,2019-06-04T15:41:51Z,2021-04-27T17:59:24Z,https://api.github.com/repos/BCStudentSoftwareDevTeam/urcpp/issues/168,https://github.com/BCStudentSoftwareDevTeam/urcpp/issues/168#issuecomment-827801607
urcpp,827801610,hmanalai,User,2019-06-04T15:42:12Z,2021-04-27T17:59:25Z,https://api.github.com/repos/BCStudentSoftwareDevTeam/urcpp/issues/168,https://github.com/BCStudentSoftwareDevTeam/urcpp/issues/168#issuecomment-827801610
urcpp,827801618,hmanalai,User,2019-06-04T15:56:09Z,2021-04-27T17:59:25Z,https://api.github.com/repos/BCStudentSoftwareDevTeam/urcpp/issues/168,https://github.com/BCStudentSoftwareDevTeam/urcpp/issues/168#issuecomment-827801618
urcpp,827801585,hmanalai,User,2019-06-04T20:37:31Z,2021-04-27T17:59:22Z,https://api.github.com/repos/BCStudentSoftwareDevTeam/urcpp/issues/167,https://github.com/BCStudentSoftwareDevTeam/urcpp/issues/167#issuecomment-827801585
urcpp,827799526,hmanalai,User,2019-06-05T17:08:13Z,2021-04-27T17:56:10Z,https://api.github.com/repos/BCStudentSoftwareDevTeam/urcpp/issues/103,https://github.com/BCStudentSoftwareDevTeam/urcpp/issues/103#issuecomment-827799526
urcpp,827800976,hmanalai,User,2019-06-05T17:11:00Z,2021-04-27T17:58:27Z,https://api.github.com/repos/BCStudentSoftwareDevTeam/urcpp/issues/149,https://github.com/BCStudentSoftwareDevTeam/urcpp/issues/149#issuecomment-827800976
urcpp,827801286,hmanalai,User,2019-06-05T17:14:52Z,2021-04-27T17:58:56Z,https://api.github.com/repos/BCStudentSoftwareDevTeam/urcpp/issues/158,https://github.com/BCStudentSoftwareDevTeam/urcpp/issues/158#issuecomment-827801286
urcpp,827801495,hmanalai,User,2019-06-05T17:15:27Z,2021-04-27T17:59:14Z,https://api.github.com/repos/BCStudentSoftwareDevTeam/urcpp/issues/164,https://github.com/BCStudentSoftwareDevTeam/urcpp/issues/164#issuecomment-827801495
urcpp,827801527,hmanalai,User,2019-06-05T17:16:01Z,2021-04-27T17:59:17Z,https://api.github.com/repos/BCStudentSoftwareDevTeam/urcpp/issues/165,https://github.com/BCStudentSoftwareDevTeam/urcpp/issues/165#issuecomment-827801527
urcpp,827801639,hmanalai,User,2019-06-05T17:16:33Z,2021-04-27T17:59:27Z,https://api.github.com/repos/BCStudentSoftwareDevTeam/urcpp/issues/169,https://github.com/BCStudentSoftwareDevTeam/urcpp/issues/169#issuecomment-827801639
urcpp,827801361,hmanalai,User,2019-06-05T17:17:09Z,2021-04-27T17:59:02Z,https://api.github.com/repos/BCStudentSoftwareDevTeam/urcpp/issues/160,https://github.com/BCStudentSoftwareDevTeam/urcpp/issues/160#issuecomment-827801361
urcpp,827801674,hmanalai,User,2019-06-05T17:31:57Z,2021-04-27T17:59:31Z,https://api.github.com/repos/BCStudentSoftwareDevTeam/urcpp/issues/170,https://github.com/BCStudentSoftwareDevTeam/urcpp/issues/170#issuecomment-827801674
urcpp,827801397,hmanalai,User,2019-06-05T17:32:06Z,2021-04-27T17:59:06Z,https://api.github.com/repos/BCStudentSoftwareDevTeam/urcpp/issues/161,https://github.com/BCStudentSoftwareDevTeam/urcpp/issues/161#issuecomment-827801397
urcpp,827801676,hmanalai,User,2019-06-05T19:14:43Z,2021-04-27T17:59:31Z,https://api.github.com/repos/BCStudentSoftwareDevTeam/urcpp/issues/170,https://github.com/BCStudentSoftwareDevTeam/urcpp/issues/170#issuecomment-827801676
urcpp,827798730,hmanalai,User,2019-06-06T15:41:31Z,2021-04-27T17:54:56Z,https://api.github.com/repos/BCStudentSoftwareDevTeam/urcpp/issues/79,https://github.com/BCStudentSoftwareDevTeam/urcpp/issues/79#issuecomment-827798730
urcpp,827801679,hmanalai,User,2019-06-06T18:16:22Z,2021-04-27T17:59:31Z,https://api.github.com/repos/BCStudentSoftwareDevTeam/urcpp/issues/170,https://github.com/BCStudentSoftwareDevTeam/urcpp/issues/170#issuecomment-827801679
urcpp,827801723,hmanalai,User,2019-06-06T19:50:56Z,2021-04-27T17:59:35Z,https://api.github.com/repos/BCStudentSoftwareDevTeam/urcpp/issues/171,https://github.com/BCStudentSoftwareDevTeam/urcpp/issues/171#issuecomment-827801723
urcpp,827801726,hmanalai,User,2019-06-06T19:51:01Z,2021-04-27T17:59:35Z,https://api.github.com/repos/BCStudentSoftwareDevTeam/urcpp/issues/171,https://github.com/BCStudentSoftwareDevTeam/urcpp/issues/171#issuecomment-827801726
urcpp,827799570,hmanalai,User,2019-06-10T13:07:23Z,2021-04-27T17:56:13Z,https://api.github.com/repos/BCStudentSoftwareDevTeam/urcpp/issues/104,https://github.com/BCStudentSoftwareDevTeam/urcpp/issues/104#issuecomment-827799570
urcpp,827801333,hmanalai,User,2019-06-10T13:15:10Z,2021-04-27T17:59:00Z,https://api.github.com/repos/BCStudentSoftwareDevTeam/urcpp/issues/159,https://github.com/BCStudentSoftwareDevTeam/urcpp/issues/159#issuecomment-827801333
urcpp,827801755,hmanalai,User,2019-06-10T14:19:03Z,2021-04-27T17:59:37Z,https://api.github.com/repos/BCStudentSoftwareDevTeam/urcpp/issues/172,https://github.com/BCStudentSoftwareDevTeam/urcpp/issues/172#issuecomment-827801755
urcpp,827801761,hmanalai,User,2019-06-10T15:27:38Z,2021-04-27T17:59:38Z,https://api.github.com/repos/BCStudentSoftwareDevTeam/urcpp/issues/172,https://github.com/BCStudentSoftwareDevTeam/urcpp/issues/172#issuecomment-827801761
urcpp,827801791,hmanalai,User,2019-06-11T17:28:41Z,2021-04-27T17:59:41Z,https://api.github.com/repos/BCStudentSoftwareDevTeam/urcpp/issues/173,https://github.com/BCStudentSoftwareDevTeam/urcpp/issues/173#issuecomment-827801791
urcpp,827801794,hmanalai,User,2019-06-12T14:45:36Z,2021-04-27T17:59:41Z,https://api.github.com/repos/BCStudentSoftwareDevTeam/urcpp/issues/173,https://github.com/BCStudentSoftwareDevTeam/urcpp/issues/173#issuecomment-827801794
urcpp,827801799,hmanalai,User,2019-07-01T13:40:08Z,2021-04-27T17:59:41Z,https://api.github.com/repos/BCStudentSoftwareDevTeam/urcpp/issues/173,https://github.com/BCStudentSoftwareDevTeam/urcpp/issues/173#issuecomment-827801799
urcpp,827801683,hmanalai,User,2019-07-01T13:40:35Z,2021-04-27T17:59:31Z,https://api.github.com/repos/BCStudentSoftwareDevTeam/urcpp/issues/170,https://github.com/BCStudentSoftwareDevTeam/urcpp/issues/170#issuecomment-827801683
urcpp,827801588,hmanalai,User,2019-07-01T13:40:46Z,2021-04-27T17:59:22Z,https://api.github.com/repos/BCStudentSoftwareDevTeam/urcpp/issues/167,https://github.com/BCStudentSoftwareDevTeam/urcpp/issues/167#issuecomment-827801588
urcpp,827800887,hmanalai,User,2019-07-01T13:40:54Z,2021-04-27T17:58:21Z,https://api.github.com/repos/BCStudentSoftwareDevTeam/urcpp/issues/147,https://github.com/BCStudentSoftwareDevTeam/urcpp/issues/147#issuecomment-827800887
urcpp,827800508,hmanalai,User,2019-07-01T13:41:06Z,2021-04-27T17:57:43Z,https://api.github.com/repos/BCStudentSoftwareDevTeam/urcpp/issues/134,https://github.com/BCStudentSoftwareDevTeam/urcpp/issues/134#issuecomment-827800508
urcpp,827799572,hmanalai,User,2019-07-01T13:41:16Z,2021-04-27T17:56:13Z,https://api.github.com/repos/BCStudentSoftwareDevTeam/urcpp/issues/104,https://github.com/BCStudentSoftwareDevTeam/urcpp/issues/104#issuecomment-827799572
urcpp,827799286,hmanalai,User,2019-07-01T13:41:29Z,2021-04-27T17:55:47Z,https://api.github.com/repos/BCStudentSoftwareDevTeam/urcpp/issues/95,https://github.com/BCStudentSoftwareDevTeam/urcpp/issues/95#issuecomment-827799286
urcpp,827798731,hmanalai,User,2019-07-01T13:41:39Z,2021-04-27T17:54:56Z,https://api.github.com/repos/BCStudentSoftwareDevTeam/urcpp/issues/79,https://github.com/BCStudentSoftwareDevTeam/urcpp/issues/79#issuecomment-827798731
urcpp,827801817,hmanalai,User,2019-07-01T13:42:08Z,2021-04-27T17:59:43Z,https://api.github.com/repos/BCStudentSoftwareDevTeam/urcpp/issues/174,https://github.com/BCStudentSoftwareDevTeam/urcpp/issues/174#issuecomment-827801817
urcpp,827801762,hmanalai,User,2019-07-01T19:23:24Z,2021-04-27T17:59:38Z,https://api.github.com/repos/BCStudentSoftwareDevTeam/urcpp/issues/172,https://github.com/BCStudentSoftwareDevTeam/urcpp/issues/172#issuecomment-827801762
urcpp,827801764,hmanalai,User,2019-07-08T12:32:16Z,2021-04-27T17:59:38Z,https://api.github.com/repos/BCStudentSoftwareDevTeam/urcpp/issues/172,https://github.com/BCStudentSoftwareDevTeam/urcpp/issues/172#issuecomment-827801764
urcpp,827801766,hmanalai,User,2020-02-20T17:19:31Z,2021-04-27T17:59:38Z,https://api.github.com/repos/BCStudentSoftwareDevTeam/urcpp/issues/172,https://github.com/BCStudentSoftwareDevTeam/urcpp/issues/172#issuecomment-827801766
urcpp,1016746696,bryantal,User,2022-01-19T18:25:21Z,2022-01-19T18:25:21Z,https://api.github.com/repos/BCStudentSoftwareDevTeam/urcpp/issues/176,https://github.com/BCStudentSoftwareDevTeam/urcpp/issues/176#issuecomment-1016746696
urcpp,1370234218,sheggen,User,2023-01-03T21:18:07Z,2023-01-03T21:18:07Z,https://api.github.com/repos/BCStudentSoftwareDevTeam/urcpp/issues/179,https://github.com/BCStudentSoftwareDevTeam/urcpp/issues/179#issuecomment-1370234218
urcpp,1370239028,sheggen,User,2023-01-03T21:24:25Z,2023-01-03T21:24:25Z,https://api.github.com/repos/BCStudentSoftwareDevTeam/urcpp/issues/176,https://github.com/BCStudentSoftwareDevTeam/urcpp/issues/176#issuecomment-1370239028
urcpp,1894365073,sheggen,User,2024-01-16T19:18:48Z,2024-01-16T19:18:48Z,https://api.github.com/repos/BCStudentSoftwareDevTeam/urcpp/issues/176,https://github.com/BCStudentSoftwareDevTeam/urcpp/issues/176#issuecomment-1894365073
urcpp,1894381473,AndersonStettner,User,2024-01-16T19:30:16Z,2024-01-16T19:30:16Z,https://api.github.com/repos/BCStudentSoftwareDevTeam/urcpp/issues/183,https://github.com/BCStudentSoftwareDevTeam/urcpp/pull/183#issuecomment-1894381473
urcpp,1894382948,AndersonStettner,User,2024-01-16T19:31:16Z,2024-01-16T19:31:16Z,https://api.github.com/repos/BCStudentSoftwareDevTeam/urcpp/issues/176,https://github.com/BCStudentSoftwareDevTeam/urcpp/issues/176#issuecomment-1894382948
urcpp,1894383317,AndersonStettner,User,2024-01-16T19:31:32Z,2024-01-16T19:31:32Z,https://api.github.com/repos/BCStudentSoftwareDevTeam/urcpp/issues/179,https://github.com/BCStudentSoftwareDevTeam/urcpp/issues/179#issuecomment-1894383317
urcpp,1895878536,AndersonStettner,User,2024-01-17T14:04:01Z,2024-01-17T14:04:01Z,https://api.github.com/repos/BCStudentSoftwareDevTeam/urcpp/issues/187,https://github.com/BCStudentSoftwareDevTeam/urcpp/issues/187#issuecomment-1895878536
urcpp,2596484209,sheggen,User,2025-01-16T18:49:05Z,2025-01-16T18:49:05Z,https://api.github.com/repos/BCStudentSoftwareDevTeam/urcpp/issues/186,https://github.com/BCStudentSoftwareDevTeam/urcpp/issues/186#issuecomment-2596484209
urcpp,2598432919,sheggen,User,2025-01-17T14:01:52Z,2025-01-17T14:01:52Z,https://api.github.com/repos/BCStudentSoftwareDevTeam/urcpp/issues/185,https://github.com/BCStudentSoftwareDevTeam/urcpp/issues/185#issuecomment-2598432919
urcpp,2598452478,sheggen,User,2025-01-17T14:10:11Z,2025-01-17T14:10:11Z,https://api.github.com/repos/BCStudentSoftwareDevTeam/urcpp/issues/23,https://github.com/BCStudentSoftwareDevTeam/urcpp/issues/23#issuecomment-2598452478
urcpp,2634538771,hoerstl,User,2025-02-04T16:53:07Z,2025-02-04T16:53:49Z,https://api.github.com/repos/BCStudentSoftwareDevTeam/urcpp/issues/192,https://github.com/BCStudentSoftwareDevTeam/urcpp/pull/192#issuecomment-2634538771
urcpp,2640176508,hoerstl,User,2025-02-06T15:40:08Z,2025-02-06T16:25:59Z,https://api.github.com/repos/BCStudentSoftwareDevTeam/urcpp/issues/192,https://github.com/BCStudentSoftwareDevTeam/urcpp/pull/192#issuecomment-2640176508
urcpp,2640384216,hoerstl,User,2025-02-06T16:42:41Z,2025-02-06T16:42:41Z,https://api.github.com/repos/BCStudentSoftwareDevTeam/urcpp/issues/192,https://github.com/BCStudentSoftwareDevTeam/urcpp/pull/192#issuecomment-2640384216
urcpp,2657704636,ojmakinde,User,2025-02-13T21:02:55Z,2025-02-13T21:02:55Z,https://api.github.com/repos/BCStudentSoftwareDevTeam/urcpp/issues/191,https://github.com/BCStudentSoftwareDevTeam/urcpp/issues/191#issuecomment-2657704636
urcpp,2675286159,sheggen,User,2025-02-21T18:40:23Z,2025-02-21T18:40:23Z,https://api.github.com/repos/BCStudentSoftwareDevTeam/urcpp/issues/194,https://github.com/BCStudentSoftwareDevTeam/urcpp/pull/194#issuecomment-2675286159
urcpp,2767287725,bledsoef,User,2025-03-31T20:10:32Z,2025-03-31T20:10:32Z,https://api.github.com/repos/BCStudentSoftwareDevTeam/urcpp/issues/193,https://github.com/BCStudentSoftwareDevTeam/urcpp/issues/193#issuecomment-2767287725
urcpp,3618109468,sheggen,User,2025-12-05T18:45:51Z,2025-12-05T18:45:51Z,https://api.github.com/repos/BCStudentSoftwareDevTeam/urcpp/issues/180,https://github.com/BCStudentSoftwareDevTeam/urcpp/issues/180#issuecomment-3618109468
