repo,sha,author,author_type,committer,date,message,html_url
bcsr,7500a2e18a729162d1d2fb56d11311a494ba6535,bakobagassas,User,bakobagassas,2026-04-13T18:02:04Z,removed extra flash message,https://github.com/BCStudentSoftwareDevTeam/bcsr/commit/7500a2e18a729162d1d2fb56d11311a494ba6535
bcsr,b1bd08642260f3a93e9bd6a2e967cfd367bb8b0d,bakobagassas,User,bakobagassas,2026-04-13T16:08:01Z,Make setup.sh executable,https://github.com/BCStudentSoftwareDevTeam/bcsr/commit/b1bd08642260f3a93e9bd6a2e967cfd367bb8b0d
bcsr,19272e52949323f38bb506c97cb03ca03b455b24,bakobagassas,User,bakobagassas,2026-04-09T18:44:32Z,cleaning up,https://github.com/BCStudentSoftwareDevTeam/bcsr/commit/19272e52949323f38bb506c97cb03ca03b455b24
bcsr,9e56894ad572f01ae5aaf675b929639448d5608f,bakobagassas,User,bakobagassas,2026-04-09T18:30:08Z,Added another message for when both fields are empty,https://github.com/BCStudentSoftwareDevTeam/bcsr/commit/9e56894ad572f01ae5aaf675b929639448d5608f
bcsr,5ef286c80dc00be9775161bc4fee2be73751cd72,bakobagassas,User,bakobagassas,2026-04-07T21:09:16Z,reverting,https://github.com/BCStudentSoftwareDevTeam/bcsr/commit/5ef286c80dc00be9775161bc4fee2be73751cd72
bcsr,a4e3c038e1777d10db21f907a29173f4f2490b11,bakobagassas,User,bakobagassas,2026-04-07T21:03:13Z,Matched the tab to the existing tabs,https://github.com/BCStudentSoftwareDevTeam/bcsr/commit/a4e3c038e1777d10db21f907a29173f4f2490b11
bcsr,9246f11963a4c8a40b0383c1b1a86b9748ea30bc,bakobagassas,User,bakobagassas,2026-04-07T21:02:47Z,query and flash message,https://github.com/BCStudentSoftwareDevTeam/bcsr/commit/9246f11963a4c8a40b0383c1b1a86b9748ea30bc
bcsr,ca75ee8935c2b3dcd0dc4adbadda0231ccd03379,bakobagassas,User,bakobagassas,2026-03-05T16:56:47Z,config,https://github.com/BCStudentSoftwareDevTeam/bcsr/commit/ca75ee8935c2b3dcd0dc4adbadda0231ccd03379
bcsr,30a112c8f3bab7fb1e30d37893218a87049fee1f,bakobagassas,User,bakobagassas,2026-03-05T16:28:15Z,added to the sidebar,https://github.com/BCStudentSoftwareDevTeam/bcsr/commit/30a112c8f3bab7fb1e30d37893218a87049fee1f
bcsr,fd25bd80a712ca014af5d1fc784d8f3120b1ea53,bakobagassas,User,bakobagassas,2026-03-05T16:27:47Z,routes,https://github.com/BCStudentSoftwareDevTeam/bcsr/commit/fd25bd80a712ca014af5d1fc784d8f3120b1ea53
bcsr,ff3bbacaf369b0b6c372b917a56e281724029432,bakobagassas,User,bakobagassas,2026-03-05T16:25:46Z,new html file for search,https://github.com/BCStudentSoftwareDevTeam/bcsr/commit/ff3bbacaf369b0b6c372b917a56e281724029432
bcsr,21b7d447df639b7bf8ca18d5d0043b4abd48b0b2,bakobagassas,User,bakobagassas,2026-03-05T15:43:12Z,setting up,https://github.com/BCStudentSoftwareDevTeam/bcsr/commit/21b7d447df639b7bf8ca18d5d0043b4abd48b0b2
bcsr,afa028269855c7d40c2852b5b2820cf755bb0cc8,GuillermoCruz32,User,BrianRamsay,2021-05-19T13:32:41Z,"Merged in issue68 (pull request #10)

Fixed Issue 68: Refactoring Courses Page

Approved-by: Evan Johnson
Approved-by: Brian Ramsay
Approved-by: Alex Bryant",https://github.com/BCStudentSoftwareDevTeam/bcsr/commit/afa028269855c7d40c2852b5b2820cf755bb0cc8
bcsr,411e0eabd069df22345e90924ae477b1b698f8b4,bryantal,User,bryantal,2021-03-01T22:25:27Z,Fixing merge conflicts,https://github.com/BCStudentSoftwareDevTeam/bcsr/commit/411e0eabd069df22345e90924ae477b1b698f8b4
bcsr,5a4d7f23ea28e67a4c283dc37a5778eb782b3594,Jamaliela,User,sheggen,2020-06-23T18:25:19Z,"Merged in 60fixed (pull request #14)

User Management Interface

Approved-by: Scott Heggen
Approved-by: Evan Johnson",https://github.com/BCStudentSoftwareDevTeam/bcsr/commit/5a4d7f23ea28e67a4c283dc37a5778eb782b3594
bcsr,e29d3436d848a9d4632d90fca1104e4feb7ea5ef,sheggen,User,sheggen,2020-06-23T18:24:53Z,Removing old files.,https://github.com/BCStudentSoftwareDevTeam/bcsr/commit/e29d3436d848a9d4632d90fca1104e4feb7ea5ef
bcsr,87330c5832cf3a120051352639f463af5b44339c,sheggen,User,sheggen,2020-06-23T18:22:52Z,Modifying UI and functionality; fixing bug attempting to delete users,https://github.com/BCStudentSoftwareDevTeam/bcsr/commit/87330c5832cf3a120051352639f463af5b44339c
bcsr,b79797e4e3adf0785c29a8808bbd6de2bfa45da1,sheggen,User,sheggen,2020-06-23T16:29:09Z,Merge branch 'development' into 60fixed,https://github.com/BCStudentSoftwareDevTeam/bcsr/commit/b79797e4e3adf0785c29a8808bbd6de2bfa45da1
bcsr,a538ac094895b40feba673b5016f4bf54094abad,GuillermoCruz32,User,sheggen,2020-06-22T20:41:22Z,"Merged in issue29 (pull request #5)

Fixed Issue29: Removing flask Admin

Approved-by: Scott Heggen
Approved-by: Evan Johnson",https://github.com/BCStudentSoftwareDevTeam/bcsr/commit/a538ac094895b40feba673b5016f4bf54094abad
bcsr,855510f7ab9a7e03296cc36c655d5af2b508170e,sheggen,User,sheggen,2020-06-22T20:39:23Z,Merge remote-tracking branch 'origin/development' into issue29,https://github.com/BCStudentSoftwareDevTeam/bcsr/commit/855510f7ab9a7e03296cc36c655d5af2b508170e
bcsr,d22d3e3390de44273c2e6991a3faab9f415ca61a,GuillermoCruz32,User,sheggen,2020-06-22T20:36:36Z,"Merged in issue57 (pull request #3)

Issue 57: Added a submit button

Approved-by: Scott Heggen
Approved-by: Evan Johnson",https://github.com/BCStudentSoftwareDevTeam/bcsr/commit/d22d3e3390de44273c2e6991a3faab9f415ca61a
bcsr,5b47ebb0f5bb96ccdbdcf67bb52029ad3b4ec605,sheggen,User,sheggen,2020-06-22T20:36:03Z,"Fixes related to Py3 upgrade, merge conflicts.",https://github.com/BCStudentSoftwareDevTeam/bcsr/commit/5b47ebb0f5bb96ccdbdcf67bb52029ad3b4ec605
bcsr,966df615ee1d23a79131253a916e2c202aa04beb,sheggen,User,sheggen,2020-06-22T20:05:21Z,Fixing merge conflicts with development,https://github.com/BCStudentSoftwareDevTeam/bcsr/commit/966df615ee1d23a79131253a916e2c202aa04beb
bcsr,9f02e3133583c3eb3f4a7884dd8039f39dd396d2,Jamaliela,User,sheggen,2020-06-22T20:00:41Z,"Merged in 61migration (pull request #6)

mySQL Migration",https://github.com/BCStudentSoftwareDevTeam/bcsr/commit/9f02e3133583c3eb3f4a7884dd8039f39dd396d2
bcsr,66ef70b59fd7335ad505e8355c663373a3d27bd6,sheggen,User,sheggen,2020-06-22T16:31:51Z,Fixing Migrator to work with Py3,https://github.com/BCStudentSoftwareDevTeam/bcsr/commit/66ef70b59fd7335ad505e8355c663373a3d27bd6
bcsr,da571005b5b3f196f8cbf64e4513bad61100ff3f,sheggen,User,sheggen,2020-06-22T15:20:07Z,Editing messaging in setup.sh,https://github.com/BCStudentSoftwareDevTeam/bcsr/commit/da571005b5b3f196f8cbf64e4513bad61100ff3f
bcsr,222e86b47051276da76635cd86084ab0c381e771,sheggen,User,sheggen,2020-06-22T15:10:43Z,Editing path to secret config,https://github.com/BCStudentSoftwareDevTeam/bcsr/commit/222e86b47051276da76635cd86084ab0c381e771
bcsr,4ce1ca2e99a9e59f811725ef13dc2006dd57732f,sheggen,User,sheggen,2020-06-22T15:05:18Z,Cleaning up migrator to be more informative,https://github.com/BCStudentSoftwareDevTeam/bcsr/commit/4ce1ca2e99a9e59f811725ef13dc2006dd57732f
bcsr,750b74f284d3fc521559fb7df4f01684a415ef3a,sheggen,User,sheggen,2020-06-22T15:02:08Z,Updating BCSR for Py3,https://github.com/BCStudentSoftwareDevTeam/bcsr/commit/750b74f284d3fc521559fb7df4f01684a415ef3a
bcsr,5bbadaf47c70bef19bd2b731eedf213b020e8b87,sheggen,User,sheggen,2020-06-19T19:02:33Z,More merge conflicts in setup.sh,https://github.com/BCStudentSoftwareDevTeam/bcsr/commit/5bbadaf47c70bef19bd2b731eedf213b020e8b87
bcsr,9bb70312123b1da542365a2945a617c7b7284fe9,sheggen,User,sheggen,2020-06-19T18:57:35Z,Fixing merge conflicts with development,https://github.com/BCStudentSoftwareDevTeam/bcsr/commit/9bb70312123b1da542365a2945a617c7b7284fe9
bcsr,27d479a1b1e28d9920a40cf1fd0b969e7a32047a,sheggen,User,sheggen,2020-06-19T18:05:51Z,Upgraded to Python 3,https://github.com/BCStudentSoftwareDevTeam/bcsr/commit/27d479a1b1e28d9920a40cf1fd0b969e7a32047a
bcsr,6aa6a2564fff12db9bc753d179abb3ec284b80e4,santoshernandezr,User,santoshernandezr,2019-07-09T21:18:32Z,working on css,https://github.com/BCStudentSoftwareDevTeam/bcsr/commit/6aa6a2564fff12db9bc753d179abb3ec284b80e4
bcsr,e6dd482456ac06fe5f45c497187464dbd7a293f8,elajamali,User,elajamali,2019-07-08T21:53:10Z,last updates,https://github.com/BCStudentSoftwareDevTeam/bcsr/commit/e6dd482456ac06fe5f45c497187464dbd7a293f8
bcsr,ab2266715457c7fa33e429c69824289b9350cfd5,elajamali,User,elajamali,2019-07-03T21:55:18Z,cleaning up,https://github.com/BCStudentSoftwareDevTeam/bcsr/commit/ab2266715457c7fa33e429c69824289b9350cfd5
bcsr,91646d477fec6fe1108f0bb6a0d25900260350c9,elajamali,User,elajamali,2019-07-03T21:28:00Z,fixing merge conflicts,https://github.com/BCStudentSoftwareDevTeam/bcsr/commit/91646d477fec6fe1108f0bb6a0d25900260350c9
bcsr,d69cbead5abca9daf705bcb0422dc0e35c9416e1,elajamali,User,elajamali,2019-07-03T21:18:31Z,finishede,https://github.com/BCStudentSoftwareDevTeam/bcsr/commit/d69cbead5abca9daf705bcb0422dc0e35c9416e1
bcsr,ec14d7bb209e6e08197a0ce4b9b680ecf7631b58,elajamali,User,elajamali,2019-07-03T16:02:30Z,cleaning some comments,https://github.com/BCStudentSoftwareDevTeam/bcsr/commit/ec14d7bb209e6e08197a0ce4b9b680ecf7631b58
bcsr,81dc6777f40b235f3c8af7ee8e40f2e93d61062f,elajamali,User,elajamali,2019-07-03T15:43:43Z,remove button works for all the sections,https://github.com/BCStudentSoftwareDevTeam/bcsr/commit/81dc6777f40b235f3c8af7ee8e40f2e93d61062f
bcsr,0df74c5b294393e5a3068b97e23feaface48188a,elajamali,User,elajamali,2019-07-02T22:01:53Z,progress on removing users.,https://github.com/BCStudentSoftwareDevTeam/bcsr/commit/0df74c5b294393e5a3068b97e23feaface48188a
bcsr,56852c9ee311e43671e60dba0f4c24fad2369115,santoshernandezr,User,santoshernandezr,2019-07-02T20:10:19Z,now we can add everything.,https://github.com/BCStudentSoftwareDevTeam/bcsr/commit/56852c9ee311e43671e60dba0f4c24fad2369115
bcsr,5cdf32b4c8930534256537126831c35230bced2f,HaileyB0311,User,johnsonwe,2019-07-01T20:50:06Z,"Merged in 38 (pull request #9)

Issue #38

Approved-by: Evan Johnson <johnsone@berea.edu>",https://github.com/BCStudentSoftwareDevTeam/bcsr/commit/5cdf32b4c8930534256537126831c35230bced2f
bcsr,fbba103d7222a6261ac87bdfef8cf556cd4bf44c,johnsonwe,User,johnsonwe,2019-07-01T20:46:39Z,Fixed formatting issue caused by implementation of data tables,https://github.com/BCStudentSoftwareDevTeam/bcsr/commit/fbba103d7222a6261ac87bdfef8cf556cd4bf44c
bcsr,24d3d2eb0de8557b8a3fc16af2b055aac626c7d6,johnsonwe,User,johnsonwe,2019-07-01T20:14:46Z,Fixed merge conflict,https://github.com/BCStudentSoftwareDevTeam/bcsr/commit/24d3d2eb0de8557b8a3fc16af2b055aac626c7d6
bcsr,7be5552afd3a8983433fb6f0418988b4684f1d96,elajamali,User,elajamali,2019-07-01T13:22:08Z,chair division add works now.,https://github.com/BCStudentSoftwareDevTeam/bcsr/commit/7be5552afd3a8983433fb6f0418988b4684f1d96
bcsr,e421237b3a6f33c2743d8aca298b262bb2ff4bd6,elajamali,User,elajamali,2019-06-28T21:12:48Z,adding works,https://github.com/BCStudentSoftwareDevTeam/bcsr/commit/e421237b3a6f33c2743d8aca298b262bb2ff4bd6
bcsr,19f884911d33c21d7a20d21f83d83c2ddaa0df39,Alex Bryant,,Alex Bryant,2019-06-28T18:14:01Z,hopefully fixed the conflicts,https://github.com/BCStudentSoftwareDevTeam/bcsr/commit/19f884911d33c21d7a20d21f83d83c2ddaa0df39
bcsr,5b414743630625c2a85b1c71b7d1f3db1feae6c1,Alex Bryant,,Alex Bryant,2019-06-28T17:37:08Z,fixed the conflict in allimports.py,https://github.com/BCStudentSoftwareDevTeam/bcsr/commit/5b414743630625c2a85b1c71b7d1f3db1feae6c1
bcsr,6f8d8389aecac0c3e132806b0388c2c17afc212c,elajamali,User,elajamali,2019-06-28T14:30:17Z,fixing the what got modified by others modifying config.yamlgit add app/config.yamlgit add app/config.yamlgit add app/config.yaml,https://github.com/BCStudentSoftwareDevTeam/bcsr/commit/6f8d8389aecac0c3e132806b0388c2c17afc212c
bcsr,161821c73b456e7a0563b42a0bc183cf799c79bc,elajamali,User,elajamali,2019-06-28T14:20:34Z,modifying indentations,https://github.com/BCStudentSoftwareDevTeam/bcsr/commit/161821c73b456e7a0563b42a0bc183cf799c79bc
bcsr,ff2b8b5bbb822fb4e39ebc80e8ed94b0548f735f,elajamali,User,elajamali,2019-06-28T14:14:15Z,fixing merge conflicts,https://github.com/BCStudentSoftwareDevTeam/bcsr/commit/ff2b8b5bbb822fb4e39ebc80e8ed94b0548f735f
bcsr,2da2b27ab4c138ae3ee359b600b5d55ee8a714c3,elajamali,User,elajamali,2019-06-28T13:57:04Z,RETRIEVING DATA WORKS,https://github.com/BCStudentSoftwareDevTeam/bcsr/commit/2da2b27ab4c138ae3ee359b600b5d55ee8a714c3
bcsr,3ea542736b0b51380d2c28adbc6f9b7a9ad411e2,elajamali,User,elajamali,2019-06-28T12:51:56Z,positioning the selectpickers on the page,https://github.com/BCStudentSoftwareDevTeam/bcsr/commit/3ea542736b0b51380d2c28adbc6f9b7a9ad411e2
bcsr,e7568af29b53560eca23936e35e6d3d832fab97d,elajamali,User,elajamali,2019-06-28T12:34:22Z,to get rid of merge conflict headers,https://github.com/BCStudentSoftwareDevTeam/bcsr/commit/e7568af29b53560eca23936e35e6d3d832fab97d
bcsr,702cfb5d1e998ef93a51ca1fea8243239639f95a,elajamali,User,elajamali,2019-06-27T20:51:50Z,"Javascript for not reloading the whole page works, just need to make sure the user names we are getting for each program and division is correct.",https://github.com/BCStudentSoftwareDevTeam/bcsr/commit/702cfb5d1e998ef93a51ca1fea8243239639f95a
bcsr,51269199341997cfe2eda5cf3fff5672f8a611a2,May Jue,,johnsonwe,2019-06-27T20:50:25Z,"Merged in issue62 (pull request #4)

Changed footer to match Advancementoffice

Approved-by: Evan Johnson <johnsone@berea.edu>",https://github.com/BCStudentSoftwareDevTeam/bcsr/commit/51269199341997cfe2eda5cf3fff5672f8a611a2
bcsr,5954cbdfe1187d89fe1543ced636e3c7f702937d,johnsonwe,User,johnsonwe,2019-06-27T20:45:31Z,css changes,https://github.com/BCStudentSoftwareDevTeam/bcsr/commit/5954cbdfe1187d89fe1543ced636e3c7f702937d
bcsr,d6015cd6183619ac4b96c8a8818329b0451008ad,May,,May,2019-06-27T20:11:10Z,make footer stay on the bottom of the page,https://github.com/BCStudentSoftwareDevTeam/bcsr/commit/d6015cd6183619ac4b96c8a8818329b0451008ad
bcsr,4520c753e17609fd60c9adfca7209234f821e133,elajamali,User,elajamali,2019-06-26T21:06:39Z,updates,https://github.com/BCStudentSoftwareDevTeam/bcsr/commit/4520c753e17609fd60c9adfca7209234f821e133
bcsr,5d8b53b3cdcc2651c38f311dee40020c6b72ce36,johnsonwe,User,johnsonwe,2019-06-26T19:10:15Z,changed background color of footer,https://github.com/BCStudentSoftwareDevTeam/bcsr/commit/5d8b53b3cdcc2651c38f311dee40020c6b72ce36
bcsr,25321f744b31b7d697403244d61decfec724a221,johnsonwe,User,johnsonwe,2019-06-26T19:06:40Z,fixed merge conflict,https://github.com/BCStudentSoftwareDevTeam/bcsr/commit/25321f744b31b7d697403244d61decfec724a221
bcsr,5345782bf38b82ffd91ed8b9ca4f1a57a9f0a4bb,johnsonwe,User,johnsonwe,2019-06-26T19:02:17Z,Fixed typo in footer and pasted it to the bottom of the page.,https://github.com/BCStudentSoftwareDevTeam/bcsr/commit/5345782bf38b82ffd91ed8b9ca4f1a57a9f0a4bb
bcsr,bd69f6988e08f2985b62d9cc32c958fa24961f9c,elajamali,User,elajamali,2019-06-25T21:00:20Z,missing commit,https://github.com/BCStudentSoftwareDevTeam/bcsr/commit/bd69f6988e08f2985b62d9cc32c958fa24961f9c
bcsr,dc356e353b586091a54b722e033b2f1128275cc4,elajamali,User,elajamali,2019-06-25T20:59:37Z,almost fixed chair divisions,https://github.com/BCStudentSoftwareDevTeam/bcsr/commit/dc356e353b586091a54b722e033b2f1128275cc4
bcsr,2fe18f83fc9a6f12d28d61dc1f85d433bd7ee7f0,elajamali,User,elajamali,2019-06-25T13:21:42Z,changes,https://github.com/BCStudentSoftwareDevTeam/bcsr/commit/2fe18f83fc9a6f12d28d61dc1f85d433bd7ee7f0
bcsr,1fe6abed659228408971318a988dd84273a8fd57,elajamali,User,elajamali,2019-06-24T20:33:07Z,updating changes,https://github.com/BCStudentSoftwareDevTeam/bcsr/commit/1fe6abed659228408971318a988dd84273a8fd57
bcsr,92cfbdc9b1469569f04a04ed06a44801919d8e98,elajamali,User,elajamali,2019-06-24T20:05:29Z,commiting changes and changing administrator works,https://github.com/BCStudentSoftwareDevTeam/bcsr/commit/92cfbdc9b1469569f04a04ed06a44801919d8e98
bcsr,835e82fa34242e81be88c9f83fd5152d70d6acf5,elajamali,User,elajamali,2019-06-24T20:02:53Z,commiting changes,https://github.com/BCStudentSoftwareDevTeam/bcsr/commit/835e82fa34242e81be88c9f83fd5152d70d6acf5
bcsr,8055d369db7cc34925fe64e7493f10c206302998,elajamali,User,elajamali,2019-06-24T15:33:22Z,sidebar added,https://github.com/BCStudentSoftwareDevTeam/bcsr/commit/8055d369db7cc34925fe64e7493f10c206302998
bcsr,903da67d800ca3b6b8f5a61ca0e98b2bd38972d7,elajamali,User,elajamali,2019-06-24T14:13:28Z,Merge branch 'development' of https://bitbucket.org/laborstudents/bcsr-flask into 60fixed,https://github.com/BCStudentSoftwareDevTeam/bcsr/commit/903da67d800ca3b6b8f5a61ca0e98b2bd38972d7
bcsr,a473e69f10e7e26f8826c58be1bb0b07e85c2240,elajamali,User,elajamali,2019-06-21T21:15:17Z, updating changes,https://github.com/BCStudentSoftwareDevTeam/bcsr/commit/a473e69f10e7e26f8826c58be1bb0b07e85c2240
bcsr,9b00d16044f1eec2a2635eadd1bb9c6b194ac333,May,,May,2019-06-21T20:04:51Z,fixed merge conflict,https://github.com/BCStudentSoftwareDevTeam/bcsr/commit/9b00d16044f1eec2a2635eadd1bb9c6b194ac333
bcsr,73bd83b14454d0cbc776c715861ac7fe0d703594,May,,May,2019-06-21T19:55:02Z,Evan said so,https://github.com/BCStudentSoftwareDevTeam/bcsr/commit/73bd83b14454d0cbc776c715861ac7fe0d703594
bcsr,d5af70be087e83832c932ad8e46c31014df908dc,May,,May,2019-06-21T19:22:19Z,revert my commit to development,https://github.com/BCStudentSoftwareDevTeam/bcsr/commit/d5af70be087e83832c932ad8e46c31014df908dc
bcsr,bbd2c368ee3e5d9bd68502a4f403992a60570e7b,Jamaliela,User,Jamaliela,2019-06-21T17:22:28Z,fixing merge conflict,https://github.com/BCStudentSoftwareDevTeam/bcsr/commit/bbd2c368ee3e5d9bd68502a4f403992a60570e7b
bcsr,fefa27978133e47a1c0e2b9d329e83ee89936729,Jamaliela,User,Jamaliela,2019-06-21T17:18:49Z,updating changes,https://github.com/BCStudentSoftwareDevTeam/bcsr/commit/fefa27978133e47a1c0e2b9d329e83ee89936729
bcsr,e0792bd31d4cecdd5523b6aff787847b273c8bbc,santoshernandezr,User,santoshernandezr,2019-06-21T14:33:37Z,Updating and adding new files for user and semester management.,https://github.com/BCStudentSoftwareDevTeam/bcsr/commit/e0792bd31d4cecdd5523b6aff787847b273c8bbc
bcsr,7d3eaf138a83b1b0e2a888616948241ec13f0348,sheggen,User,sheggen,2019-06-21T14:19:52Z,removing rogue venv directory,https://github.com/BCStudentSoftwareDevTeam/bcsr/commit/7d3eaf138a83b1b0e2a888616948241ec13f0348
bcsr,ca3c82286f4e5f0a9c9e85a700a74dea090f8213,sheggen,User,sheggen,2019-06-21T14:19:14Z,Removing rogue venv folder,https://github.com/BCStudentSoftwareDevTeam/bcsr/commit/ca3c82286f4e5f0a9c9e85a700a74dea090f8213
bcsr,7524df98b9aabe82ec2c9d0c665bf933a4041f17,GuillermoCruz32,User,GuillermoCruz32,2019-06-20T20:19:18Z,"We removed the drop down menus at the bottom of the courses page, and also added the division and program field to the courses table.",https://github.com/BCStudentSoftwareDevTeam/bcsr/commit/7524df98b9aabe82ec2c9d0c665bf933a4041f17
bcsr,58810f3a72cd2ddc1f9e5b13a2882eff4b94f149,HaileyB0311,User,HaileyB0311,2019-06-20T18:41:10Z,dropzone sizing fixed,https://github.com/BCStudentSoftwareDevTeam/bcsr/commit/58810f3a72cd2ddc1f9e5b13a2882eff4b94f149
bcsr,b3aa809503631174a0f0c3930af27933c023f7e5,santoshernandezr,User,santoshernandezr,2019-06-20T18:03:35Z,"renamed the system from system management to semester management, and added a new section for user management.",https://github.com/BCStudentSoftwareDevTeam/bcsr/commit/b3aa809503631174a0f0c3930af27933c023f7e5
bcsr,74d413f81ddf28671c85d677a0f85722974db07c,May,,May,2019-06-20T17:07:37Z,fixed merge conflict,https://github.com/BCStudentSoftwareDevTeam/bcsr/commit/74d413f81ddf28671c85d677a0f85722974db07c
bcsr,80ab028df786b6f24b98cd8821e793d4aafd335a,HaileyB0311,User,HaileyB0311,2019-06-20T15:57:38Z,Added datatables function to create sorted tables where tables are created in my courses and the archive.,https://github.com/BCStudentSoftwareDevTeam/bcsr/commit/80ab028df786b6f24b98cd8821e793d4aafd335a
bcsr,6e49006e0d42b9891644675d2d67c6ad92d7a7b1,GuillermoCruz32,User,wgs1862019,2019-06-20T15:27:49Z,"Merged in issue64 (pull request #8)

Fixed Issue 64: Spacing",https://github.com/BCStudentSoftwareDevTeam/bcsr/commit/6e49006e0d42b9891644675d2d67c6ad92d7a7b1
bcsr,2d43c57e3c370af1d763c82f1793a17e8fc40ffe,May Jue,,wgs1862019,2019-06-20T15:25:16Z,"Merged in issue63 (pull request #7)

Added the 'mm/dd/yyyy' as the placeholder for the datepicker in the homepage",https://github.com/BCStudentSoftwareDevTeam/bcsr/commit/2d43c57e3c370af1d763c82f1793a17e8fc40ffe
bcsr,390ac3ed09c4b39ff1c26bce9adda419065e5cbf,GuillermoCruz32,User,GuillermoCruz32,2019-06-20T15:16:44Z,Fixed the spacing between the drop down menu and submit buttons on the Program and Division pages.,https://github.com/BCStudentSoftwareDevTeam/bcsr/commit/390ac3ed09c4b39ff1c26bce9adda419065e5cbf
bcsr,87777449715f8ed1c343de2056e1f13c2ac70538,May,,May,2019-06-20T14:19:13Z,Added the 'mm/dd/yyyy' as the placeholder for the datepicker in the homepage,https://github.com/BCStudentSoftwareDevTeam/bcsr/commit/87777449715f8ed1c343de2056e1f13c2ac70538
bcsr,ffd60a3aac3d598eeb2caffba94da5588e87f2fd,May,,May,2019-06-20T14:13:11Z,"Revert ""Changed source setup and rid app of 'threadlocals""

This reverts commit fa38e40a82ac2a629b6db82a2e870a86b187d2d2.",https://github.com/BCStudentSoftwareDevTeam/bcsr/commit/ffd60a3aac3d598eeb2caffba94da5588e87f2fd
bcsr,60581b39d0884eb2728820719445a884f69bb859,May,,May,2019-06-20T14:08:34Z,Added the 'mm/dd/yyyy' as the placeholder for the datepicker in the homepage,https://github.com/BCStudentSoftwareDevTeam/bcsr/commit/60581b39d0884eb2728820719445a884f69bb859
bcsr,fe0aed7f8e378f44e9abc941763b2d9faecf4c76,GuillermoCruz32,User,GuillermoCruz32,2019-06-20T13:49:32Z,We changed the button tag to an input tag instead to make the sumbit button have the same style as all the other sumbit buttons.,https://github.com/BCStudentSoftwareDevTeam/bcsr/commit/fe0aed7f8e378f44e9abc941763b2d9faecf4c76
bcsr,2d774802d76543fd6891595b7bd1eb39be92088b,elajamali,User,elajamali,2019-06-20T13:35:35Z,finished adding migration_data file,https://github.com/BCStudentSoftwareDevTeam/bcsr/commit/2d774802d76543fd6891595b7bd1eb39be92088b
bcsr,72d6f8b48fb25c0f22def81a4de6b11ea22fa856,GuillermoCruz32,User,GuillermoCruz32,2019-06-20T13:33:12Z,"Removed the import statement that imported Admin from flask, and removed the code that used this import.",https://github.com/BCStudentSoftwareDevTeam/bcsr/commit/72d6f8b48fb25c0f22def81a4de6b11ea22fa856
bcsr,dc7ad885f9dfa8bb622e068844225e68f4bee4c8,GuillermoCruz32,User,GuillermoCruz32,2019-06-20T13:25:14Z,"Revert ""Making an early commit to save some work.""

This reverts commit 4169c79c4eb2cf9ddb3f6047afc01737294ff548.",https://github.com/BCStudentSoftwareDevTeam/bcsr/commit/dc7ad885f9dfa8bb622e068844225e68f4bee4c8
bcsr,0b9133ccbc88539f6314b97c08e3cc5feda16a8b,HaileyB0311,User,HaileyB0311,2019-06-20T11:59:51Z,saving progress from yesterday,https://github.com/BCStudentSoftwareDevTeam/bcsr/commit/0b9133ccbc88539f6314b97c08e3cc5feda16a8b
bcsr,9f56ea8d472ad69d4c5b83dbce146b60c6cde723,elajamali,User,elajamali,2019-06-19T21:32:02Z,just committing changes,https://github.com/BCStudentSoftwareDevTeam/bcsr/commit/9f56ea8d472ad69d4c5b83dbce146b60c6cde723
bcsr,4169c79c4eb2cf9ddb3f6047afc01737294ff548,GuillermoCruz32,User,GuillermoCruz32,2019-06-19T20:17:10Z,Making an early commit to save some work.,https://github.com/BCStudentSoftwareDevTeam/bcsr/commit/4169c79c4eb2cf9ddb3f6047afc01737294ff548
bcsr,7d38a732ac2d2171d8ba6757fd7490d2a7c3442f,elajamali,User,elajamali,2019-06-19T19:43:45Z,added the second file and migrated data,https://github.com/BCStudentSoftwareDevTeam/bcsr/commit/7d38a732ac2d2171d8ba6757fd7490d2a7c3442f
bcsr,31632c1f9b4d37f8a011e53793b5c2912e300e08,May,,May,2019-06-19T19:10:24Z,Changed footer to match Advancementoffice,https://github.com/BCStudentSoftwareDevTeam/bcsr/commit/31632c1f9b4d37f8a011e53793b5c2912e300e08
bcsr,a8926922dadfd6370fcec90002aac84e26143e3e,HaileyB0311,User,HaileyB0311,2019-06-19T17:57:34Z,Still testing terminal problem,https://github.com/BCStudentSoftwareDevTeam/bcsr/commit/a8926922dadfd6370fcec90002aac84e26143e3e
bcsr,e4945db6d4cc51ad66c1fffe355b292dfe84f08b,HaileyB0311,User,HaileyB0311,2019-06-19T17:55:18Z,Testing the terminal problem,https://github.com/BCStudentSoftwareDevTeam/bcsr/commit/e4945db6d4cc51ad66c1fffe355b292dfe84f08b
bcsr,cb6711bcd84df1b9dcd901ca814c0e95c10fdfe2,santoshernandezr,User,santoshernandezr,2019-06-19T17:23:05Z,Added migrate_data.py file,https://github.com/BCStudentSoftwareDevTeam/bcsr/commit/cb6711bcd84df1b9dcd901ca814c0e95c10fdfe2
bcsr,b8c52026f8d83abfadf6cb0ba76bc718b78784eb,elajamali,User,elajamali,2019-06-19T15:31:26Z,mysql-migrations runs successfully.,https://github.com/BCStudentSoftwareDevTeam/bcsr/commit/b8c52026f8d83abfadf6cb0ba76bc718b78784eb
bcsr,a92b247dca1ee883fe4074ca3296d62c0e30b17c,elajamali,User,elajamali,2019-06-19T14:08:42Z,created a mysqlmigration file need to do two more migration files.,https://github.com/BCStudentSoftwareDevTeam/bcsr/commit/a92b247dca1ee883fe4074ca3296d62c0e30b17c
bcsr,070c16ea84ef2cac14cb8ed808b239f4b904e3d9,elajamali,User,elajamali,2019-06-18T22:11:14Z,changed the permissions so we can upload files in courses,https://github.com/BCStudentSoftwareDevTeam/bcsr/commit/070c16ea84ef2cac14cb8ed808b239f4b904e3d9
bcsr,8a7bd06cd53c52801a2365e879bcfcf75401fe6e,GuillermoCruz32,User,GuillermoCruz32,2019-06-18T19:59:15Z,We added a submit button at the bottom that reloads the page to improve the clarity about file uploads.,https://github.com/BCStudentSoftwareDevTeam/bcsr/commit/8a7bd06cd53c52801a2365e879bcfcf75401fe6e
bcsr,fa38e40a82ac2a629b6db82a2e870a86b187d2d2,johnsonwe,User,johnsonwe,2019-06-14T20:02:48Z,Changed source setup and rid app of 'threadlocals,https://github.com/BCStudentSoftwareDevTeam/bcsr/commit/fa38e40a82ac2a629b6db82a2e870a86b187d2d2
bcsr,a27cd3cdaaf37717b4369c89cdb9827af192e7fc,Scott Heggen,,Scott Heggen,2019-03-05T21:02:25Z,fixed pathing issues; added new route for term-based selection of courses page,https://github.com/BCStudentSoftwareDevTeam/bcsr/commit/a27cd3cdaaf37717b4369c89cdb9827af192e7fc
bcsr,6f929aae7eb3d1d8d874bc84673f2fdc94d04c19,Scott Heggen,,Scott Heggen,2019-03-05T20:20:35Z,Merge branch 'master' of https://bitbucket.org/cody_myers/bcsr-flask,https://github.com/BCStudentSoftwareDevTeam/bcsr/commit/6f929aae7eb3d1d8d874bc84673f2fdc94d04c19
bcsr,688c9b4d0d95f539fe0d9e888516ef2932526c52,Scott Heggen,,Scott Heggen,2019-03-05T20:20:16Z,Fixes file size limits for larger files,https://github.com/BCStudentSoftwareDevTeam/bcsr/commit/688c9b4d0d95f539fe0d9e888516ef2932526c52
bcsr,1adf111e55fdaa4af5bf121d5d190dd57da1058a,sheggen,User,sheggen,2019-03-05T20:15:40Z,fixed missing dependenceis on setup.sh; added ability to view single term's courses,https://github.com/BCStudentSoftwareDevTeam/bcsr/commit/1adf111e55fdaa4af5bf121d5d190dd57da1058a
bcsr,65ff73cfac37de7d41b47171fd4f008e49e4b345,sheggen,User,sheggen,2019-01-16T02:13:20Z,"Updating the max file size to 24MB. Need to check server for compatibility, but should be a non-issue",https://github.com/BCStudentSoftwareDevTeam/bcsr/commit/65ff73cfac37de7d41b47171fd4f008e49e4b345
bcsr,1d3d9dfd6031008b2ce2a732d7a260489933dfcc,root,,root,2018-08-30T15:02:36Z,Updating language on main page jumbotron so it's more clear where to start.,https://github.com/BCStudentSoftwareDevTeam/bcsr/commit/1d3d9dfd6031008b2ce2a732d7a260489933dfcc
bcsr,b0e300270eba1bf0f6005e49b361ce44a7901fee,root,,root,2018-08-30T14:18:00Z,"adding fixInstructors.py, a script to repair bad relationships",https://github.com/BCStudentSoftwareDevTeam/bcsr/commit/b0e300270eba1bf0f6005e49b361ce44a7901fee
bcsr,60a1cca3775d4773930ed49d1a216d97f657660d,root,,root,2018-08-23T21:45:11Z,fixing potential indentation problems,https://github.com/BCStudentSoftwareDevTeam/bcsr/commit/60a1cca3775d4773930ed49d1a216d97f657660d
bcsr,797084e568c442a5c10f0f7f7aaa23552d6be110,root,,root,2018-08-23T21:43:23Z,fixing potential indentation problems,https://github.com/BCStudentSoftwareDevTeam/bcsr/commit/797084e568c442a5c10f0f7f7aaa23552d6be110
bcsr,9ed364d05e2c4586a57528fa35b08d3046804341,root,,root,2018-08-23T21:41:25Z,Merge branch 'master' of https://bitbucket.org/cody_myers/bcsr-flask,https://github.com/BCStudentSoftwareDevTeam/bcsr/commit/9ed364d05e2c4586a57528fa35b08d3046804341
bcsr,f84dfdfa52a2a3acc7ba9cac6c19ce9a5f9792cd,root,,root,2018-08-23T21:39:58Z,modified addNewTerm.py to insert users as well. modified removeCourse.py to remove usersCourses relationships in addition to the course,https://github.com/BCStudentSoftwareDevTeam/bcsr/commit/f84dfdfa52a2a3acc7ba9cac6c19ce9a5f9792cd
bcsr,83d8d4e1e84baea1de02f5482ca365885977e9ca,Sarah Watts,,Sarah Watts,2018-07-24T17:36:30Z,Added markdowns and the completed checklist to Accessibility.md,https://github.com/BCStudentSoftwareDevTeam/bcsr/commit/83d8d4e1e84baea1de02f5482ca365885977e9ca
bcsr,a9e4ee2c8deae5495d58791659bc9820a0ee4a13,Sarah Watts,,Sarah Watts,2018-06-28T16:02:55Z,Added Accessibility.md,https://github.com/BCStudentSoftwareDevTeam/bcsr/commit/a9e4ee2c8deae5495d58791659bc9820a0ee4a13
bcsr,b897ffd748d38f41259e88c37241410a88aa54cd,Cody Myers,,Cody Myers,2018-06-13T14:31:32Z,Removed a one use file for manipulating the database,https://github.com/BCStudentSoftwareDevTeam/bcsr/commit/b897ffd748d38f41259e88c37241410a88aa54cd
bcsr,3744900877d8e1d4b80d65c38b06c610bc1edd08,myersCody,User,myersCody,2018-06-13T14:22:53Z,Merge branch 'removeFall2018',https://github.com/BCStudentSoftwareDevTeam/bcsr/commit/3744900877d8e1d4b80d65c38b06c610bc1edd08
bcsr,819f6fcc0101ac47700414a34d6c9ea3104ebfe2,myersCody,User,myersCody,2018-06-13T14:21:59Z,Wrote a database script that will remove fall 2018 and remove all 395 & 495 internships for the summer 2018,https://github.com/BCStudentSoftwareDevTeam/bcsr/commit/819f6fcc0101ac47700414a34d6c9ea3104ebfe2
bcsr,4582bf04054652037073ec0d4802d3461cfbcdf3,Cody Myers,,Cody Myers,2018-06-12T20:19:14Z,Removed one use file,https://github.com/BCStudentSoftwareDevTeam/bcsr/commit/4582bf04054652037073ec0d4802d3461cfbcdf3
bcsr,ef071eefe423483f9620653df3b4e8eae468f1b2,myersCody,User,myersCody,2018-06-12T20:05:54Z,"Made the changes to have the 3 previous summer terms converted into one, as well as fixed issues with setup.sh",https://github.com/BCStudentSoftwareDevTeam/bcsr/commit/ef071eefe423483f9620653df3b4e8eae468f1b2
bcsr,50200a0133f3c0c064c2d0c4423863f8eeb0ea12,myersCody,User,myersCody,2018-06-12T19:18:26Z,Made the summer term changes to the config.yaml,https://github.com/BCStudentSoftwareDevTeam/bcsr/commit/50200a0133f3c0c064c2d0c4423863f8eeb0ea12
bcsr,195085adc2862ae66bffa4201e13df377e27bca2,Cody Myers,,Cody Myers,2018-06-12T18:51:44Z,Updated terms on BCSR production.,https://github.com/BCStudentSoftwareDevTeam/bcsr/commit/195085adc2862ae66bffa4201e13df377e27bca2
bcsr,0c2b9d0b293a8757d820ee7440e75412d4ab75a6,Cody Myers,,Cody Myers,2018-02-28T13:47:05Z,We were using the wrong url for the zips controller.,https://github.com/BCStudentSoftwareDevTeam/bcsr/commit/0c2b9d0b293a8757d820ee7440e75412d4ab75a6
bcsr,88d220a166797fd6250b86182fda15e54d495b85,Cody Myers,,Cody Myers,2018-02-19T18:11:50Z,Fixed a path error that was on production,https://github.com/BCStudentSoftwareDevTeam/bcsr/commit/88d220a166797fd6250b86182fda15e54d495b85
bcsr,85dcd43b3cee35c259ca470ebf4e31e852ea5b47,Cody Myers,,Cody Myers,2018-02-19T18:09:16Z,edited the routes so that uploads and downloads will work correctly,https://github.com/BCStudentSoftwareDevTeam/bcsr/commit/85dcd43b3cee35c259ca470ebf4e31e852ea5b47
bcsr,917d50abb7d44d23558c57e23d9d7f849f7420d3,Cody Myers,,Cody Myers,2017-11-08T14:14:32Z,changed the log out to https: config.yaml edited online with Bitbucket,https://github.com/BCStudentSoftwareDevTeam/bcsr/commit/917d50abb7d44d23558c57e23d9d7f849f7420d3
bcsr,60d1ea73e8dac52c65898d8a96bf0250eb0466f9,johnsonwe,User,Cody Myers,2017-07-10T12:49:25Z,"Merged in iss52 (pull request #2)

Made the Deadline a required field",https://github.com/BCStudentSoftwareDevTeam/bcsr/commit/60d1ea73e8dac52c65898d8a96bf0250eb0466f9
bcsr,04a561965b5f4c12254ac39065dc0ac4a9e3660b,Cody Myers,,Cody Myers,2017-07-10T12:49:11Z,Merged master into iss52,https://github.com/BCStudentSoftwareDevTeam/bcsr/commit/04a561965b5f4c12254ac39065dc0ac4a9e3660b
bcsr,c9dafb4ac2b3c533085b298ccdb82c09edfd3517,johnsonwe,User,johnsonwe,2017-06-22T21:00:24Z,Made the Deadline a required field,https://github.com/BCStudentSoftwareDevTeam/bcsr/commit/c9dafb4ac2b3c533085b298ccdb82c09edfd3517
bcsr,6480c67fddc180f61856de1b1a1296403bf6267e,sanginovs,User,Cody Myers,2017-06-22T14:40:48Z,"Merged in issue#51 (pull request #1)

added a function that returns an absolute path and takes relative path as an input. Previous version of code hardcoded the absolute path",https://github.com/BCStudentSoftwareDevTeam/bcsr/commit/6480c67fddc180f61856de1b1a1296403bf6267e
bcsr,671a267fc956abd06fae29f209ef2d519a781919,Sher Sanginov,,Sher Sanginov,2017-06-14T17:29:27Z,added a function that returns an absolute path and takes relative path as an input. Previous version of code hardcoded the absolute path,https://github.com/BCStudentSoftwareDevTeam/bcsr/commit/671a267fc956abd06fae29f209ef2d519a781919
bcsr,c0ec30aeff8e160622d726111c5d72385c6d1b34,Cody Myers,,Cody Myers,2017-06-14T12:14:06Z,Merged issue#44 into master,https://github.com/BCStudentSoftwareDevTeam/bcsr/commit/c0ec30aeff8e160622d726111c5d72385c6d1b34
bcsr,d1d0491ef6e820ad72a26e956f4f1babe6f87f46,Cody Myers,,Cody Myers,2017-06-14T12:12:57Z,Merged iss13 into master,https://github.com/BCStudentSoftwareDevTeam/bcsr/commit/d1d0491ef6e820ad72a26e956f4f1babe6f87f46
bcsr,6ab9b084149793dd9a6ebc02c9db62d57b54e82b,Cody Myers,,Cody Myers,2017-06-14T12:11:36Z,Merged master into issue#44,https://github.com/BCStudentSoftwareDevTeam/bcsr/commit/6ab9b084149793dd9a6ebc02c9db62d57b54e82b
bcsr,84b8a06736bf22a674aaa496f2b4c1403f48a889,Cody Myers,,Cody Myers,2017-06-14T12:10:56Z,Merged master into iss13,https://github.com/BCStudentSoftwareDevTeam/bcsr/commit/84b8a06736bf22a674aaa496f2b4c1403f48a889
bcsr,e4c915d3b8ac50234073b7907653c6ab7bfdbea9,myersCody,User,myersCody,2017-06-14T12:03:59Z,Merge branch 'issue#12',https://github.com/BCStudentSoftwareDevTeam/bcsr/commit/e4c915d3b8ac50234073b7907653c6ab7bfdbea9
bcsr,4e8c78801fb2ecc3eac408ba57ef639e2abd6d9f,myersCody,User,myersCody,2017-06-14T12:00:58Z,Merge branch 'master' of bitbucket.org:cody_myers/bcsr-flask,https://github.com/BCStudentSoftwareDevTeam/bcsr/commit/4e8c78801fb2ecc3eac408ba57ef639e2abd6d9f
bcsr,1d863b230119b697216d3be5f7be5ef375455906,myersCody,User,myersCody,2017-06-14T12:00:34Z,Added a sys.path to app.py,https://github.com/BCStudentSoftwareDevTeam/bcsr/commit/1d863b230119b697216d3be5f7be5ef375455906
bcsr,01faa53cbca544fc5c82cb5c3adf1ef1f234cba5,Sher Sanginov,,Sher Sanginov,2017-06-13T17:52:50Z,used exists() method to check whether peeweeObj query contains courses and edited html file,https://github.com/BCStudentSoftwareDevTeam/bcsr/commit/01faa53cbca544fc5c82cb5c3adf1ef1f234cba5
bcsr,2468ae65983734d3fd7ab9793e3f6d44d7ac18f9,myersCody,User,myersCody,2017-06-12T21:06:00Z,Created a contributors page and stored the data of the contributors.,https://github.com/BCStudentSoftwareDevTeam/bcsr/commit/2468ae65983734d3fd7ab9793e3f6d44d7ac18f9
bcsr,c7b39dbe79c60e18337baf053c5b162c2d961378,myersCody,User,myersCody,2017-06-12T19:23:37Z,%I gives 12 hour format instead of %H which gives military time,https://github.com/BCStudentSoftwareDevTeam/bcsr/commit/c7b39dbe79c60e18337baf053c5b162c2d961378
bcsr,d4ba7944d1c6845ac05b958548aff0af7eb381b0,Cody Myers,,Cody Myers,2017-06-12T17:26:17Z,README.md edited online with Bitbucket,https://github.com/BCStudentSoftwareDevTeam/bcsr/commit/d4ba7944d1c6845ac05b958548aff0af7eb381b0
bcsr,28bd01a19fdc5dc9b3b48e37501bea8bf8225f04,myersCody,User,myersCody,2017-03-13T21:31:00Z,"Merge branch 'iss50'
Adding feature adding and removing courses to master.",https://github.com/BCStudentSoftwareDevTeam/bcsr/commit/28bd01a19fdc5dc9b3b48e37501bea8bf8225f04
bcsr,8ced9662b73f19024677a7a006605fbe30124db1,myersCody,User,myersCody,2017-03-13T21:30:47Z,Edited .gitignore to include some new cloud9 invoke files,https://github.com/BCStudentSoftwareDevTeam/bcsr/commit/8ced9662b73f19024677a7a006605fbe30124db1
bcsr,4b469445555d0863c2894fdf41840ac848063de0,myersCody,User,myersCody,2017-03-13T21:26:53Z,Completed the functionality to add/remove courses in admin options,https://github.com/BCStudentSoftwareDevTeam/bcsr/commit/4b469445555d0863c2894fdf41840ac848063de0
bcsr,0f0e3094f1eb0fd6ef47f9fcd2a4568205cd7b40,myersCody,User,myersCody,2017-03-13T17:10:10Z,"Add functionality for adding courses.

I decided to break missingSyllabi addCourse and removeCourse out into three sepereate controllers. Currently still working on the functionality to remove a course.",https://github.com/BCStudentSoftwareDevTeam/bcsr/commit/0f0e3094f1eb0fd6ef47f9fcd2a4568205cd7b40
bcsr,8c53cc2867c49bbdcdd6af5d1eba7cabe30d8fdb,myersCody,User,myersCody,2017-03-03T17:36:56Z,Finished functionality for adding a course to BCSR,https://github.com/BCStudentSoftwareDevTeam/bcsr/commit/8c53cc2867c49bbdcdd6af5d1eba7cabe30d8fdb
bcsr,d5e787532a876a7d2499d92250cd844e1890579a,myersCody,User,myersCody,2017-03-03T17:35:05Z,added some c9 files to gitignore,https://github.com/BCStudentSoftwareDevTeam/bcsr/commit/d5e787532a876a7d2499d92250cd844e1890579a
bcsr,5b6f40a53d9ae0d1c0c42a8f737f3ee0543fe590,myersCody,User,myersCody,2017-02-15T19:06:39Z,"feat: Added css to Administrator Panels

Was forced to use custom css in order to match the bootstrap table css
because the selectpicker wouldn't work inside of a table tag.",https://github.com/BCStudentSoftwareDevTeam/bcsr/commit/5b6f40a53d9ae0d1c0c42a8f737f3ee0543fe590
bcsr,f9f451e1f60c38f9e98c935d052d7b0c47e22f98,myersCody,User,myersCody,2017-02-15T18:30:01Z,feat: Wrote a function for error protection.,https://github.com/BCStudentSoftwareDevTeam/bcsr/commit/f9f451e1f60c38f9e98c935d052d7b0c47e22f98
bcsr,3c646d7ac93fd362c46cb40c4ca06837f932b8f0,myersCody,User,myersCody,2017-02-14T22:10:17Z,feat: working on removing and adding Admins,https://github.com/BCStudentSoftwareDevTeam/bcsr/commit/3c646d7ac93fd362c46cb40c4ca06837f932b8f0
bcsr,66a10c2f44972b97f5a2c69387502526001b47f0,myersCody,User,myersCody,2017-02-14T20:42:46Z,"Merge branch 'master' of bitbucket.org:cody_myers/bcsr-flask into iss49

Adding new changes to master to current branch.
Conflict happened on app/__init__.py. I decided to keep both changes to the file and commit it.",https://github.com/BCStudentSoftwareDevTeam/bcsr/commit/66a10c2f44972b97f5a2c69387502526001b47f0
bcsr,40f7dd840df9bcc371ac182ae31b68c002e48b53,myersCody,User,myersCody,2017-02-09T19:32:34Z,"Feat: This feature is now complete

Resolves: #46",https://github.com/BCStudentSoftwareDevTeam/bcsr/commit/40f7dd840df9bcc371ac182ae31b68c002e48b53
bcsr,0bc69acd066b7890e9b1f42f5445eac293d49dfe,myersCody,User,myersCody,2017-02-09T19:28:46Z,Finished the reformatting the excel sheet,https://github.com/BCStudentSoftwareDevTeam/bcsr/commit/0bc69acd066b7890e9b1f42f5445eac293d49dfe
bcsr,2012a0ad15f037e4b7a9075bb744187dec80c0e2,myersCody,User,myersCody,2017-02-08T20:20:53Z,"feat: Have a working proto for excel file, might rearrange the layout of the excel file though",https://github.com/BCStudentSoftwareDevTeam/bcsr/commit/2012a0ad15f037e4b7a9075bb744187dec80c0e2
bcsr,9b15ad61035d770c6b0bf640158db4eea1d2719d,myersCody,User,myersCody,2017-02-08T18:44:34Z,feat: change default page for course management & created a post option for form,https://github.com/BCStudentSoftwareDevTeam/bcsr/commit/9b15ad61035d770c6b0bf640158db4eea1d2719d
bcsr,d8f1ba5a602f168b95bf5e31838217ec22351f0e,myersCody,User,myersCody,2017-02-07T22:34:10Z,"feat: Added pages for sidebar & generating missing syllabi

I created the sidebar for courseManagement, the options for the sidebar are saved in config.yaml. I also created some pages for searching for missing syllabi which is a sidebar option.",https://github.com/BCStudentSoftwareDevTeam/bcsr/commit/d8f1ba5a602f168b95bf5e31838217ec22351f0e
bcsr,6a93b7c08972c4cc04ff1ced336d145cf341cfed,myersCody,User,myersCody,2017-02-07T20:45:41Z,"feat: Basic Structure for Course Management

I have added the files and given the basic variables needed to run correctly.",https://github.com/BCStudentSoftwareDevTeam/bcsr/commit/6a93b7c08972c4cc04ff1ced336d145cf341cfed
bcsr,61d4b2175e58051889700b7f0d6696f2f9dce946,myersCody,User,myersCody,2017-02-02T19:45:12Z,"Revert ""trying to get select picker working""

This reverts commit e1896eb734bc00a310384ff9d6e0b77e440c1b16.",https://github.com/BCStudentSoftwareDevTeam/bcsr/commit/61d4b2175e58051889700b7f0d6696f2f9dce946
bcsr,7ca4be61e3cc47abe3dbd27520b633f4aa14f174,myersCody,User,myersCody,2017-02-02T19:42:42Z,Added a css and js file,https://github.com/BCStudentSoftwareDevTeam/bcsr/commit/7ca4be61e3cc47abe3dbd27520b633f4aa14f174
bcsr,e1896eb734bc00a310384ff9d6e0b77e440c1b16,myersCody,User,myersCody,2017-02-02T16:13:38Z,trying to get select picker working,https://github.com/BCStudentSoftwareDevTeam/bcsr/commit/e1896eb734bc00a310384ff9d6e0b77e440c1b16
bcsr,d2ba31335114d0bffc4647197948db5218fefaa5,myersCody,User,myersCody,2017-02-01T20:49:55Z,[UPDATE] Made it to where current admins can't be added again,https://github.com/BCStudentSoftwareDevTeam/bcsr/commit/d2ba31335114d0bffc4647197948db5218fefaa5
bcsr,5601306bf26846019b6d7db97ca180af08e85adf,myersCody,User,myersCody,2017-02-01T20:32:46Z,[GENERAL] Edited multiple files working on managing admins,https://github.com/BCStudentSoftwareDevTeam/bcsr/commit/5601306bf26846019b6d7db97ca180af08e85adf
bcsr,54e769c9087c5d8766dd3c50808c043fac5785ef,myersCody,User,myersCody,2017-02-01T20:31:31Z,[EDIT][databaseInternface] Added new functions and used them in other files,https://github.com/BCStudentSoftwareDevTeam/bcsr/commit/54e769c9087c5d8766dd3c50808c043fac5785ef
bcsr,c6676f1606682d0631c4c0c4fc9b2544103e4c98,myersCody,User,myersCody,2017-02-01T20:29:25Z,[ADDED][systemManagement.css],https://github.com/BCStudentSoftwareDevTeam/bcsr/commit/c6676f1606682d0631c4c0c4fc9b2544103e4c98
bcsr,8e64291cb7412af97692b40af57cad185e7cdfe5,myersCody,User,myersCody,2017-02-01T20:28:39Z,appended to __init__.py for new file,https://github.com/BCStudentSoftwareDevTeam/bcsr/commit/8e64291cb7412af97692b40af57cad185e7cdfe5
bcsr,f690ca3a20d13b114d89feb01940d4631c4dd0bd,myersCody,User,myersCody,2017-01-25T18:46:22Z,Started adding the frontend for managing Admins,https://github.com/BCStudentSoftwareDevTeam/bcsr/commit/f690ca3a20d13b114d89feb01940d4631c4dd0bd
bcsr,4fcf6ec0547c40610d14deec864cf98a028551fa,myersCody,User,myersCody,2017-01-25T18:41:42Z,Added a controller for managing Admins,https://github.com/BCStudentSoftwareDevTeam/bcsr/commit/4fcf6ec0547c40610d14deec864cf98a028551fa
bcsr,f9156e51a45a7a2c2d6c0da6885334fd05b02c68,myersCody,User,myersCody,2017-01-25T18:18:37Z,Edited HTML to split different tables,https://github.com/BCStudentSoftwareDevTeam/bcsr/commit/f9156e51a45a7a2c2d6c0da6885334fd05b02c68
bcsr,70786ab74b960c22cf9168a2bf98600334c209ca,myersCody,User,myersCody,2017-01-11T18:48:21Z,Created a script to add new term & courses from csv,https://github.com/BCStudentSoftwareDevTeam/bcsr/commit/70786ab74b960c22cf9168a2bf98600334c209ca
bcsr,7eae3b080ad33b31aeeaf49a138a6b62064064d1,Cody Myers,,Cody Myers,2016-09-21T22:00:42Z,Adding comment about who fixed last commit,https://github.com/BCStudentSoftwareDevTeam/bcsr/commit/7eae3b080ad33b31aeeaf49a138a6b62064064d1
bcsr,39554075a086a028b1da28bdfae4de02dafb75a2,Cody Myers,,Cody Myers,2016-09-21T21:49:15Z,Fixed issue for division chairs not showing their divisions programs,https://github.com/BCStudentSoftwareDevTeam/bcsr/commit/39554075a086a028b1da28bdfae4de02dafb75a2
bcsr,a5331db059d5d919b18b811651ad3fa5735122fd,Guillermo Ramos Macias,,Guillermo Ramos Macias,2016-09-08T18:08:36Z,remove test file,https://github.com/BCStudentSoftwareDevTeam/bcsr/commit/a5331db059d5d919b18b811651ad3fa5735122fd
bcsr,8296edb02423ffbc9924624618f29937ff740cf8,Guillermo Ramos Macias,,Guillermo Ramos Macias,2016-09-08T18:07:25Z,"fix relative, full path issues with zip downloads see #37",https://github.com/BCStudentSoftwareDevTeam/bcsr/commit/8296edb02423ffbc9924624618f29937ff740cf8
bcsr,ae388a323319f9496fc313fb4fad0207f84dfa4f,Guillermo Ramos Macias,,Guillermo Ramos Macias,2016-09-08T17:41:42Z,change my_courses_key to my_courses to make sure we are not trying to work with a Nonetype see #30,https://github.com/BCStudentSoftwareDevTeam/bcsr/commit/ae388a323319f9496fc313fb4fad0207f84dfa4f
bcsr,9bdbfe0dd53066335b9793f171b493860a1732b1,Guillermo Ramos Macias,,Guillermo Ramos Macias,2016-09-08T16:52:53Z,test,https://github.com/BCStudentSoftwareDevTeam/bcsr/commit/9bdbfe0dd53066335b9793f171b493860a1732b1
bcsr,adb4ab7c31e37e525bb0235ac13c3a824c832deb,memo330179,User,memo330179,2016-09-07T18:25:23Z,allow deadline display to be viewable,https://github.com/BCStudentSoftwareDevTeam/bcsr/commit/adb4ab7c31e37e525bb0235ac13c3a824c832deb
bcsr,7c1111f3dab5239bc2041b5ec5a3b54c0e3b8f56,Cody Myers,,Cody Myers,2016-09-05T11:29:41Z,README.md edited online with Bitbucket,https://github.com/BCStudentSoftwareDevTeam/bcsr/commit/7c1111f3dab5239bc2041b5ec5a3b54c0e3b8f56
bcsr,41c86364aef186899ddd8af6f5e3fdca458f0250,Cody Myers,,Cody Myers,2016-09-05T11:16:27Z,README.md edited online with Bitbucket,https://github.com/BCStudentSoftwareDevTeam/bcsr/commit/41c86364aef186899ddd8af6f5e3fdca458f0250
bcsr,dabeeabdaac7b32948bb92ae7c26a92bb864a0aa,sheggen,User,sheggen,2016-09-02T20:26:08Z,Second attempt at analytics,https://github.com/BCStudentSoftwareDevTeam/bcsr/commit/dabeeabdaac7b32948bb92ae7c26a92bb864a0aa
bcsr,aa1f7d28ae3c469026368f323e32b781a3a85e6a,sheggen,User,sheggen,2016-09-02T19:52:00Z,Added Google Analytics tracking code,https://github.com/BCStudentSoftwareDevTeam/bcsr/commit/aa1f7d28ae3c469026368f323e32b781a3a85e6a
bcsr,a115ce8652e99777dc46502bd886a02f105032e7,Cody Myers,,Cody Myers,2016-09-02T17:58:35Z,Edited creating deadline to work on multiple browsers,https://github.com/BCStudentSoftwareDevTeam/bcsr/commit/a115ce8652e99777dc46502bd886a02f105032e7
bcsr,1dfa7f685717ec69d1eba6987a32b3f6731bf29e,Guillermo Ramos-Macias,,Guillermo Ramos-Macias,2016-09-01T22:29:18Z,change ipa to idp,https://github.com/BCStudentSoftwareDevTeam/bcsr/commit/1dfa7f685717ec69d1eba6987a32b3f6731bf29e
bcsr,329639d87c4a1af98fade3ddca1d9dc6e2176b75,myersCody,User,myersCody,2016-09-01T16:19:47Z,Added A log out link to the NavBar,https://github.com/BCStudentSoftwareDevTeam/bcsr/commit/329639d87c4a1af98fade3ddca1d9dc6e2176b75
bcsr,e46e6700794abc12e8ea734b7b9773d119168745,memo330179,User,memo330179,2016-08-31T23:38:36Z,order the archive by instructor name and then by prefix and then by course number see #31,https://github.com/BCStudentSoftwareDevTeam/bcsr/commit/e46e6700794abc12e8ea734b7b9773d119168745
bcsr,15ee567be2274e1c5d1535e11828329e792ec683,Guillermo Ramos,,Guillermo Ramos,2016-08-31T18:19:06Z,change today from non-tuple,https://github.com/BCStudentSoftwareDevTeam/bcsr/commit/15ee567be2274e1c5d1535e11828329e792ec683
bcsr,79ef5ad9b1b41e6563fe350d98eb3b6cbb88f478,Guillermo Ramos,,Guillermo Ramos,2016-08-31T18:09:21Z,merge deadline fix to the master branch,https://github.com/BCStudentSoftwareDevTeam/bcsr/commit/79ef5ad9b1b41e6563fe350d98eb3b6cbb88f478
bcsr,005b3b71f738d0cbd489a10038b7f3adf68d7bf2,Guillermo Ramos,,Guillermo Ramos,2016-08-31T18:04:15Z,log the username sanitization on debug,https://github.com/BCStudentSoftwareDevTeam/bcsr/commit/005b3b71f738d0cbd489a10038b7f3adf68d7bf2
bcsr,2e13d96bb63c437b0b33e8ae8dc50a4b7b51ad83,memo330179,User,memo330179,2016-08-31T17:32:19Z,add new entry to config file for admin,https://github.com/BCStudentSoftwareDevTeam/bcsr/commit/2e13d96bb63c437b0b33e8ae8dc50a4b7b51ad83
bcsr,147a018dd6cd603a5d4e331b4460f04abafcaab4,memo330179,User,memo330179,2016-08-31T00:53:46Z,sanitize environment variable as described in #33,https://github.com/BCStudentSoftwareDevTeam/bcsr/commit/147a018dd6cd603a5d4e331b4460f04abafcaab4
bcsr,05d013595a1cc74749aee7414da52faa1e22365f,memo330179,User,memo330179,2016-08-31T00:26:11Z,change upload file names to reflect instructor rather than uploader,https://github.com/BCStudentSoftwareDevTeam/bcsr/commit/05d013595a1cc74749aee7414da52faa1e22365f
bcsr,b21451c751aecfef52a04e8d2536367830ded30b,memo330179,User,memo330179,2016-08-26T18:27:29Z,let database admin see the databases and make changes see #29,https://github.com/BCStudentSoftwareDevTeam/bcsr/commit/b21451c751aecfef52a04e8d2536367830ded30b
bcsr,f42152f13ad44a6510a26d8dd8b5f2734f88b998,memo330179,User,memo330179,2016-08-26T16:27:16Z,initialize flask admin module see #29,https://github.com/BCStudentSoftwareDevTeam/bcsr/commit/f42152f13ad44a6510a26d8dd8b5f2734f88b998
bcsr,302dc917ddec0eee33667315e4ff25605019aac4,myersCody,User,myersCody,2016-08-26T14:20:59Z,"These changes should fix issue #34, however we need to test on dev server",https://github.com/BCStudentSoftwareDevTeam/bcsr/commit/302dc917ddec0eee33667315e4ff25605019aac4
bcsr,bf46d6cc2d0d61d0ed778356191b4810920f9d0c,sheggen,User,sheggen,2016-08-25T14:45:55Z,deadline.html edited online with Bitbucket,https://github.com/BCStudentSoftwareDevTeam/bcsr/commit/bf46d6cc2d0d61d0ed778356191b4810920f9d0c
bcsr,11e4838504217ac319b5db2d63252b49c0f76ba3,sheggen,User,sheggen,2016-08-25T14:44:36Z,deadline.html edited online with Bitbucket,https://github.com/BCStudentSoftwareDevTeam/bcsr/commit/11e4838504217ac319b5db2d63252b49c0f76ba3
bcsr,c298750f39eda2d54e5d681222c33e5db44f2ad5,sheggen,User,sheggen,2016-08-25T14:42:35Z,debugging,https://github.com/BCStudentSoftwareDevTeam/bcsr/commit/c298750f39eda2d54e5d681222c33e5db44f2ad5
bcsr,2b37a049843829f78a3f83bea0cbc5e35e9cbcbd,sheggen,User,sheggen,2016-08-25T14:41:22Z,debugging,https://github.com/BCStudentSoftwareDevTeam/bcsr/commit/2b37a049843829f78a3f83bea0cbc5e35e9cbcbd
bcsr,782615908dff763e7172dbc023dff40e351201e7,sheggen,User,sheggen,2016-08-25T14:39:54Z,Removing date checks due to error,https://github.com/BCStudentSoftwareDevTeam/bcsr/commit/782615908dff763e7172dbc023dff40e351201e7
bcsr,dc3aa1f747bfd09bc405e2e13ea73eeb46716b2c,sheggen,User,sheggen,2016-08-24T17:50:32Z,getAuthUser.py edited online with Bitbucket,https://github.com/BCStudentSoftwareDevTeam/bcsr/commit/dc3aa1f747bfd09bc405e2e13ea73eeb46716b2c
bcsr,74a526ac768264a997a7d38ad5f21fa51cc4da5f,sheggen,User,sheggen,2016-08-24T17:49:05Z,getAuthUser.py edited online with Bitbucket,https://github.com/BCStudentSoftwareDevTeam/bcsr/commit/74a526ac768264a997a7d38ad5f21fa51cc4da5f
bcsr,9a1f88c0d436ac3852da88ecd3b4f895461aaf0a,sheggen,User,sheggen,2016-08-24T17:47:59Z,SYNTAX,https://github.com/BCStudentSoftwareDevTeam/bcsr/commit/9a1f88c0d436ac3852da88ecd3b4f895461aaf0a
bcsr,c28010d8ca24637b043c8257ead1295ffc26e2da,sheggen,User,sheggen,2016-08-24T17:38:09Z,SYNTAX,https://github.com/BCStudentSoftwareDevTeam/bcsr/commit/c28010d8ca24637b043c8257ead1295ffc26e2da
bcsr,2da6dfd07ea252e61000e7c7a57dce8b2715c410,sheggen,User,sheggen,2016-08-24T17:37:18Z,getAuthUser.py edited online with Bitbucket,https://github.com/BCStudentSoftwareDevTeam/bcsr/commit/2da6dfd07ea252e61000e7c7a57dce8b2715c410
bcsr,d3a9487e93c655a05c6a6f48827cf7f11afd2e36,sheggen,User,sheggen,2016-08-24T17:36:20Z,getAuthUser.py edited online with Bitbucket,https://github.com/BCStudentSoftwareDevTeam/bcsr/commit/d3a9487e93c655a05c6a6f48827cf7f11afd2e36
bcsr,a49732932505940e40f6db38c1adb14765592088,sheggen,User,sheggen,2016-08-24T17:35:28Z,debugging,https://github.com/BCStudentSoftwareDevTeam/bcsr/commit/a49732932505940e40f6db38c1adb14765592088
bcsr,3b3b0d8a7dfde46a500db5b10b6381058f5d3b54,sheggen,User,sheggen,2016-08-24T17:33:55Z,Working on handling users not in DB,https://github.com/BCStudentSoftwareDevTeam/bcsr/commit/3b3b0d8a7dfde46a500db5b10b6381058f5d3b54
bcsr,fcc9d6da8d8c7fc005246fcb28099af2af3b5701,sheggen,User,sheggen,2016-08-24T17:27:42Z,Adding handler for users not in database,https://github.com/BCStudentSoftwareDevTeam/bcsr/commit/fcc9d6da8d8c7fc005246fcb28099af2af3b5701
bcsr,07fbd03b7ec056f7d5aea150c174e3e65d3c7d24,sheggen,User,sheggen,2016-08-24T17:19:42Z,"Modified language, and allowing zip files",https://github.com/BCStudentSoftwareDevTeam/bcsr/commit/07fbd03b7ec056f7d5aea150c174e3e65d3c7d24
bcsr,b6f331fa1159a66a2803c0ae586e73c2b2e02b74,sheggen,User,sheggen,2016-08-24T17:15:46Z,Modifying Dropzone.,https://github.com/BCStudentSoftwareDevTeam/bcsr/commit/b6f331fa1159a66a2803c0ae586e73c2b2e02b74
bcsr,d793f62ad66a72d8d8be55199e5a91e5b3d52413,Scott Heggen,,Scott Heggen,2016-08-24T17:08:02Z,Merge branch 'master' of https://bitbucket.org/cody_myers/bcsr-flask,https://github.com/BCStudentSoftwareDevTeam/bcsr/commit/d793f62ad66a72d8d8be55199e5a91e5b3d52413
bcsr,a01059c0ae738fe27e132beb3fa557dfad9c5b48,Scott Heggen,,Scott Heggen,2016-08-24T17:07:37Z,Fixing language on header,https://github.com/BCStudentSoftwareDevTeam/bcsr/commit/a01059c0ae738fe27e132beb3fa557dfad9c5b48
bcsr,15a22380d57302aa4fcf3d174e4c89b4163c64df,sheggen,User,sheggen,2016-08-24T16:59:10Z,Modifying language,https://github.com/BCStudentSoftwareDevTeam/bcsr/commit/15a22380d57302aa4fcf3d174e4c89b4163c64df
bcsr,742d7aec217e7252f6962bcb97f14de54fb5a4a9,sheggen,User,sheggen,2016-08-24T16:58:19Z,Modifying language on table,https://github.com/BCStudentSoftwareDevTeam/bcsr/commit/742d7aec217e7252f6962bcb97f14de54fb5a4a9
bcsr,1c7a7524fd3034c1ce2eb737b097c29198b2d373,sheggen,User,sheggen,2016-08-24T16:56:55Z,modifying front page language,https://github.com/BCStudentSoftwareDevTeam/bcsr/commit/1c7a7524fd3034c1ce2eb737b097c29198b2d373
bcsr,17de100ed31237f70a11640b6bca82f0d94114c1,sheggen,User,sheggen,2016-08-24T16:55:43Z,Modifying front page language.,https://github.com/BCStudentSoftwareDevTeam/bcsr/commit/17de100ed31237f70a11640b6bca82f0d94114c1
bcsr,7fb3ef0929d987cc3afe85c4fee2d4781572614c,memo330179,User,memo330179,2016-08-24T16:02:40Z,allow faculty program to delete,https://github.com/BCStudentSoftwareDevTeam/bcsr/commit/7fb3ef0929d987cc3afe85c4fee2d4781572614c
bcsr,1cd525bfda1bcd45d6dd048771bbf6b4af753ad5,sheggen,User,sheggen,2016-08-24T15:35:32Z,Fixing delete file issues,https://github.com/BCStudentSoftwareDevTeam/bcsr/commit/1cd525bfda1bcd45d6dd048771bbf6b4af753ad5
bcsr,f076deaa18ab706bea0e7e90a8b4680ed4a6de0c,sheggen,User,sheggen,2016-08-24T15:23:19Z,Fixing filepaths for the production server,https://github.com/BCStudentSoftwareDevTeam/bcsr/commit/f076deaa18ab706bea0e7e90a8b4680ed4a6de0c
bcsr,b47cf3536a9df9bae9dc595b9c88cacbffef290f,sheggen,User,sheggen,2016-08-24T15:19:44Z,"""Undefined global page"" fixed",https://github.com/BCStudentSoftwareDevTeam/bcsr/commit/b47cf3536a9df9bae9dc595b9c88cacbffef290f
bcsr,c50374cf51321e8fdae6d7c65e7920ef65b2673e,sheggen,User,sheggen,2016-08-24T15:14:35Z,getUploads.py edited online with Bitbucket,https://github.com/BCStudentSoftwareDevTeam/bcsr/commit/c50374cf51321e8fdae6d7c65e7920ef65b2673e
bcsr,b07b2a891c98c8e83c7532c6db24e64e9653ae52,sheggen,User,sheggen,2016-08-24T15:12:31Z,Debugging paths,https://github.com/BCStudentSoftwareDevTeam/bcsr/commit/b07b2a891c98c8e83c7532c6db24e64e9653ae52
bcsr,a17bd0103f5ffc59855089cdb8a7b1a5c4560a92,sheggen,User,sheggen,2016-08-24T15:09:47Z,debugging paths,https://github.com/BCStudentSoftwareDevTeam/bcsr/commit/a17bd0103f5ffc59855089cdb8a7b1a5c4560a92
bcsr,fe3aecfb4f29b5fc73125b3a88333b0dfe9ef44e,sheggen,User,sheggen,2016-08-24T14:54:18Z,Fixing debug statements,https://github.com/BCStudentSoftwareDevTeam/bcsr/commit/fe3aecfb4f29b5fc73125b3a88333b0dfe9ef44e
bcsr,7183339311c518e5d35cc1ea03b33c186712eda8,sheggen,User,sheggen,2016-08-24T14:47:30Z,Missing paranthesis,https://github.com/BCStudentSoftwareDevTeam/bcsr/commit/7183339311c518e5d35cc1ea03b33c186712eda8
bcsr,11d8b7bb9bc930872cc7c8e8f2564558fd67714a,sheggen,User,sheggen,2016-08-24T14:45:52Z,Adding debug statements for issue with file uploads,https://github.com/BCStudentSoftwareDevTeam/bcsr/commit/11d8b7bb9bc930872cc7c8e8f2564558fd67714a
bcsr,a2fec65d46783c750c7f3df70aa0b208642d886f,sheggen,User,sheggen,2016-08-24T14:42:50Z,adding debug statements.,https://github.com/BCStudentSoftwareDevTeam/bcsr/commit/a2fec65d46783c750c7f3df70aa0b208642d886f
bcsr,b35f1eec7ff37db051784d3e0ee806a34d78bb54,memo330179,User,memo330179,2016-08-23T22:32:06Z,removed restriction when deleting syllabi,https://github.com/BCStudentSoftwareDevTeam/bcsr/commit/b35f1eec7ff37db051784d3e0ee806a34d78bb54
bcsr,10ac873914392a1c992dfda68dc279513f733ca4,memo330179,User,memo330179,2016-08-22T14:19:03Z,make division courses collapsible,https://github.com/BCStudentSoftwareDevTeam/bcsr/commit/10ac873914392a1c992dfda68dc279513f733ca4
bcsr,46b813a70e40aa3476cc2843f8cdc475c4ee1a18,memo330179,User,memo330179,2016-08-22T14:18:20Z,fix syntax error,https://github.com/BCStudentSoftwareDevTeam/bcsr/commit/46b813a70e40aa3476cc2843f8cdc475c4ee1a18
bcsr,df634b70b3a93c5d928a433ef7de62d43b088e8f,memo330179,User,memo330179,2016-08-18T18:39:28Z,change footer to what is described in #13,https://github.com/BCStudentSoftwareDevTeam/bcsr/commit/df634b70b3a93c5d928a433ef7de62d43b088e8f
bcsr,c8c9fe435483249a30f6f8431f65ee53474261a2,memo330179,User,memo330179,2016-08-18T18:27:53Z,add current semester heading see #23,https://github.com/BCStudentSoftwareDevTeam/bcsr/commit/c8c9fe435483249a30f6f8431f65ee53474261a2
bcsr,d410d21a0ca3158b53e3b24cda193c23d4c23f29,memo330179,User,memo330179,2016-08-18T14:20:49Z,Add margin to footer,https://github.com/BCStudentSoftwareDevTeam/bcsr/commit/d410d21a0ca3158b53e3b24cda193c23d4c23f29
bcsr,7998a99a095012c203b61d641954ff35cf9c87de,memo330179,User,memo330179,2016-08-17T21:25:02Z,make programs collapsible,https://github.com/BCStudentSoftwareDevTeam/bcsr/commit/7998a99a095012c203b61d641954ff35cf9c87de
bcsr,968907b1d185a43b463de63502f27eb99e6e2520,memo330179,User,memo330179,2016-08-17T19:29:22Z,add collapsible,https://github.com/BCStudentSoftwareDevTeam/bcsr/commit/968907b1d185a43b463de63502f27eb99e6e2520
bcsr,aae8de326bb382b0ac4caf2e26df4914857803b9,memo330179,User,memo330179,2016-08-17T15:54:19Z,change dict to ordered dict to preserve order.,https://github.com/BCStudentSoftwareDevTeam/bcsr/commit/aae8de326bb382b0ac4caf2e26df4914857803b9
bcsr,45915f26decb0477336faa33c006a2e0f88cc8d4,memo330179,User,memo330179,2016-08-16T18:23:50Z,make divisions view collapsible,https://github.com/BCStudentSoftwareDevTeam/bcsr/commit/45915f26decb0477336faa33c006a2e0f88cc8d4
bcsr,9cf51f82765da69d565fa23856b4e6a890a0bfc8,memo330179,User,memo330179,2016-08-16T15:55:14Z,add style,https://github.com/BCStudentSoftwareDevTeam/bcsr/commit/9cf51f82765da69d565fa23856b4e6a890a0bfc8
bcsr,08120ef20c8268b172c44ea37e21a324be595fda,memo330179,User,memo330179,2016-08-16T14:09:05Z,add urcpp.log to gitignore since the log should not be in the repository,https://github.com/BCStudentSoftwareDevTeam/bcsr/commit/08120ef20c8268b172c44ea37e21a324be595fda
bcsr,7d1a70d3f3ebf6464a0c78d3973a0a255dd786b9,memo330179,User,memo330179,2016-08-16T14:05:45Z,Remove dates before today from the query,https://github.com/BCStudentSoftwareDevTeam/bcsr/commit/7d1a70d3f3ebf6464a0c78d3973a0a255dd786b9
bcsr,150fa2f77ac1bf57006d393f3002e2d936c89e62,memo330179,User,memo330179,2016-08-16T13:58:46Z,add css to let container grow so that footer does not stick,https://github.com/BCStudentSoftwareDevTeam/bcsr/commit/150fa2f77ac1bf57006d393f3002e2d936c89e62
bcsr,d62c0e5a2bfba39c3765a8d6eb27d1f5e2bbfa2e,memo330179,User,memo330179,2016-08-15T20:42:08Z,add current term to courses display and add warning to add a semester,https://github.com/BCStudentSoftwareDevTeam/bcsr/commit/d62c0e5a2bfba39c3765a8d6eb27d1f5e2bbfa2e
bcsr,d3880147759290c89fd5274ee0443cce20f27339,memo330179,User,memo330179,2016-08-15T19:31:02Z,add footer,https://github.com/BCStudentSoftwareDevTeam/bcsr/commit/d3880147759290c89fd5274ee0443cce20f27339
bcsr,78dbd2b8c3857f7f24dd3a10c07b6ac31de49f54,memo330179,User,memo330179,2016-08-15T18:35:11Z,add messages to each of the courses pages see #117,https://github.com/BCStudentSoftwareDevTeam/bcsr/commit/78dbd2b8c3857f7f24dd3a10c07b6ac31de49f54
bcsr,3af6cb7ba5a4743aecd931edb76bf056afd46d96,memo330179,User,memo330179,2016-08-15T15:23:46Z,add abort(403) for unauthorized access to certain pages,https://github.com/BCStudentSoftwareDevTeam/bcsr/commit/3af6cb7ba5a4743aecd931edb76bf056afd46d96
bcsr,de3d8d2644ec8319d27f9e9e2eb11cd2947f5c57,memo330179,User,memo330179,2016-08-13T01:14:53Z,working 404 page,https://github.com/BCStudentSoftwareDevTeam/bcsr/commit/de3d8d2644ec8319d27f9e9e2eb11cd2947f5c57
bcsr,d061fd3fb9bbe0b70e462051c434226e463af2fb,memo330179,User,memo330179,2016-08-12T21:38:54Z,semi working 404 page,https://github.com/BCStudentSoftwareDevTeam/bcsr/commit/d061fd3fb9bbe0b70e462051c434226e463af2fb
bcsr,ebbff7ffb6215475dc35649c964f846ca11e95a6,memo330179,User,memo330179,2016-08-12T18:55:36Z,add error handling for errors 404 and 404 #20,https://github.com/BCStudentSoftwareDevTeam/bcsr/commit/ebbff7ffb6215475dc35649c964f846ca11e95a6
bcsr,4da2ace0dfc4af9887aec2733a915b03c0899d8b,memo330179,User,memo330179,2016-08-12T18:17:47Z,change colors to make bcsr unique,https://github.com/BCStudentSoftwareDevTeam/bcsr/commit/4da2ace0dfc4af9887aec2733a915b03c0899d8b
bcsr,2c810b4626e07e6a3f959b2351dc070c7c3f728c,memo330179,User,memo330179,2016-08-12T16:06:01Z,log all the user interfaces see #21,https://github.com/BCStudentSoftwareDevTeam/bcsr/commit/2c810b4626e07e6a3f959b2351dc070c7c3f728c
bcsr,8331c230f2808bfd587fa91ba8b013afb0a91cdb,memo330179,User,memo330179,2016-08-12T14:54:05Z,add logging for uploads of files,https://github.com/BCStudentSoftwareDevTeam/bcsr/commit/8331c230f2808bfd587fa91ba8b013afb0a91cdb
bcsr,069091778853cfa91b7cf31b06369bba88fe8d1f,memo330179,User,memo330179,2016-08-12T14:17:18Z,Add logging to deadline management,https://github.com/BCStudentSoftwareDevTeam/bcsr/commit/069091778853cfa91b7cf31b06369bba88fe8d1f
bcsr,102bdcf0d48653bebf37d9530b0ffe77bcbeef9a,memo330179,User,memo330179,2016-08-11T20:17:17Z,zip only the syllabus for a particular semester,https://github.com/BCStudentSoftwareDevTeam/bcsr/commit/102bdcf0d48653bebf37d9530b0ffe77bcbeef9a
bcsr,506c075b852c43149e0b26482cfa59fbde0b8d35,memo330179,User,memo330179,2016-08-11T18:40:26Z,change request type so that flies will load,https://github.com/BCStudentSoftwareDevTeam/bcsr/commit/506c075b852c43149e0b26482cfa59fbde0b8d35
bcsr,3a25764dedf9ce326d42b50e5843fa5105c9a730,memo330179,User,memo330179,2016-08-11T17:58:41Z,make sidebar functional for archive,https://github.com/BCStudentSoftwareDevTeam/bcsr/commit/3a25764dedf9ce326d42b50e5843fa5105c9a730
bcsr,cf48b37bb7caa39581d34d6e3e0a2d95e7f6a851,memo330179,User,memo330179,2016-08-11T14:57:07Z,add styling to the delete,https://github.com/BCStudentSoftwareDevTeam/bcsr/commit/cf48b37bb7caa39581d34d6e3e0a2d95e7f6a851
bcsr,aab702b0e5ad6f663929a0f8d0776de73c9d22df,memo330179,User,memo330179,2016-08-11T14:42:39Z,get rid of extra script calls,https://github.com/BCStudentSoftwareDevTeam/bcsr/commit/aab702b0e5ad6f663929a0f8d0776de73c9d22df
bcsr,40bb2ea50cfa3fecbb6e44d8808f28e0c80ef424,memo330179,User,memo330179,2016-08-11T14:40:52Z,add menu animations and styling to the sidebars,https://github.com/BCStudentSoftwareDevTeam/bcsr/commit/40bb2ea50cfa3fecbb6e44d8808f28e0c80ef424
bcsr,c4c38e0358dd882337dd026bf69cbd4f1b46041a,memo330179,User,memo330179,2016-08-11T13:57:24Z,prettify division management sidebar,https://github.com/BCStudentSoftwareDevTeam/bcsr/commit/c4c38e0358dd882337dd026bf69cbd4f1b46041a
bcsr,404f56a44f90cf01d2a5cc31ffd5a909c497a0b9,memo330179,User,memo330179,2016-08-11T03:55:10Z,make division sidebar work as in cas. Needs prettyfication,https://github.com/BCStudentSoftwareDevTeam/bcsr/commit/404f56a44f90cf01d2a5cc31ffd5a909c497a0b9
bcsr,92a5a552a5ec67048b1caeffc47618de9137a85b,memo330179,User,memo330179,2016-08-11T02:32:10Z,change request type,https://github.com/BCStudentSoftwareDevTeam/bcsr/commit/92a5a552a5ec67048b1caeffc47618de9137a85b
bcsr,59003316afd3656080bdfe0d56e85f673b3cc8ef,memo330179,User,memo330179,2016-08-10T23:11:19Z,make delete button work with good looking alert,https://github.com/BCStudentSoftwareDevTeam/bcsr/commit/59003316afd3656080bdfe0d56e85f673b3cc8ef
bcsr,b039dd15398ee4ed7fd39feea0d685f9baac41a8,myersCody,User,myersCody,2016-08-04T19:47:21Z,Fixed the spelling error in models.py,https://github.com/BCStudentSoftwareDevTeam/bcsr/commit/b039dd15398ee4ed7fd39feea0d685f9baac41a8
bcsr,7d6a8d24ebb5ee1c81db90581b7cefff82170985,myersCody,User,myersCody,2016-08-04T19:45:20Z,Fixed mispelling in models.py,https://github.com/BCStudentSoftwareDevTeam/bcsr/commit/7d6a8d24ebb5ee1c81db90581b7cefff82170985
bcsr,9c89f9e9556f06c10219f159eea96cc56e0b6ad8,myersCody,User,myersCody,2016-08-04T19:17:28Z,added a .wsgi file for server user,https://github.com/BCStudentSoftwareDevTeam/bcsr/commit/9c89f9e9556f06c10219f159eea96cc56e0b6ad8
bcsr,a692c8edb69ab9eefae838174490ad45d40290f5,myersCody,User,myersCody,2016-08-04T19:05:58Z,Created dynamic file paths for file locations in app/models.py,https://github.com/BCStudentSoftwareDevTeam/bcsr/commit/a692c8edb69ab9eefae838174490ad45d40290f5
bcsr,2bd0dac607cc736e6ebf4857bf3e3805fd3725f9,myersCody,User,myersCody,2016-08-03T15:41:14Z,Fixed styling of deadline.html,https://github.com/BCStudentSoftwareDevTeam/bcsr/commit/2bd0dac607cc736e6ebf4857bf3e3805fd3725f9
bcsr,95adb2edb1ceb022d20ad07b013ed2ac2c35d064,myersCody,User,myersCody,2016-08-02T18:17:12Z,Remove debugging statements from base.html,https://github.com/BCStudentSoftwareDevTeam/bcsr/commit/95adb2edb1ceb022d20ad07b013ed2ac2c35d064
bcsr,159eda70c3eeee4c18b9c0df5631b0f6f9c94e17,myersCody,User,myersCody,2016-08-02T18:16:41Z,"Fixed a scoping issue with currentPage, and added a jinja variable page",https://github.com/BCStudentSoftwareDevTeam/bcsr/commit/159eda70c3eeee4c18b9c0df5631b0f6f9c94e17
bcsr,8a47e2c71d9da025794b86af0162eadf27d766c6,myersCody,User,myersCody,2016-08-02T17:58:44Z,Added an empty courses.css,https://github.com/BCStudentSoftwareDevTeam/bcsr/commit/8a47e2c71d9da025794b86af0162eadf27d766c6
bcsr,7afe80b6b2c09a56a660c034b530c17b3a0a797b,myersCody,User,myersCody,2016-08-02T17:58:22Z,Had to add a jinja filter in order for the files to be access correctly,https://github.com/BCStudentSoftwareDevTeam/bcsr/commit/7afe80b6b2c09a56a660c034b530c17b3a0a797b
bcsr,2f75c536dfc343d02f10626e032c2ae92abfc3e1,myersCody,User,myersCody,2016-08-02T17:57:45Z,Changed jinja variable from currentPage to page,https://github.com/BCStudentSoftwareDevTeam/bcsr/commit/2f75c536dfc343d02f10626e032c2ae92abfc3e1
bcsr,249255bf84f5b48420a38dd3ae594db1d00a734c,myersCody,User,myersCody,2016-08-02T17:57:14Z,"Fixed scope issue related to currentPage, and added a new jinja variable page",https://github.com/BCStudentSoftwareDevTeam/bcsr/commit/249255bf84f5b48420a38dd3ae594db1d00a734c
bcsr,72ba76bebfddb635d58effea08bd807e982f3a03,myersCody,User,myersCody,2016-08-02T17:23:25Z,Created the functionality to add semesters for admin access,https://github.com/BCStudentSoftwareDevTeam/bcsr/commit/72ba76bebfddb635d58effea08bd807e982f3a03
bcsr,f988a9f399cbb1e35b6d5266f1fff055d289de4a,myersCody,User,myersCody,2016-08-02T16:10:09Z,Started working on the controller for adding a semester to the system,https://github.com/BCStudentSoftwareDevTeam/bcsr/commit/f988a9f399cbb1e35b6d5266f1fff055d289de4a
bcsr,b628b7262602415c1d0196d31e5be9ece08a21ed,myersCody,User,myersCody,2016-08-02T16:09:11Z,Added the term names to the config.yaml,https://github.com/BCStudentSoftwareDevTeam/bcsr/commit/b628b7262602415c1d0196d31e5be9ece08a21ed
bcsr,a9741f8e59cc5c7ff0c299b0dcd21288d27c7f4a,myersCody,User,myersCody,2016-08-02T14:45:24Z,Added an archiveSidebar.html,https://github.com/BCStudentSoftwareDevTeam/bcsr/commit/a9741f8e59cc5c7ff0c299b0dcd21288d27c7f4a
bcsr,78d6ada60753c5d6a0eeff4382397a597a0fc6f2,myersCody,User,myersCody,2016-07-26T14:19:22Z,"The delete button now works, still needs styling attached to it",https://github.com/BCStudentSoftwareDevTeam/bcsr/commit/78d6ada60753c5d6a0eeff4382397a597a0fc6f2
bcsr,4099df45433080a61b20e06a5d75c37f1f99ec50,memo330179,User,memo330179,2016-07-22T20:53:04Z,change the color to look like cas,https://github.com/BCStudentSoftwareDevTeam/bcsr/commit/4099df45433080a61b20e06a5d75c37f1f99ec50
bcsr,f445676d95da25a1ee9a5f1e760eb0c12c69aea0,myersCody,User,myersCody,2016-07-22T20:37:20Z,Downloading a zip file is now completely functional,https://github.com/BCStudentSoftwareDevTeam/bcsr/commit/f445676d95da25a1ee9a5f1e760eb0c12c69aea0
bcsr,252c1205bd25359d9d51b1f43ffdaa4c9e0e5970,myersCody,User,myersCody,2016-07-22T20:03:39Z,"Zip a semester is now working however, I need to reduce the file path structure",https://github.com/BCStudentSoftwareDevTeam/bcsr/commit/252c1205bd25359d9d51b1f43ffdaa4c9e0e5970
bcsr,fc77ada35414db5b5441f808ab6a5e057c0068fe,memo330179,User,memo330179,2016-07-22T19:41:07Z,make sidebar semi-responsive,https://github.com/BCStudentSoftwareDevTeam/bcsr/commit/fc77ada35414db5b5441f808ab6a5e057c0068fe
bcsr,0cb3f91f2ee45c60e508ac2b52221335b279157a,memo330179,User,memo330179,2016-07-22T18:01:37Z,make the sidebar work on smaller screens,https://github.com/BCStudentSoftwareDevTeam/bcsr/commit/0cb3f91f2ee45c60e508ac2b52221335b279157a
bcsr,5166171b9a52cdc0f08b0c463bb3d5c462667921,myersCody,User,myersCody,2016-07-22T15:54:05Z,Removed extra caret from navbar,https://github.com/BCStudentSoftwareDevTeam/bcsr/commit/5166171b9a52cdc0f08b0c463bb3d5c462667921
bcsr,f156ecd6fdd8f52482d3c4fec6fa8270444609ea,memo330179,User,memo330179,2016-07-22T15:34:17Z,add sidebar to edit division,https://github.com/BCStudentSoftwareDevTeam/bcsr/commit/f156ecd6fdd8f52482d3c4fec6fa8270444609ea
bcsr,3e31406bb6130b42ea60c88f345dd13c1dbe9e4e,myersCody,User,myersCody,2016-07-22T15:22:32Z,Controller and View is complete for system management,https://github.com/BCStudentSoftwareDevTeam/bcsr/commit/3e31406bb6130b42ea60c88f345dd13c1dbe9e4e
bcsr,f59b9656a9097979ca6aca4566d163074d7a1a42,myersCody,User,myersCody,2016-07-22T14:11:52Z,Creating the controller and advanced the html for the system managment functionality,https://github.com/BCStudentSoftwareDevTeam/bcsr/commit/f59b9656a9097979ca6aca4566d163074d7a1a42
bcsr,8a0d340c269aab0efe2638841c219b00d33b3fa5,myersCody,User,myersCody,2016-07-22T13:46:21Z,Created the basics for the system management page,https://github.com/BCStudentSoftwareDevTeam/bcsr/commit/8a0d340c269aab0efe2638841c219b00d33b3fa5
bcsr,abc4cad8850663dc117be13ca5e0f2a59cdc5693,myersCody,User,myersCody,2016-07-22T03:04:46Z,Replaced the sidebar css and js,https://github.com/BCStudentSoftwareDevTeam/bcsr/commit/abc4cad8850663dc117be13ca5e0f2a59cdc5693
bcsr,a887c4770cefec8b77e6ae8b4be9be4fde760278,memo330179,User,memo330179,2016-07-21T21:05:01Z,add admin option edit program/divison chairs need #6 and #7,https://github.com/BCStudentSoftwareDevTeam/bcsr/commit/a887c4770cefec8b77e6ae8b4be9be4fde760278
bcsr,d84e53d3f33b880e230a6cd3822e15d5144e9360,memo330179,User,memo330179,2016-07-21T21:02:45Z,add deadlines identical to those of cas,https://github.com/BCStudentSoftwareDevTeam/bcsr/commit/d84e53d3f33b880e230a6cd3822e15d5144e9360
bcsr,6e1c28730cca828351d454b6b6c1b4508677fe2c,myersCody,User,myersCody,2016-07-21T16:06:11Z,getCourses no longer has create_dictionaries,https://github.com/BCStudentSoftwareDevTeam/bcsr/commit/6e1c28730cca828351d454b6b6c1b4508677fe2c
bcsr,e7a27a5a9312edf63e45560e8a5e09ed4a9f7952,myersCody,User,myersCody,2016-07-21T15:58:34Z,Archive Functionality is now complete and working,https://github.com/BCStudentSoftwareDevTeam/bcsr/commit/e7a27a5a9312edf63e45560e8a5e09ed4a9f7952
bcsr,afdfa32f3cda42e9b7e812ab6fbabd800f8a11d4,memo330179,User,memo330179,2016-07-21T15:01:52Z,Courses now works for different users of different userlevels depending on who is logged in see #9,https://github.com/BCStudentSoftwareDevTeam/bcsr/commit/afdfa32f3cda42e9b7e812ab6fbabd800f8a11d4
bcsr,88420269c284a8c85826fbdb2c2dc2c216b37315,myersCody,User,myersCody,2016-07-21T14:59:43Z,Working on Archive functionality,https://github.com/BCStudentSoftwareDevTeam/bcsr/commit/88420269c284a8c85826fbdb2c2dc2c216b37315
bcsr,546628bb113920cc481d15cec1b74fcc272f5185,myersCody,User,myersCody,2016-07-21T14:58:53Z,Creating the archive functionality,https://github.com/BCStudentSoftwareDevTeam/bcsr/commit/546628bb113920cc481d15cec1b74fcc272f5185
bcsr,816400cfa0e3a0978f9d71f54a38e1e31592abf5,myersCody,User,myersCody,2016-07-21T14:57:30Z,Remaid coursesHeader.html using config.yaml then renamed coursesHeader/Footer.html,https://github.com/BCStudentSoftwareDevTeam/bcsr/commit/816400cfa0e3a0978f9d71f54a38e1e31592abf5
bcsr,06151dfe02d64993d109d3db1c20a31fe423902d,myersCody,User,myersCody,2016-07-21T13:54:26Z,Created a getAll.py,https://github.com/BCStudentSoftwareDevTeam/bcsr/commit/06151dfe02d64993d109d3db1c20a31fe423902d
bcsr,e9e005fae6b835aa9e8e8f92f521f38d8a9f7e80,myersCody,User,myersCody,2016-07-19T18:19:05Z,REDESIGN: Changed a few things in download.py and upload.py,https://github.com/BCStudentSoftwareDevTeam/bcsr/commit/e9e005fae6b835aa9e8e8f92f521f38d8a9f7e80
bcsr,f9fe7435789ec3583674f0dda15cad3203db304b,myersCody,User,myersCody,2016-07-19T17:53:46Z,REDESIGN (uploads.py) Moved some of the work out into functions,https://github.com/BCStudentSoftwareDevTeam/bcsr/commit/f9fe7435789ec3583674f0dda15cad3203db304b
bcsr,dcccdbe333009ee7b01cad7465d0522eb22175dd,myersCody,User,myersCody,2016-07-19T17:52:54Z,added files containing uploaded files to the .gitignore,https://github.com/BCStudentSoftwareDevTeam/bcsr/commit/dcccdbe333009ee7b01cad7465d0522eb22175dd
bcsr,8dcc3c1574ba6aaef85659049976dcc6fe88c7d8,Cody Myers,,Cody Myers,2016-07-19T16:55:22Z,README.md edited online with Bitbucket,https://github.com/BCStudentSoftwareDevTeam/bcsr/commit/8dcc3c1574ba6aaef85659049976dcc6fe88c7d8
bcsr,2ae6a30f9d782b497a104c5a016831babc67b8fd,myersCody,User,myersCody,2016-07-19T16:54:23Z,REDESIGN (system) Added additional styling to BCSR,https://github.com/BCStudentSoftwareDevTeam/bcsr/commit/2ae6a30f9d782b497a104c5a016831babc67b8fd
bcsr,4f465d67f10011eca9cbc5b4a35e092f0263b205,myersCody,User,myersCody,2016-06-09T18:02:50Z,"WORING ON: (config.yaml, courses.py) fixed a few bugs, and moved some files to their appropriate location",https://github.com/BCStudentSoftwareDevTeam/bcsr/commit/4f465d67f10011eca9cbc5b4a35e092f0263b205
bcsr,bde44a6978aab688aea6dd154812f44cb46166ab,myersCody,User,myersCody,2016-04-21T21:58:45Z,"WORKING ON: (archive.py, archive.html) Still building the archive system",https://github.com/BCStudentSoftwareDevTeam/bcsr/commit/bde44a6978aab688aea6dd154812f44cb46166ab
bcsr,d0f59d9ad2e5c1712e1b0fa080615cae28b81d6c,myersCody,User,myersCody,2016-04-21T20:43:29Z,ADDED (archive) Added all of the information needed to have an archive page,https://github.com/BCStudentSoftwareDevTeam/bcsr/commit/d0f59d9ad2e5c1712e1b0fa080615cae28b81d6c
bcsr,9ebbf582301dcb9512fd0d7afc4d07ede8308b26,myersCody,User,myersCody,2016-04-21T20:30:58Z,"REDESIGN (base.html, navigation.html) These files are now located inside of the snips folder.",https://github.com/BCStudentSoftwareDevTeam/bcsr/commit/9ebbf582301dcb9512fd0d7afc4d07ede8308b26
bcsr,b72aacae498bb764cc7ef6c0f8d39f00c7b9be97,myersCody,User,myersCody,2016-04-21T20:29:55Z,"FIXED: (courses.py, courses.html) The delete functionality for the syllabi now works",https://github.com/BCStudentSoftwareDevTeam/bcsr/commit/b72aacae498bb764cc7ef6c0f8d39f00c7b9be97
bcsr,a7d07371565cf3b544bf0f7f17a37c9c7dc0e19f,myersCody,User,myersCody,2016-04-20T21:36:26Z,"REDESIGN: (tableRows,tableHeader,tableFooter) I replaced table with courses in the naming convention, also add all of the files to the snips directory",https://github.com/BCStudentSoftwareDevTeam/bcsr/commit/a7d07371565cf3b544bf0f7f17a37c9c7dc0e19f
bcsr,24c4362bfbf2aa1769dd323cede45df620008f54,myersCody,User,myersCody,2016-04-20T21:35:12Z,"UPDATE (courses.py,courses.html,courses.js) The delete modal is now working",https://github.com/BCStudentSoftwareDevTeam/bcsr/commit/24c4362bfbf2aa1769dd323cede45df620008f54
bcsr,fb873cadf0b859d3d24db4acf4ed9023903d8457,myersCody,User,myersCody,2016-04-14T23:37:04Z,"WORKING ON: (courses.html, tablerows.html) I am building a modal for the delete process",https://github.com/BCStudentSoftwareDevTeam/bcsr/commit/fb873cadf0b859d3d24db4acf4ed9023903d8457
bcsr,5a4344e4a65da2593da17ab63b3b6bc6ddbfb1a9,myersCody,User,myersCody,2016-04-14T22:55:10Z,REDESIGN: (system) Added a Last Modified by feature to courses,https://github.com/BCStudentSoftwareDevTeam/bcsr/commit/5a4344e4a65da2593da17ab63b3b6bc6ddbfb1a9
bcsr,fd50abfa09cd989b6b08acca3cf93394e8823d97,myersCody,User,myersCody,2016-04-14T21:32:18Z,FIXED (courses.py) There was an error with the spaces in the filepath saved in the database,https://github.com/BCStudentSoftwareDevTeam/bcsr/commit/fd50abfa09cd989b6b08acca3cf93394e8823d97
bcsr,94770ae884869318e7e9c5b23245b511e2703356,myersCody,User,myersCody,2016-04-14T21:17:19Z,UPDATE: (courses.py)--> The uploading and downloading functionality is now working,https://github.com/BCStudentSoftwareDevTeam/bcsr/commit/94770ae884869318e7e9c5b23245b511e2703356
bcsr,813e886e99e4fbb135f82839316c6b7c8739d3be,myersCody,User,myersCody,2016-04-13T22:28:43Z,"UPDATE: (courses.py, courses.js, courses.html) The upload functionality is now working",https://github.com/BCStudentSoftwareDevTeam/bcsr/commit/813e886e99e4fbb135f82839316c6b7c8739d3be
bcsr,9d1edca4e544541a72a2ff9c3a36a44a00fb57c8,myersCody,User,myersCody,2016-04-08T00:50:18Z,WORKING ON:(courses.py) Still working on uploads. Left in a much better place just have to save file to upload directory then it will be complete,https://github.com/BCStudentSoftwareDevTeam/bcsr/commit/9d1edca4e544541a72a2ff9c3a36a44a00fb57c8
bcsr,5f457dcb5d042c660c91f0640ed531701de7c413,myersCody,User,myersCody,2016-04-08T00:48:20Z,ADDED:(data) to config,https://github.com/BCStudentSoftwareDevTeam/bcsr/commit/5f457dcb5d042c660c91f0640ed531701de7c413
bcsr,5e882b9a123b152c9f4e318bf73a30e6f944f4ba,myersCody,User,myersCody,2016-04-07T01:21:34Z,UPDATED:(bootstrap) added current version of bootstrap to the css and the js directories,https://github.com/BCStudentSoftwareDevTeam/bcsr/commit/5e882b9a123b152c9f4e318bf73a30e6f944f4ba
bcsr,3b60ce0ed41ec434ef4f91720d2b4b753b0d0ec9,myersCody,User,myersCody,2016-04-07T01:20:25Z,FIXED:(mispelling on courses.py),https://github.com/BCStudentSoftwareDevTeam/bcsr/commit/3b60ce0ed41ec434ef4f91720d2b4b753b0d0ec9
bcsr,38dbcb8e1c9b332d20cc6a95be9935781c45a552,myersCody,User,myersCody,2016-04-07T01:15:41Z,ADDED:(new variables) to the config,https://github.com/BCStudentSoftwareDevTeam/bcsr/commit/38dbcb8e1c9b332d20cc6a95be9935781c45a552
bcsr,11fe0e3c60d3919a9543ba3a15770549b7a825de,myersCody,User,myersCody,2016-04-07T01:14:37Z,WORKING ON:(courses.py) I have moved the file uploading system into courses.py. The file handling system however is still incomplete,https://github.com/BCStudentSoftwareDevTeam/bcsr/commit/11fe0e3c60d3919a9543ba3a15770549b7a825de
bcsr,636a6b0a695ea9276756cf8c6d03513e9f59d820,myersCody,User,myersCody,2016-04-07T01:12:09Z,ADDED:(tableRows.html) this file reduces repeated code within the courses.html file,https://github.com/BCStudentSoftwareDevTeam/bcsr/commit/636a6b0a695ea9276756cf8c6d03513e9f59d820
bcsr,9934d6c132650a8ce4c721dee6567943c306afc8,myersCody,User,myersCody,2016-03-28T20:49:39Z,UPDATED: (create_db.py) Added some additional users,https://github.com/BCStudentSoftwareDevTeam/bcsr/commit/9934d6c132650a8ce4c721dee6567943c306afc8
bcsr,f7b8db2959cb1c1a146698dc031fecc0bc3cd793,myersCody,User,myersCody,2016-03-28T20:43:31Z,UPDATED: (create_db.py) Added Some more dummy data into the database,https://github.com/BCStudentSoftwareDevTeam/bcsr/commit/f7b8db2959cb1c1a146698dc031fecc0bc3cd793
bcsr,31c71c9390becde3a8967a0e9448767b5693b7b1,myersCody,User,myersCody,2016-03-28T20:41:52Z,FIXED: (courses.py) Corrected a bug that was showing every program for each division on the admin view,https://github.com/BCStudentSoftwareDevTeam/bcsr/commit/31c71c9390becde3a8967a0e9448767b5693b7b1
bcsr,967dcdb4d8d30b47e5042b049309a22eca0cdd63,myersCody,User,myersCody,2016-03-28T20:21:35Z,"FIXED: (courses.py) Still working on this file, however it currently is in a working state for admin however it needs work for every other access level",https://github.com/BCStudentSoftwareDevTeam/bcsr/commit/967dcdb4d8d30b47e5042b049309a22eca0cdd63
bcsr,0ce7931405dda9dfee3960ae556a51cc8bbff1fb,myersCody,User,myersCody,2016-03-28T20:20:03Z,UPDATED: (Database) Created some defaults for certain fields.,https://github.com/BCStudentSoftwareDevTeam/bcsr/commit/0ce7931405dda9dfee3960ae556a51cc8bbff1fb
bcsr,8cb74c40bba5be2439e366f5c748c152b413631e,myersCody,User,myersCody,2016-03-28T20:18:30Z,"ADDED: (tableHeader.html, tableFooter.html) Create basic templates for how the tables should look",https://github.com/BCStudentSoftwareDevTeam/bcsr/commit/8cb74c40bba5be2439e366f5c748c152b413631e
bcsr,82227d810a15535c61b92de00989ced226765a4d,myersCody,User,myersCody,2016-03-21T20:12:27Z,"WORKING ON:(courses.py, users.py) CURRENTLY IN A BROKEN STATE. trying to create views based off of the user level",https://github.com/BCStudentSoftwareDevTeam/bcsr/commit/82227d810a15535c61b92de00989ced226765a4d
bcsr,d4d7f0651a315370ab86bad44696db9ab77ecf61,myersCody,User,myersCody,2016-03-21T20:09:31Z,made an error.html to hold all of our error messages at,https://github.com/BCStudentSoftwareDevTeam/bcsr/commit/d4d7f0651a315370ab86bad44696db9ab77ecf61
bcsr,a384d2b7979d7a39b16e4b45f3b4dcf510184d58,myersCody,User,myersCody,2016-03-17T21:20:46Z,UPDATE: Still modifiying files due to the restructuring of the Database,https://github.com/BCStudentSoftwareDevTeam/bcsr/commit/a384d2b7979d7a39b16e4b45f3b4dcf510184d58
bcsr,80a8dec20795413c0ca1fa91edb4298313751cf4,myersCody,User,myersCody,2016-03-16T21:46:55Z,"REDESIGN:(Database) We redesigned our database structure to be simplier which lead to modifications on (models.py, config.yaml, create_db.py)",https://github.com/BCStudentSoftwareDevTeam/bcsr/commit/80a8dec20795413c0ca1fa91edb4298313751cf4
bcsr,30e3fb5017cab38c48abedcbc6d2f03323d852c0,myersCody,User,myersCody,2016-03-10T00:17:55Z,"WORKING ON: (courses.py, courses.html) CURRENTLY IN BROKEN STATE! Trying to fix the administration table view",https://github.com/BCStudentSoftwareDevTeam/bcsr/commit/30e3fb5017cab38c48abedcbc6d2f03323d852c0
bcsr,a0cd6d45745e91ab999bfcb581c06c28504bd9b2,myersCody,User,myersCody,2016-03-10T00:15:38Z,UPDATED: the peewee styling on user.py,https://github.com/BCStudentSoftwareDevTeam/bcsr/commit/a0cd6d45745e91ab999bfcb581c06c28504bd9b2
bcsr,b5d3a2a9a4b594018ec6716337306538e92e2e22,myersCody,User,myersCody,2016-03-10T00:13:40Z,ADDED: (-- update) to the pip commands),https://github.com/BCStudentSoftwareDevTeam/bcsr/commit/b5d3a2a9a4b594018ec6716337306538e92e2e22
bcsr,d5eba1fe803cf711cb46652cfa7ff7509c4c49fc,myersCody,User,myersCody,2016-03-10T00:11:07Z,ADDED: dummy data to create_db.py,https://github.com/BCStudentSoftwareDevTeam/bcsr/commit/d5eba1fe803cf711cb46652cfa7ff7509c4c49fc
bcsr,2fa9d553daaf40ea1f1dd731ef5988e41a1bac27,myersCody,User,myersCody,2016-03-10T00:09:30Z,ADDED: a column to the courses table in models.py,https://github.com/BCStudentSoftwareDevTeam/bcsr/commit/2fa9d553daaf40ea1f1dd731ef5988e41a1bac27
bcsr,736dc94198ce27aea96e5071a73ae4c01bee4882,myersCody,User,myersCody,2016-03-09T16:46:30Z,"WORKING ON: (courses.py, courses.html) Not Completed",https://github.com/BCStudentSoftwareDevTeam/bcsr/commit/736dc94198ce27aea96e5071a73ae4c01bee4882
bcsr,0ac9c18abd6cb6bc2dccad8cbab7d734cfc36f17,myersCody,User,myersCody,2016-03-09T16:45:03Z,"UPDATED: (config.yaml,models.py,create_db.py) Changed some of the naming convention for the databases",https://github.com/BCStudentSoftwareDevTeam/bcsr/commit/0ac9c18abd6cb6bc2dccad8cbab7d734cfc36f17
bcsr,0d72058d87e29e07fa29118a6738ab26cf120478,myersCody,User,myersCody,2016-03-09T14:52:56Z,"FIXED: (models.py, create_db.py) -> Missed renaming a few variables to the new naming convention",https://github.com/BCStudentSoftwareDevTeam/bcsr/commit/0d72058d87e29e07fa29118a6738ab26cf120478
bcsr,7c83445486fd092165781c92d9e0cabdbd651d48,myersCody,User,myersCody,2016-03-09T14:45:27Z,Renamed Some Files,https://github.com/BCStudentSoftwareDevTeam/bcsr/commit/7c83445486fd092165781c92d9e0cabdbd651d48
bcsr,45f4badab8718aaa95fb0e4d4ad0f80f30b779e2,myersCody,User,myersCody,2016-03-09T14:43:56Z,"CHANGED: (models.py, create_db.py, config.yaml) Redesiged the naming convention for the database classes. Then modified the following pages to implement the new naming convention.",https://github.com/BCStudentSoftwareDevTeam/bcsr/commit/45f4badab8718aaa95fb0e4d4ad0f80f30b779e2
bcsr,1c4714afff589cc93ed4624c1ffd24937231b1b3,myersCody,User,myersCody,2016-03-09T14:39:40Z,CHANGED: getUserData.py -> renamed to users.py,https://github.com/BCStudentSoftwareDevTeam/bcsr/commit/1c4714afff589cc93ed4624c1ffd24937231b1b3
bcsr,68b3e88fc78b75521a53f217f2d3c0d921337e60,myersCody,User,myersCody,2016-03-09T13:08:27Z,FIXED: imports on courses.py,https://github.com/BCStudentSoftwareDevTeam/bcsr/commit/68b3e88fc78b75521a53f217f2d3c0d921337e60
bcsr,d21540524c482ddfad29f8440a7b5d0b15cd6ba5,myersCody,User,myersCody,2016-03-09T13:04:24Z,"ADDED: courses.html, courses.py. Then added the appropriate links within init.py and index.htmml",https://github.com/BCStudentSoftwareDevTeam/bcsr/commit/d21540524c482ddfad29f8440a7b5d0b15cd6ba5
bcsr,6fc0c36d686aed89e5f713ebe60eeaa9e35d8855,myersCody,User,myersCody,2016-03-08T22:49:11Z,"CHANGED: Had to change the naming convention of classes on Models.py, in order to get create_db.py to work. Which lead to me changing various files in order to ensure they were on sync",https://github.com/BCStudentSoftwareDevTeam/bcsr/commit/6fc0c36d686aed89e5f713ebe60eeaa9e35d8855
bcsr,fc29a082450ec182e2154afa9250140908d75e97,myersCody,User,myersCody,2016-03-08T22:20:02Z,getUserData.py contains functions that can be used to get user information,https://github.com/BCStudentSoftwareDevTeam/bcsr/commit/fc29a082450ec182e2154afa9250140908d75e97
bcsr,c16da1add9329a523da290d2363c906262bcd148,myersCody,User,myersCody,2016-03-08T21:51:25Z,Added courses to the navbar on config.yaml,https://github.com/BCStudentSoftwareDevTeam/bcsr/commit/c16da1add9329a523da290d2363c906262bcd148
bcsr,460881623b176f2df7e28b87b6203646081473c0,myersCody,User,myersCody,2016-03-08T21:49:10Z,created html and py files for the courses page,https://github.com/BCStudentSoftwareDevTeam/bcsr/commit/460881623b176f2df7e28b87b6203646081473c0
bcsr,de4cc62bd2a08880a71ae321e3a2eda38a617150,myersCody,User,myersCody,2016-03-08T21:47:54Z,added empty js files for index and courses page,https://github.com/BCStudentSoftwareDevTeam/bcsr/commit/de4cc62bd2a08880a71ae321e3a2eda38a617150
bcsr,c97abb7c0ff2c65ae8f7a13c18f05bbcd1e836f4,myersCody,User,myersCody,2016-03-08T21:43:39Z,Made some minor changes to index.py,https://github.com/BCStudentSoftwareDevTeam/bcsr/commit/c97abb7c0ff2c65ae8f7a13c18f05bbcd1e836f4
bcsr,c8b2e53b14ea9adc8e617ff902bf4403cb2d047e,myersCody,User,myersCody,2016-03-08T21:23:54Z,fixed a redirect error on index.py,https://github.com/BCStudentSoftwareDevTeam/bcsr/commit/c8b2e53b14ea9adc8e617ff902bf4403cb2d047e
bcsr,12f0ad56dd06e4425b4a658f243146f372ab2d38,myersCody,User,myersCody,2016-03-08T21:17:39Z,CHANGED: models.py --> Forgot that python was a top down language so I had to modify the order in which I created the classes for the data tables,https://github.com/BCStudentSoftwareDevTeam/bcsr/commit/12f0ad56dd06e4425b4a658f243146f372ab2d38
bcsr,68fba55c62d03d34ec236420b7d2ab5235decedb,myersCody,User,myersCody,2016-03-08T21:16:25Z,Added the BCSR.jpg and created a directory for it,https://github.com/BCStudentSoftwareDevTeam/bcsr/commit/68fba55c62d03d34ec236420b7d2ab5235decedb
bcsr,824bdf2db88fa949a5afbd74a39c150cb7dfb159,myersCody,User,myersCody,2016-03-08T21:15:22Z,CHANGED: setup.sh --> Had to add sudo infront of the pip commands in order for them to correctly install the software we needed for venv,https://github.com/BCStudentSoftwareDevTeam/bcsr/commit/824bdf2db88fa949a5afbd74a39c150cb7dfb159
bcsr,afe88af40070f8391ca26b4fb00c022194f158e8,myersCody,User,myersCody,2016-03-08T21:13:42Z,Added base and navigation html,https://github.com/BCStudentSoftwareDevTeam/bcsr/commit/afe88af40070f8391ca26b4fb00c022194f158e8
bcsr,14ee79100056a597014622cc790652f829cc1102,myersCody,User,myersCody,2016-03-08T21:12:23Z,Added the index changes to init.py and config.yaml,https://github.com/BCStudentSoftwareDevTeam/bcsr/commit/14ee79100056a597014622cc790652f829cc1102
bcsr,e7c579c696a6b746d181f661e17b868b514edecf,myersCody,User,myersCody,2016-03-08T21:11:00Z,Started working on the index page,https://github.com/BCStudentSoftwareDevTeam/bcsr/commit/e7c579c696a6b746d181f661e17b868b514edecf
bcsr,e1f7e89b7ff3c90e5657babf0329052578761e28,myersCody,User,myersCody,2016-03-07T20:27:35Z,Added some dummy data to create_db.py,https://github.com/BCStudentSoftwareDevTeam/bcsr/commit/e1f7e89b7ff3c90e5657babf0329052578761e28
bcsr,1c252a45a617b52ca7e2b18885e8f708176a5859,myersCody,User,myersCody,2016-03-07T19:49:35Z,Added more config files for virtual machine setup,https://github.com/BCStudentSoftwareDevTeam/bcsr/commit/1c252a45a617b52ca7e2b18885e8f708176a5859
bcsr,49233cf21be862c2a3c0b5e2b30fcd6d7314127c,myersCody,User,myersCody,2016-03-07T19:42:37Z,Added all of the files needed for the virtual machine,https://github.com/BCStudentSoftwareDevTeam/bcsr/commit/49233cf21be862c2a3c0b5e2b30fcd6d7314127c
bcsr,2b29423f1f90effb593226bf5050242f4346d57c,myersCody,User,myersCody,2016-03-07T19:29:26Z,Added the data tables to models.py and config.yaml,https://github.com/BCStudentSoftwareDevTeam/bcsr/commit/2b29423f1f90effb593226bf5050242f4346d57c
bcsr,0789cc0d9edc5e2357b6b06d159c2aba874a8642,myersCody,User,myersCody,2016-03-07T18:40:36Z,added some of the config files,https://github.com/BCStudentSoftwareDevTeam/bcsr/commit/0789cc0d9edc5e2357b6b06d159c2aba874a8642
bcsr,fa7aefa4259197bf2171b60851a24c2636f92da6,myersCody,User,myersCody,2016-03-07T18:29:05Z,added all of the javascript,https://github.com/BCStudentSoftwareDevTeam/bcsr/commit/fa7aefa4259197bf2171b60851a24c2636f92da6
bcsr,c42e4a94f0b5d56d644bc2b38d5d629b6530fe72,myersCody,User,myersCody,2016-03-07T18:25:17Z,add all of the css files,https://github.com/BCStudentSoftwareDevTeam/bcsr/commit/c42e4a94f0b5d56d644bc2b38d5d629b6530fe72
bcsr,05ae6cb765f69afec302a91209ba2542a7fabf73,myersCody,User,myersCody,2016-03-07T18:08:40Z,added app.py and create_db.py,https://github.com/BCStudentSoftwareDevTeam/bcsr/commit/05ae6cb765f69afec302a91209ba2542a7fabf73
bcsr,6c8c6de9980a15e9522ff0ea4f9199f2c6445845,Cody Myers,,Cody Myers,2016-03-07T17:36:07Z,Initial commit with contributors,https://github.com/BCStudentSoftwareDevTeam/bcsr/commit/6c8c6de9980a15e9522ff0ea4f9199f2c6445845
